category,machine,mode,language,impl,variant,memory_model,optimization_type,optimization_param,fp,nx,ny,nz,N,time_sec,performance_gflops,error,real_sec,user_sec,sys_sec,source_file
non-Kokkos,miyabi,gpu,cpp,openacc,auto.def,managed,baseline,,32,32,32,32,32768,2.922520e-01,47.76235,4.777080e-06,,,,Miyabi/A1.C++.acc.auto.def/log/bench.gpu.32_run.csv
non-Kokkos,miyabi,gpu,cpp,openacc,auto.def,managed,baseline,,32,64,64,64,262144,8.809200e-02,316.9106,1.214079e-05,,,,Miyabi/A1.C++.acc.auto.def/log/bench.gpu.32_run.csv
non-Kokkos,miyabi,gpu,cpp,openacc,auto.def,managed,baseline,,32,128,128,128,2097152,4.832500e-02,1155.397,4.813602e-06,,,,Miyabi/A1.C++.acc.auto.def/log/bench.gpu.32_run.csv
non-Kokkos,miyabi,gpu,cpp,openacc,auto.def,managed,baseline,,32,256,256,256,16777216,7.453000e-02,1498.311,1.186005e-06,,,,Miyabi/A1.C++.acc.auto.def/log/bench.gpu.32_run.csv
non-Kokkos,miyabi,gpu,cpp,openacc,auto.def,managed,baseline,,32,512,512,512,134217728,1.661220e-01,1344.423,3.069118e-07,,,,Miyabi/A1.C++.acc.auto.def/log/bench.gpu.32_run.csv
non-Kokkos,miyabi,gpu,cpp,openacc,auto.def,managed,baseline,,64,32,32,32,32768,2.618220e-01,53.31349,4.342730e-15,,,,Miyabi/A1.C++.acc.auto.def/log/bench.gpu.64_run.csv
non-Kokkos,miyabi,gpu,cpp,openacc,auto.def,managed,baseline,,64,64,64,64,262144,7.986000e-02,349.5779,1.448847e-07,,,,Miyabi/A1.C++.acc.auto.def/log/bench.gpu.64_run.csv
non-Kokkos,miyabi,gpu,cpp,openacc,auto.def,managed,baseline,,64,128,128,128,2097152,5.042400e-02,1107.302,4.691528e-06,,,,Miyabi/A1.C++.acc.auto.def/log/bench.gpu.64_run.csv
non-Kokkos,miyabi,gpu,cpp,openacc,auto.def,managed,baseline,,64,256,256,256,16777216,9.654800e-02,1156.618,1.877011e-07,,,,Miyabi/A1.C++.acc.auto.def/log/bench.gpu.64_run.csv
non-Kokkos,miyabi,gpu,cpp,openacc,auto.def,managed,baseline,,64,512,512,512,134217728,2.919240e-01,765.0563,7.088435e-09,,,,Miyabi/A1.C++.acc.auto.def/log/bench.gpu.64_run.csv
non-Kokkos,miyabi,uni,cpp,openacc,auto.def,unified,baseline,,32,32,32,32,32768,2.600840e-01,53.66975,4.777080e-06,,,,Miyabi/A1.C++.acc.auto.def/log/bench.uni.32_run.csv
non-Kokkos,miyabi,uni,cpp,openacc,auto.def,unified,baseline,,32,64,64,64,262144,7.830900e-02,356.5016,1.214079e-05,,,,Miyabi/A1.C++.acc.auto.def/log/bench.uni.32_run.csv
non-Kokkos,miyabi,uni,cpp,openacc,auto.def,unified,baseline,,32,128,128,128,2097152,4.662500e-02,1197.524,4.813602e-06,,,,Miyabi/A1.C++.acc.auto.def/log/bench.uni.32_run.csv
non-Kokkos,miyabi,uni,cpp,openacc,auto.def,unified,baseline,,32,256,256,256,16777216,8.016300e-02,1393.026,1.186005e-06,,,,Miyabi/A1.C++.acc.auto.def/log/bench.uni.32_run.csv
non-Kokkos,miyabi,uni,cpp,openacc,auto.def,unified,baseline,,32,512,512,512,134217728,2.362150e-01,945.4874,3.069118e-07,,,,Miyabi/A1.C++.acc.auto.def/log/bench.uni.32_run.csv
non-Kokkos,miyabi,uni,cpp,openacc,auto.def,unified,baseline,,64,32,32,32,32768,2.632060e-01,53.03315,4.342730e-15,,,,Miyabi/A1.C++.acc.auto.def/log/bench.uni.64_run.csv
non-Kokkos,miyabi,uni,cpp,openacc,auto.def,unified,baseline,,64,64,64,64,262144,7.972400e-02,350.1742,1.448847e-07,,,,Miyabi/A1.C++.acc.auto.def/log/bench.uni.64_run.csv
non-Kokkos,miyabi,uni,cpp,openacc,auto.def,unified,baseline,,64,128,128,128,2097152,5.215900e-02,1070.469,4.691528e-06,,,,Miyabi/A1.C++.acc.auto.def/log/bench.uni.64_run.csv
non-Kokkos,miyabi,uni,cpp,openacc,auto.def,unified,baseline,,64,256,256,256,16777216,9.333400e-02,1196.447,1.877011e-07,,,,Miyabi/A1.C++.acc.auto.def/log/bench.uni.64_run.csv
non-Kokkos,miyabi,uni,cpp,openacc,auto.def,unified,baseline,,64,512,512,512,134217728,2.801540e-01,797.1983,7.088435e-09,,,,Miyabi/A1.C++.acc.auto.def/log/bench.uni.64_run.csv
non-Kokkos,miyabi,gpu,cpp,openacc,auto.opt,managed,nthreads,NTHREADS=128,32,32,32,32,32768,2.954280e-01,47.24889,4.777080e-06,,,,Miyabi/A2.C++.acc.auto.opt/log/bench.gpu.32_run.csv
non-Kokkos,miyabi,gpu,cpp,openacc,auto.opt,managed,nthreads,NTHREADS=128,32,64,64,64,262144,8.734800e-02,319.6099,1.214079e-05,,,,Miyabi/A2.C++.acc.auto.opt/log/bench.gpu.32_run.csv
non-Kokkos,miyabi,gpu,cpp,openacc,auto.opt,managed,nthreads,NTHREADS=128,32,128,128,128,2097152,4.777400e-02,1168.723,4.813602e-06,,,,Miyabi/A2.C++.acc.auto.opt/log/bench.gpu.32_run.csv
non-Kokkos,miyabi,gpu,cpp,openacc,auto.opt,managed,nthreads,NTHREADS=128,32,256,256,256,16777216,7.434300e-02,1502.08,1.186005e-06,,,,Miyabi/A2.C++.acc.auto.opt/log/bench.gpu.32_run.csv
non-Kokkos,miyabi,gpu,cpp,openacc,auto.opt,managed,nthreads,NTHREADS=128,32,512,512,512,134217728,1.663330e-01,1342.718,3.069118e-07,,,,Miyabi/A2.C++.acc.auto.opt/log/bench.gpu.32_run.csv
non-Kokkos,miyabi,gpu,cpp,openacc,auto.opt,managed,nthreads,NTHREADS=128,64,32,32,32,32768,2.943350e-01,47.42434,4.342730e-15,,,,Miyabi/A2.C++.acc.auto.opt/log/bench.gpu.64_run.csv
non-Kokkos,miyabi,gpu,cpp,openacc,auto.opt,managed,nthreads,NTHREADS=128,64,64,64,64,262144,8.879800e-02,314.3909,1.448847e-07,,,,Miyabi/A2.C++.acc.auto.opt/log/bench.gpu.64_run.csv
non-Kokkos,miyabi,gpu,cpp,openacc,auto.opt,managed,nthreads,NTHREADS=128,64,128,128,128,2097152,5.123000e-02,1089.88,4.691528e-06,,,,Miyabi/A2.C++.acc.auto.opt/log/bench.gpu.64_run.csv
non-Kokkos,miyabi,gpu,cpp,openacc,auto.opt,managed,nthreads,NTHREADS=128,64,256,256,256,16777216,8.422900e-02,1325.78,1.877011e-07,,,,Miyabi/A2.C++.acc.auto.opt/log/bench.gpu.64_run.csv
non-Kokkos,miyabi,gpu,cpp,openacc,auto.opt,managed,nthreads,NTHREADS=128,64,512,512,512,134217728,2.056500e-01,1086.012,7.088435e-09,,,,Miyabi/A2.C++.acc.auto.opt/log/bench.gpu.64_run.csv
non-Kokkos,miyabi,uni,cpp,openacc,auto.opt,unified,nthreads,NTHREADS=128,32,32,32,32,32768,2.594560e-01,53.79966,4.777080e-06,,,,Miyabi/A2.C++.acc.auto.opt/log/bench.uni.32_run.csv
non-Kokkos,miyabi,uni,cpp,openacc,auto.opt,unified,nthreads,NTHREADS=128,32,64,64,64,262144,7.948700e-02,351.2183,1.214079e-05,,,,Miyabi/A2.C++.acc.auto.opt/log/bench.uni.32_run.csv
non-Kokkos,miyabi,uni,cpp,openacc,auto.opt,unified,nthreads,NTHREADS=128,32,128,128,128,2097152,4.700100e-02,1187.944,4.813602e-06,,,,Miyabi/A2.C++.acc.auto.opt/log/bench.uni.32_run.csv
non-Kokkos,miyabi,uni,cpp,openacc,auto.opt,unified,nthreads,NTHREADS=128,32,256,256,256,16777216,8.342000e-02,1338.638,1.186005e-06,,,,Miyabi/A2.C++.acc.auto.opt/log/bench.uni.32_run.csv
non-Kokkos,miyabi,uni,cpp,openacc,auto.opt,unified,nthreads,NTHREADS=128,32,512,512,512,134217728,2.343550e-01,952.9914,3.069118e-07,,,,Miyabi/A2.C++.acc.auto.opt/log/bench.uni.32_run.csv
non-Kokkos,miyabi,uni,cpp,openacc,auto.opt,unified,nthreads,NTHREADS=128,64,32,32,32,32768,2.610120e-01,53.47893,4.342730e-15,,,,Miyabi/A2.C++.acc.auto.opt/log/bench.uni.64_run.csv
non-Kokkos,miyabi,uni,cpp,openacc,auto.opt,unified,nthreads,NTHREADS=128,64,64,64,64,262144,8.083200e-02,345.3742,1.448847e-07,,,,Miyabi/A2.C++.acc.auto.opt/log/bench.uni.64_run.csv
non-Kokkos,miyabi,uni,cpp,openacc,auto.opt,unified,nthreads,NTHREADS=128,64,128,128,128,2097152,5.260800e-02,1061.332,4.691528e-06,,,,Miyabi/A2.C++.acc.auto.opt/log/bench.uni.64_run.csv
non-Kokkos,miyabi,uni,cpp,openacc,auto.opt,unified,nthreads,NTHREADS=128,64,256,256,256,16777216,9.393500e-02,1188.792,1.877011e-07,,,,Miyabi/A2.C++.acc.auto.opt/log/bench.uni.64_run.csv
non-Kokkos,miyabi,uni,cpp,openacc,auto.opt,unified,nthreads,NTHREADS=128,64,512,512,512,134217728,2.960920e-01,754.2868,7.088435e-09,,,,Miyabi/A2.C++.acc.auto.opt/log/bench.uni.64_run.csv
non-Kokkos,miyabi,gpu,cpp,openacc,manu.def,separate,baseline,,32,32,32,32,32768,3.053230e-01,45.71763,4.777080e-06,,,,Miyabi/A3.C++.acc.manu.def/log/bench.gpu.32_run.csv
non-Kokkos,miyabi,gpu,cpp,openacc,manu.def,separate,baseline,,32,64,64,64,262144,8.936300e-02,312.4032,1.214079e-05,,,,Miyabi/A3.C++.acc.manu.def/log/bench.gpu.32_run.csv
non-Kokkos,miyabi,gpu,cpp,openacc,manu.def,separate,baseline,,32,128,128,128,2097152,4.795700e-02,1164.263,4.813602e-06,,,,Miyabi/A3.C++.acc.manu.def/log/bench.gpu.32_run.csv
non-Kokkos,miyabi,gpu,cpp,openacc,manu.def,separate,baseline,,32,256,256,256,16777216,6.963100e-02,1603.728,1.186005e-06,,,,Miyabi/A3.C++.acc.manu.def/log/bench.gpu.32_run.csv
non-Kokkos,miyabi,gpu,cpp,openacc,manu.def,separate,baseline,,32,512,512,512,134217728,1.298260e-01,1720.289,3.069118e-07,,,,Miyabi/A3.C++.acc.manu.def/log/bench.gpu.32_run.csv
non-Kokkos,miyabi,gpu,cpp,openacc,manu.def,separate,baseline,,64,32,32,32,32768,3.037340e-01,45.9568,4.342730e-15,,,,Miyabi/A3.C++.acc.manu.def/log/bench.gpu.64_run.csv
non-Kokkos,miyabi,gpu,cpp,openacc,manu.def,separate,baseline,,64,64,64,64,262144,9.084500e-02,307.3068,1.448847e-07,,,,Miyabi/A3.C++.acc.manu.def/log/bench.gpu.64_run.csv
non-Kokkos,miyabi,gpu,cpp,openacc,manu.def,separate,baseline,,64,128,128,128,2097152,5.059100e-02,1103.646,4.691528e-06,,,,Miyabi/A3.C++.acc.manu.def/log/bench.gpu.64_run.csv
non-Kokkos,miyabi,gpu,cpp,openacc,manu.def,separate,baseline,,64,256,256,256,16777216,7.539500e-02,1481.121,1.877011e-07,,,,Miyabi/A3.C++.acc.manu.def/log/bench.gpu.64_run.csv
non-Kokkos,miyabi,gpu,cpp,openacc,manu.def,separate,baseline,,64,512,512,512,134217728,1.409960e-01,1584.005,7.088435e-09,,,,Miyabi/A3.C++.acc.manu.def/log/bench.gpu.64_run.csv
non-Kokkos,miyabi,gpu,cpp,openacc,manu.opt,separate,nthreads,NTHREADS=128,32,32,32,32,32768,3.035790e-01,45.98027,4.777080e-06,,,,Miyabi/A4.C++.acc.manu.opt/log/bench.gpu.32_run.csv
non-Kokkos,miyabi,gpu,cpp,openacc,manu.opt,separate,nthreads,NTHREADS=128,32,64,64,64,262144,8.952000e-02,311.8553,1.214079e-05,,,,Miyabi/A4.C++.acc.manu.opt/log/bench.gpu.32_run.csv
non-Kokkos,miyabi,gpu,cpp,openacc,manu.opt,separate,nthreads,NTHREADS=128,32,128,128,128,2097152,4.788000e-02,1166.136,4.813602e-06,,,,Miyabi/A4.C++.acc.manu.opt/log/bench.gpu.32_run.csv
non-Kokkos,miyabi,gpu,cpp,openacc,manu.opt,separate,nthreads,NTHREADS=128,32,256,256,256,16777216,6.953800e-02,1605.872,1.186005e-06,,,,Miyabi/A4.C++.acc.manu.opt/log/bench.gpu.32_run.csv
non-Kokkos,miyabi,gpu,cpp,openacc,manu.opt,separate,nthreads,NTHREADS=128,32,512,512,512,134217728,1.298390e-01,1720.117,3.069118e-07,,,,Miyabi/A4.C++.acc.manu.opt/log/bench.gpu.32_run.csv
non-Kokkos,miyabi,gpu,cpp,openacc,manu.opt,separate,nthreads,NTHREADS=128,64,32,32,32,32768,3.068360e-01,45.4922,4.342730e-15,,,,Miyabi/A4.C++.acc.manu.opt/log/bench.gpu.64_run.csv
non-Kokkos,miyabi,gpu,cpp,openacc,manu.opt,separate,nthreads,NTHREADS=128,64,64,64,64,262144,9.046900e-02,308.584,1.448847e-07,,,,Miyabi/A4.C++.acc.manu.opt/log/bench.gpu.64_run.csv
non-Kokkos,miyabi,gpu,cpp,openacc,manu.opt,separate,nthreads,NTHREADS=128,64,128,128,128,2097152,5.122600e-02,1089.966,4.691528e-06,,,,Miyabi/A4.C++.acc.manu.opt/log/bench.gpu.64_run.csv
non-Kokkos,miyabi,gpu,cpp,openacc,manu.opt,separate,nthreads,NTHREADS=128,64,256,256,256,16777216,7.531400e-02,1482.714,1.877011e-07,,,,Miyabi/A4.C++.acc.manu.opt/log/bench.gpu.64_run.csv
non-Kokkos,miyabi,gpu,cpp,openacc,manu.opt,separate,nthreads,NTHREADS=128,64,512,512,512,134217728,1.410090e-01,1583.858,7.088435e-09,,,,Miyabi/A4.C++.acc.manu.opt/log/bench.gpu.64_run.csv
non-Kokkos,miyabi,gpu,cpp,openmp-target,auto.def,managed,baseline,,32,32,32,32,32768,2.570070e-01,54.31231,4.777080e-06,,,,Miyabi/B1.C++.omp.auto.def/log/bench.gpu.32_run.csv
non-Kokkos,miyabi,gpu,cpp,openmp-target,auto.def,managed,baseline,,32,64,64,64,262144,7.683400e-02,363.3455,1.214079e-05,,,,Miyabi/B1.C++.omp.auto.def/log/bench.gpu.32_run.csv
non-Kokkos,miyabi,gpu,cpp,openmp-target,auto.def,managed,baseline,,32,128,128,128,2097152,4.599200e-02,1214.006,4.813602e-06,,,,Miyabi/B1.C++.omp.auto.def/log/bench.gpu.32_run.csv
non-Kokkos,miyabi,gpu,cpp,openmp-target,auto.def,managed,baseline,,32,256,256,256,16777216,7.431800e-02,1502.586,1.186005e-06,,,,Miyabi/B1.C++.omp.auto.def/log/bench.gpu.32_run.csv
non-Kokkos,miyabi,gpu,cpp,openmp-target,auto.def,managed,baseline,,32,512,512,512,134217728,1.665700e-01,1340.807,3.069118e-07,,,,Miyabi/B1.C++.omp.auto.def/log/bench.gpu.32_run.csv
non-Kokkos,miyabi,gpu,cpp,openmp-target,auto.def,managed,baseline,,64,32,32,32,32768,2.589320e-01,53.90853,4.342730e-15,,,,Miyabi/B1.C++.omp.auto.def/log/bench.gpu.64_run.csv
non-Kokkos,miyabi,gpu,cpp,openmp-target,auto.def,managed,baseline,,64,64,64,64,262144,8.003300e-02,348.8222,1.448847e-07,,,,Miyabi/B1.C++.omp.auto.def/log/bench.gpu.64_run.csv
non-Kokkos,miyabi,gpu,cpp,openmp-target,auto.def,managed,baseline,,64,128,128,128,2097152,5.042200e-02,1107.346,4.691528e-06,,,,Miyabi/B1.C++.omp.auto.def/log/bench.gpu.64_run.csv
non-Kokkos,miyabi,gpu,cpp,openmp-target,auto.def,managed,baseline,,64,256,256,256,16777216,9.744200e-02,1146.006,1.877011e-07,,,,Miyabi/B1.C++.omp.auto.def/log/bench.gpu.64_run.csv
non-Kokkos,miyabi,gpu,cpp,openmp-target,auto.def,managed,baseline,,64,512,512,512,134217728,3.078840e-01,725.3976,7.088435e-09,,,,Miyabi/B1.C++.omp.auto.def/log/bench.gpu.64_run.csv
non-Kokkos,miyabi,uni,cpp,openmp-target,auto.def,unified,baseline,,32,32,32,32,32768,2.620260e-01,53.27198,4.777080e-06,,,,Miyabi/B1.C++.omp.auto.def/log/bench.uni.32_run.csv
non-Kokkos,miyabi,uni,cpp,openmp-target,auto.def,unified,baseline,,32,64,64,64,262144,7.921900e-02,352.4065,1.214079e-05,,,,Miyabi/B1.C++.omp.auto.def/log/bench.uni.32_run.csv
non-Kokkos,miyabi,uni,cpp,openmp-target,auto.def,unified,baseline,,32,128,128,128,2097152,4.714500e-02,1184.316,4.813602e-06,,,,Miyabi/B1.C++.omp.auto.def/log/bench.uni.32_run.csv
non-Kokkos,miyabi,uni,cpp,openmp-target,auto.def,unified,baseline,,32,256,256,256,16777216,8.379900e-02,1332.583,1.186005e-06,,,,Miyabi/B1.C++.omp.auto.def/log/bench.uni.32_run.csv
non-Kokkos,miyabi,uni,cpp,openmp-target,auto.def,unified,baseline,,32,512,512,512,134217728,2.186270e-01,1021.549,3.069118e-07,,,,Miyabi/B1.C++.omp.auto.def/log/bench.uni.32_run.csv
non-Kokkos,miyabi,uni,cpp,openmp-target,auto.def,unified,baseline,,64,32,32,32,32768,2.620930e-01,53.25836,4.342730e-15,,,,Miyabi/B1.C++.omp.auto.def/log/bench.uni.64_run.csv
non-Kokkos,miyabi,uni,cpp,openmp-target,auto.def,unified,baseline,,64,64,64,64,262144,8.125600e-02,343.572,1.448847e-07,,,,Miyabi/B1.C++.omp.auto.def/log/bench.uni.64_run.csv
non-Kokkos,miyabi,uni,cpp,openmp-target,auto.def,unified,baseline,,64,128,128,128,2097152,5.223400e-02,1068.932,4.691528e-06,,,,Miyabi/B1.C++.omp.auto.def/log/bench.uni.64_run.csv
non-Kokkos,miyabi,uni,cpp,openmp-target,auto.def,unified,baseline,,64,256,256,256,16777216,9.326700e-02,1197.306,1.877011e-07,,,,Miyabi/B1.C++.omp.auto.def/log/bench.uni.64_run.csv
non-Kokkos,miyabi,uni,cpp,openmp-target,auto.def,unified,baseline,,64,512,512,512,134217728,3.106590e-01,718.9178,7.088435e-09,,,,Miyabi/B1.C++.omp.auto.def/log/bench.uni.64_run.csv
non-Kokkos,miyabi,gpu,cpp,openmp-target,auto.opt,managed,nthreads,NTHREADS=128,32,32,32,32,32768,2.549390e-01,54.75288,4.777080e-06,,,,Miyabi/B2.C++.omp.auto.opt/log/bench.gpu.32_run.csv
non-Kokkos,miyabi,gpu,cpp,openmp-target,auto.opt,managed,nthreads,NTHREADS=128,32,64,64,64,262144,7.752300e-02,360.1162,1.214079e-05,,,,Miyabi/B2.C++.omp.auto.opt/log/bench.gpu.32_run.csv
non-Kokkos,miyabi,gpu,cpp,openmp-target,auto.opt,managed,nthreads,NTHREADS=128,32,128,128,128,2097152,4.621800e-02,1208.07,4.813602e-06,,,,Miyabi/B2.C++.omp.auto.opt/log/bench.gpu.32_run.csv
non-Kokkos,miyabi,gpu,cpp,openmp-target,auto.opt,managed,nthreads,NTHREADS=128,32,256,256,256,16777216,7.427300e-02,1503.496,1.186005e-06,,,,Miyabi/B2.C++.omp.auto.opt/log/bench.gpu.32_run.csv
non-Kokkos,miyabi,gpu,cpp,openmp-target,auto.opt,managed,nthreads,NTHREADS=128,32,512,512,512,134217728,1.646700e-01,1356.278,3.069118e-07,,,,Miyabi/B2.C++.omp.auto.opt/log/bench.gpu.32_run.csv
non-Kokkos,miyabi,gpu,cpp,openmp-target,auto.opt,managed,nthreads,NTHREADS=128,64,32,32,32,32768,2.625110e-01,53.17356,4.342730e-15,,,,Miyabi/B2.C++.omp.auto.opt/log/bench.gpu.64_run.csv
non-Kokkos,miyabi,gpu,cpp,openmp-target,auto.opt,managed,nthreads,NTHREADS=128,64,64,64,64,262144,7.957500e-02,350.8299,1.448847e-07,,,,Miyabi/B2.C++.omp.auto.opt/log/bench.gpu.64_run.csv
non-Kokkos,miyabi,gpu,cpp,openmp-target,auto.opt,managed,nthreads,NTHREADS=128,64,128,128,128,2097152,4.814300e-02,1159.765,4.691528e-06,,,,Miyabi/B2.C++.omp.auto.opt/log/bench.gpu.64_run.csv
non-Kokkos,miyabi,gpu,cpp,openmp-target,auto.opt,managed,nthreads,NTHREADS=128,64,256,256,256,16777216,8.374800e-02,1333.395,1.877011e-07,,,,Miyabi/B2.C++.omp.auto.opt/log/bench.gpu.64_run.csv
non-Kokkos,miyabi,gpu,cpp,openmp-target,auto.opt,managed,nthreads,NTHREADS=128,64,512,512,512,134217728,2.050650e-01,1089.11,7.088435e-09,,,,Miyabi/B2.C++.omp.auto.opt/log/bench.gpu.64_run.csv
non-Kokkos,miyabi,uni,cpp,openmp-target,auto.opt,unified,nthreads,NTHREADS=128,32,32,32,32,32768,2.645030e-01,52.7731,4.777080e-06,,,,Miyabi/B2.C++.omp.auto.opt/log/bench.uni.32_run.csv
non-Kokkos,miyabi,uni,cpp,openmp-target,auto.opt,unified,nthreads,NTHREADS=128,32,64,64,64,262144,7.912200e-02,352.8385,1.214079e-05,,,,Miyabi/B2.C++.omp.auto.opt/log/bench.uni.32_run.csv
non-Kokkos,miyabi,uni,cpp,openmp-target,auto.opt,unified,nthreads,NTHREADS=128,32,128,128,128,2097152,4.784400e-02,1167.013,4.813602e-06,,,,Miyabi/B2.C++.omp.auto.opt/log/bench.uni.32_run.csv
non-Kokkos,miyabi,uni,cpp,openmp-target,auto.opt,unified,nthreads,NTHREADS=128,32,256,256,256,16777216,8.393800e-02,1330.377,1.186005e-06,,,,Miyabi/B2.C++.omp.auto.opt/log/bench.uni.32_run.csv
non-Kokkos,miyabi,uni,cpp,openmp-target,auto.opt,unified,nthreads,NTHREADS=128,32,512,512,512,134217728,2.376040e-01,939.9602,3.069118e-07,,,,Miyabi/B2.C++.omp.auto.opt/log/bench.uni.32_run.csv
non-Kokkos,miyabi,uni,cpp,openmp-target,auto.opt,unified,nthreads,NTHREADS=128,64,32,32,32,32768,2.633940e-01,52.9953,4.342730e-15,,,,Miyabi/B2.C++.omp.auto.opt/log/bench.uni.64_run.csv
non-Kokkos,miyabi,uni,cpp,openmp-target,auto.opt,unified,nthreads,NTHREADS=128,64,64,64,64,262144,8.065200e-02,346.145,1.448847e-07,,,,Miyabi/B2.C++.omp.auto.opt/log/bench.uni.64_run.csv
non-Kokkos,miyabi,uni,cpp,openmp-target,auto.opt,unified,nthreads,NTHREADS=128,64,128,128,128,2097152,5.197100e-02,1074.341,4.691528e-06,,,,Miyabi/B2.C++.omp.auto.opt/log/bench.uni.64_run.csv
non-Kokkos,miyabi,uni,cpp,openmp-target,auto.opt,unified,nthreads,NTHREADS=128,64,256,256,256,16777216,9.303400e-02,1200.305,1.877011e-07,,,,Miyabi/B2.C++.omp.auto.opt/log/bench.uni.64_run.csv
non-Kokkos,miyabi,uni,cpp,openmp-target,auto.opt,unified,nthreads,NTHREADS=128,64,512,512,512,134217728,4.445400e-01,502.4032,7.088435e-09,,,,Miyabi/B2.C++.omp.auto.opt/log/bench.uni.64_run.csv
non-Kokkos,miyabi,gpu,cpp,openmp-target,manu.def,separate,baseline,,32,32,32,32,32768,2.604760e-01,53.58898,4.777080e-06,,,,Miyabi/B3.C++.omp.manu.def/log/bench.gpu.32_run.csv
non-Kokkos,miyabi,gpu,cpp,openmp-target,manu.def,separate,baseline,,32,64,64,64,262144,7.970400e-02,350.2621,1.214079e-05,,,,Miyabi/B3.C++.omp.manu.def/log/bench.gpu.32_run.csv
non-Kokkos,miyabi,gpu,cpp,openmp-target,manu.def,separate,baseline,,32,128,128,128,2097152,4.577400e-02,1219.788,4.813602e-06,,,,Miyabi/B3.C++.omp.manu.def/log/bench.gpu.32_run.csv
non-Kokkos,miyabi,gpu,cpp,openmp-target,manu.def,separate,baseline,,32,256,256,256,16777216,6.940100e-02,1609.042,1.186005e-06,,,,Miyabi/B3.C++.omp.manu.def/log/bench.gpu.32_run.csv
non-Kokkos,miyabi,gpu,cpp,openmp-target,manu.def,separate,baseline,,32,512,512,512,134217728,1.303590e-01,1713.256,3.069118e-07,,,,Miyabi/B3.C++.omp.manu.def/log/bench.gpu.32_run.csv
non-Kokkos,miyabi,gpu,cpp,openmp-target,manu.def,separate,baseline,,64,32,32,32,32768,2.609590e-01,53.4898,4.342730e-15,,,,Miyabi/B3.C++.omp.manu.def/log/bench.gpu.64_run.csv
non-Kokkos,miyabi,gpu,cpp,openmp-target,manu.def,separate,baseline,,64,64,64,64,262144,7.941700e-02,351.5279,1.448847e-07,,,,Miyabi/B3.C++.omp.manu.def/log/bench.gpu.64_run.csv
non-Kokkos,miyabi,gpu,cpp,openmp-target,manu.def,separate,baseline,,64,128,128,128,2097152,4.735100e-02,1179.164,4.691528e-06,,,,Miyabi/B3.C++.omp.manu.def/log/bench.gpu.64_run.csv
non-Kokkos,miyabi,gpu,cpp,openmp-target,manu.def,separate,baseline,,64,256,256,256,16777216,7.476700e-02,1493.562,1.877011e-07,,,,Miyabi/B3.C++.omp.manu.def/log/bench.gpu.64_run.csv
non-Kokkos,miyabi,gpu,cpp,openmp-target,manu.def,separate,baseline,,64,512,512,512,134217728,1.417090e-01,1576.035,7.088435e-09,,,,Miyabi/B3.C++.omp.manu.def/log/bench.gpu.64_run.csv
non-Kokkos,miyabi,gpu,cpp,openmp-target,manu.opt,separate,nthreads,NTHREADS=128,32,32,32,32,32768,2.624800e-01,53.17984,4.777080e-06,,,,Miyabi/B4.C++.omp.manu.opt/log/bench.gpu.32_run.csv
non-Kokkos,miyabi,gpu,cpp,openmp-target,manu.opt,separate,nthreads,NTHREADS=128,32,64,64,64,262144,7.820600e-02,356.9712,1.214079e-05,,,,Miyabi/B4.C++.omp.manu.opt/log/bench.gpu.32_run.csv
non-Kokkos,miyabi,gpu,cpp,openmp-target,manu.opt,separate,nthreads,NTHREADS=128,32,128,128,128,2097152,4.557500e-02,1225.114,4.813602e-06,,,,Miyabi/B4.C++.omp.manu.opt/log/bench.gpu.32_run.csv
non-Kokkos,miyabi,gpu,cpp,openmp-target,manu.opt,separate,nthreads,NTHREADS=128,32,256,256,256,16777216,6.897100e-02,1619.074,1.186005e-06,,,,Miyabi/B4.C++.omp.manu.opt/log/bench.gpu.32_run.csv
non-Kokkos,miyabi,gpu,cpp,openmp-target,manu.opt,separate,nthreads,NTHREADS=128,32,512,512,512,134217728,1.297090e-01,1721.841,3.069118e-07,,,,Miyabi/B4.C++.omp.manu.opt/log/bench.gpu.32_run.csv
non-Kokkos,miyabi,gpu,cpp,openmp-target,manu.opt,separate,nthreads,NTHREADS=128,64,32,32,32,32768,2.568070e-01,54.35461,4.342730e-15,,,,Miyabi/B4.C++.omp.manu.opt/log/bench.gpu.64_run.csv
non-Kokkos,miyabi,gpu,cpp,openmp-target,manu.opt,separate,nthreads,NTHREADS=128,64,64,64,64,262144,7.946000e-02,351.3376,1.448847e-07,,,,Miyabi/B4.C++.omp.manu.opt/log/bench.gpu.64_run.csv
non-Kokkos,miyabi,gpu,cpp,openmp-target,manu.opt,separate,nthreads,NTHREADS=128,64,128,128,128,2097152,4.750200e-02,1175.415,4.691528e-06,,,,Miyabi/B4.C++.omp.manu.opt/log/bench.gpu.64_run.csv
non-Kokkos,miyabi,gpu,cpp,openmp-target,manu.opt,separate,nthreads,NTHREADS=128,64,256,256,256,16777216,7.442000e-02,1500.526,1.877011e-07,,,,Miyabi/B4.C++.omp.manu.opt/log/bench.gpu.64_run.csv
non-Kokkos,miyabi,gpu,cpp,openmp-target,manu.opt,separate,nthreads,NTHREADS=128,64,512,512,512,134217728,1.410510e-01,1583.387,7.088435e-09,,,,Miyabi/B4.C++.omp.manu.opt/log/bench.gpu.64_run.csv
non-Kokkos,miyabi,cpu,cpp,openmp-cpu,,cpu-only,baseline,,32,32,32,32,32768,2.260405e+00,6.175284,6.601073e-06,,,,Miyabi/C/log/bench.cpu.32_run.csv
non-Kokkos,miyabi,cpu,cpp,openmp-cpu,,cpu-only,baseline,,32,64,64,64,262144,1.553311e+00,17.97276,1.682844e-05,,,,Miyabi/C/log/bench.cpu.32_run.csv
non-Kokkos,miyabi,cpu,cpp,openmp-cpu,,cpu-only,baseline,,32,128,128,128,2097152,1.049068e+00,53.22303,8.418465e-06,,,,Miyabi/C/log/bench.cpu.32_run.csv
non-Kokkos,miyabi,cpu,cpp,openmp-cpu,,cpu-only,baseline,,32,256,256,256,16777216,9.331330e-01,119.6712,1.957614e-06,,,,Miyabi/C/log/bench.cpu.32_run.csv
non-Kokkos,miyabi,cpu,cpp,openmp-cpu,,cpu-only,baseline,,32,512,512,512,134217728,1.544666e+00,144.5868,5.098522e-07,,,,Miyabi/C/log/bench.cpu.32_run.csv
non-Kokkos,miyabi,cpu,cpp,openmp-cpu,,cpu-only,baseline,,64,32,32,32,32768,2.163609e+00,6.451556,1.820045e-15,,,,Miyabi/C/log/bench.cpu.64_run.csv
non-Kokkos,miyabi,cpu,cpp,openmp-cpu,,cpu-only,baseline,,64,64,64,64,262144,1.289085e+00,21.65667,1.448847e-07,,,,Miyabi/C/log/bench.cpu.64_run.csv
non-Kokkos,miyabi,cpu,cpp,openmp-cpu,,cpu-only,baseline,,64,128,128,128,2097152,1.522026e+00,36.68438,4.691528e-06,,,,Miyabi/C/log/bench.cpu.64_run.csv
non-Kokkos,miyabi,cpu,cpp,openmp-cpu,,cpu-only,baseline,,64,256,256,256,16777216,2.168819e+00,51.48846,1.877011e-07,,,,Miyabi/C/log/bench.cpu.64_run.csv
non-Kokkos,miyabi,cpu,cpp,openmp-cpu,,cpu-only,baseline,,64,512,512,512,134217728,1.668311e+00,133.8709,7.088435e-09,,,,Miyabi/C/log/bench.cpu.64_run.csv
non-Kokkos,miyabi,gpu,cpp,stdpar,auto.def,managed,baseline,,32,32,32,32,32768,2.959830e-01,47.16029,4.777080e-06,,,,Miyabi/C1.C++.std.auto.def/log/bench.gpu.32_run.csv
non-Kokkos,miyabi,gpu,cpp,stdpar,auto.def,managed,baseline,,32,64,64,64,262144,8.173300e-02,341.5669,1.214079e-05,,,,Miyabi/C1.C++.std.auto.def/log/bench.gpu.32_run.csv
non-Kokkos,miyabi,gpu,cpp,stdpar,auto.def,managed,baseline,,32,128,128,128,2097152,4.195600e-02,1330.789,4.813459e-06,,,,Miyabi/C1.C++.std.auto.def/log/bench.gpu.32_run.csv
non-Kokkos,miyabi,gpu,cpp,stdpar,auto.def,managed,baseline,,32,256,256,256,16777216,5.626100e-02,1984.841,1.186536e-06,,,,Miyabi/C1.C++.std.auto.def/log/bench.gpu.32_run.csv
non-Kokkos,miyabi,gpu,cpp,stdpar,auto.def,managed,baseline,,32,512,512,512,134217728,1.330720e-01,1678.327,3.065428e-07,,,,Miyabi/C1.C++.std.auto.def/log/bench.gpu.32_run.csv
non-Kokkos,miyabi,gpu,cpp,stdpar,auto.def,managed,baseline,,64,32,32,32,32768,3.037740e-01,45.95075,4.342730e-15,,,,Miyabi/C1.C++.std.auto.def/log/bench.gpu.64_run.csv
non-Kokkos,miyabi,gpu,cpp,stdpar,auto.def,managed,baseline,,64,64,64,64,262144,8.460600e-02,329.9682,1.448847e-07,,,,Miyabi/C1.C++.std.auto.def/log/bench.gpu.64_run.csv
non-Kokkos,miyabi,gpu,cpp,stdpar,auto.def,managed,baseline,,64,128,128,128,2097152,4.706800e-02,1186.253,4.691528e-06,,,,Miyabi/C1.C++.std.auto.def/log/bench.gpu.64_run.csv
non-Kokkos,miyabi,gpu,cpp,stdpar,auto.def,managed,baseline,,64,256,256,256,16777216,7.406300e-02,1507.759,1.877011e-07,,,,Miyabi/C1.C++.std.auto.def/log/bench.gpu.64_run.csv
non-Kokkos,miyabi,gpu,cpp,stdpar,auto.def,managed,baseline,,64,512,512,512,134217728,1.966050e-01,1135.975,7.088435e-09,,,,Miyabi/C1.C++.std.auto.def/log/bench.gpu.64_run.csv
non-Kokkos,miyabi,uni,cpp,stdpar,auto.def,unified,baseline,,32,32,32,32,32768,2.917600e-01,47.8429,4.777080e-06,,,,Miyabi/C1.C++.std.auto.def/log/bench.uni.32_run.csv
non-Kokkos,miyabi,uni,cpp,stdpar,auto.def,unified,baseline,,32,64,64,64,262144,8.407800e-02,332.0403,1.214079e-05,,,,Miyabi/C1.C++.std.auto.def/log/bench.uni.32_run.csv
non-Kokkos,miyabi,uni,cpp,stdpar,auto.def,unified,baseline,,32,128,128,128,2097152,4.272800e-02,1306.744,4.813459e-06,,,,Miyabi/C1.C++.std.auto.def/log/bench.uni.32_run.csv
non-Kokkos,miyabi,uni,cpp,stdpar,auto.def,unified,baseline,,32,256,256,256,16777216,6.160300e-02,1812.723,1.186536e-06,,,,Miyabi/C1.C++.std.auto.def/log/bench.uni.32_run.csv
non-Kokkos,miyabi,uni,cpp,stdpar,auto.def,unified,baseline,,32,512,512,512,134217728,3.754700e-01,594.8233,3.065428e-07,,,,Miyabi/C1.C++.std.auto.def/log/bench.uni.32_run.csv
non-Kokkos,miyabi,uni,cpp,stdpar,auto.def,unified,baseline,,64,32,32,32,32768,2.905310e-01,48.04528,4.342730e-15,,,,Miyabi/C1.C++.std.auto.def/log/bench.uni.64_run.csv
non-Kokkos,miyabi,uni,cpp,stdpar,auto.def,unified,baseline,,64,64,64,64,262144,8.436700e-02,330.9029,1.448847e-07,,,,Miyabi/C1.C++.std.auto.def/log/bench.uni.64_run.csv
non-Kokkos,miyabi,uni,cpp,stdpar,auto.def,unified,baseline,,64,128,128,128,2097152,4.909800e-02,1137.207,4.691528e-06,,,,Miyabi/C1.C++.std.auto.def/log/bench.uni.64_run.csv
non-Kokkos,miyabi,uni,cpp,stdpar,auto.def,unified,baseline,,64,256,256,256,16777216,7.998100e-02,1396.196,1.877011e-07,,,,Miyabi/C1.C++.std.auto.def/log/bench.uni.64_run.csv
non-Kokkos,miyabi,uni,cpp,stdpar,auto.def,unified,baseline,,64,512,512,512,134217728,2.651630e-01,842.268,7.088435e-09,,,,Miyabi/C1.C++.std.auto.def/log/bench.uni.64_run.csv
non-Kokkos,miyabi,gpu,cpp,stdpar,auto.opt,managed,baseline,,32,32,32,32,32768,2.941650e-01,47.45175,4.777080e-06,,,,Miyabi/C2.C++.std.auto.opt/log/bench.gpu.32_run.csv
non-Kokkos,miyabi,gpu,cpp,stdpar,auto.opt,managed,baseline,,32,64,64,64,262144,8.268700e-02,337.6261,1.214079e-05,,,,Miyabi/C2.C++.std.auto.opt/log/bench.gpu.32_run.csv
non-Kokkos,miyabi,gpu,cpp,stdpar,auto.opt,managed,baseline,,32,128,128,128,2097152,4.217900e-02,1323.753,4.813459e-06,,,,Miyabi/C2.C++.std.auto.opt/log/bench.gpu.32_run.csv
non-Kokkos,miyabi,gpu,cpp,stdpar,auto.opt,managed,baseline,,32,256,256,256,16777216,5.631200e-02,1983.044,1.186536e-06,,,,Miyabi/C2.C++.std.auto.opt/log/bench.gpu.32_run.csv
non-Kokkos,miyabi,gpu,cpp,stdpar,auto.opt,managed,baseline,,32,512,512,512,134217728,1.341810e-01,1664.455,3.065428e-07,,,,Miyabi/C2.C++.std.auto.opt/log/bench.gpu.32_run.csv
non-Kokkos,miyabi,gpu,cpp,stdpar,auto.opt,managed,baseline,,64,32,32,32,32768,2.949460e-01,47.3261,4.342730e-15,,,,Miyabi/C2.C++.std.auto.opt/log/bench.gpu.64_run.csv
non-Kokkos,miyabi,gpu,cpp,stdpar,auto.opt,managed,baseline,,64,64,64,64,262144,8.370400e-02,333.5239,1.448847e-07,,,,Miyabi/C2.C++.std.auto.opt/log/bench.gpu.64_run.csv
non-Kokkos,miyabi,gpu,cpp,stdpar,auto.opt,managed,baseline,,64,128,128,128,2097152,4.732100e-02,1179.911,4.691528e-06,,,,Miyabi/C2.C++.std.auto.opt/log/bench.gpu.64_run.csv
non-Kokkos,miyabi,gpu,cpp,stdpar,auto.opt,managed,baseline,,64,256,256,256,16777216,7.527800e-02,1483.423,1.877011e-07,,,,Miyabi/C2.C++.std.auto.opt/log/bench.gpu.64_run.csv
non-Kokkos,miyabi,gpu,cpp,stdpar,auto.opt,managed,baseline,,64,512,512,512,134217728,1.958530e-01,1140.336,7.088435e-09,,,,Miyabi/C2.C++.std.auto.opt/log/bench.gpu.64_run.csv
non-Kokkos,miyabi,uni,cpp,stdpar,auto.opt,unified,baseline,,32,32,32,32,32768,2.899840e-01,48.13591,4.777080e-06,,,,Miyabi/C2.C++.std.auto.opt/log/bench.uni.32_run.csv
non-Kokkos,miyabi,uni,cpp,stdpar,auto.opt,unified,baseline,,32,64,64,64,262144,8.180500e-02,341.2663,1.214079e-05,,,,Miyabi/C2.C++.std.auto.opt/log/bench.uni.32_run.csv
non-Kokkos,miyabi,uni,cpp,stdpar,auto.opt,unified,baseline,,32,128,128,128,2097152,4.292800e-02,1300.656,4.813459e-06,,,,Miyabi/C2.C++.std.auto.opt/log/bench.uni.32_run.csv
non-Kokkos,miyabi,uni,cpp,stdpar,auto.opt,unified,baseline,,32,256,256,256,16777216,6.280400e-02,1778.058,1.186536e-06,,,,Miyabi/C2.C++.std.auto.opt/log/bench.uni.32_run.csv
non-Kokkos,miyabi,uni,cpp,stdpar,auto.opt,unified,baseline,,32,512,512,512,134217728,1.765970e-01,1264.678,3.065428e-07,,,,Miyabi/C2.C++.std.auto.opt/log/bench.uni.32_run.csv
non-Kokkos,miyabi,uni,cpp,stdpar,auto.opt,unified,baseline,,64,32,32,32,32768,3.092320e-01,45.13971,4.342730e-15,,,,Miyabi/C2.C++.std.auto.opt/log/bench.uni.64_run.csv
non-Kokkos,miyabi,uni,cpp,stdpar,auto.opt,unified,baseline,,64,64,64,64,262144,8.501700e-02,328.373,1.448847e-07,,,,Miyabi/C2.C++.std.auto.opt/log/bench.uni.64_run.csv
non-Kokkos,miyabi,uni,cpp,stdpar,auto.opt,unified,baseline,,64,128,128,128,2097152,4.966700e-02,1124.179,4.691528e-06,,,,Miyabi/C2.C++.std.auto.opt/log/bench.uni.64_run.csv
non-Kokkos,miyabi,uni,cpp,stdpar,auto.opt,unified,baseline,,64,256,256,256,16777216,8.180500e-02,1365.065,1.877011e-07,,,,Miyabi/C2.C++.std.auto.opt/log/bench.uni.64_run.csv
non-Kokkos,miyabi,uni,cpp,stdpar,auto.opt,unified,baseline,,64,512,512,512,134217728,2.552470e-01,874.9889,7.088435e-09,,,,Miyabi/C2.C++.std.auto.opt/log/bench.uni.64_run.csv
non-Kokkos,miyabi,gpu,f90,openacc,auto.def,managed,baseline,,32,32,32,32,32768,3.003659E-01,46.47213,4.773022E-06,,,,Miyabi/D1.F90.acc.auto.def/log/bench.gpu.32_run.csv
non-Kokkos,miyabi,gpu,f90,openacc,auto.def,managed,baseline,,32,64,64,64,262144,9.110808E-02,306.4194,1.213484E-05,,,,Miyabi/D1.F90.acc.auto.def/log/bench.gpu.32_run.csv
non-Kokkos,miyabi,gpu,f90,openacc,auto.def,managed,baseline,,32,128,128,128,2097152,5.455112E-02,1023.527,4.812572E-06,,,,Miyabi/D1.F90.acc.auto.def/log/bench.gpu.32_run.csv
non-Kokkos,miyabi,gpu,f90,openacc,auto.def,managed,baseline,,32,256,256,256,16777216,7.844305E-02,1423.57,1.187990E-06,,,,Miyabi/D1.F90.acc.auto.def/log/bench.gpu.32_run.csv
non-Kokkos,miyabi,gpu,f90,openacc,auto.def,managed,baseline,,32,512,512,512,134217728,1.765780E-01,1264.814,3.071072E-07,,,,Miyabi/D1.F90.acc.auto.def/log/bench.gpu.32_run.csv
non-Kokkos,miyabi,gpu,f90,openacc,auto.def,managed,baseline,,64,32,32,32,32768,2.658041E-01,52.51479,1.045213E-08,,,,Miyabi/D1.F90.acc.auto.def/log/bench.gpu.64_run.csv
non-Kokkos,miyabi,gpu,f90,openacc,auto.def,managed,baseline,,64,64,64,64,262144,8.363104E-02,333.8149,1.452837E-07,,,,Miyabi/D1.F90.acc.auto.def/log/bench.gpu.64_run.csv
non-Kokkos,miyabi,gpu,f90,openacc,auto.def,managed,baseline,,64,128,128,128,2097152,5.510998E-02,1013.148,4.690441E-06,,,,Miyabi/D1.F90.acc.auto.def/log/bench.gpu.64_run.csv
non-Kokkos,miyabi,gpu,f90,openacc,auto.def,managed,baseline,,64,256,256,256,16777216,9.485507E-02,1177.261,1.864060E-07,,,,Miyabi/D1.F90.acc.auto.def/log/bench.gpu.64_run.csv
non-Kokkos,miyabi,gpu,f90,openacc,auto.def,managed,baseline,,64,512,512,512,134217728,3.203599E-01,697.148,3.114810E-09,,,,Miyabi/D1.F90.acc.auto.def/log/bench.gpu.64_run.csv
non-Kokkos,miyabi,uni,f90,openacc,auto.def,unified,baseline,,32,32,32,32,32768,2.651131E-01,52.65165,4.773022E-06,,,,Miyabi/D1.F90.acc.auto.def/log/bench.uni.32_run.csv
non-Kokkos,miyabi,uni,f90,openacc,auto.def,unified,baseline,,32,64,64,64,262144,8.216405E-02,339.775,1.213484E-05,,,,Miyabi/D1.F90.acc.auto.def/log/bench.uni.32_run.csv
non-Kokkos,miyabi,uni,f90,openacc,auto.def,unified,baseline,,32,128,128,128,2097152,5.347395E-02,1044.145,4.812572E-06,,,,Miyabi/D1.F90.acc.auto.def/log/bench.uni.32_run.csv
non-Kokkos,miyabi,uni,f90,openacc,auto.def,unified,baseline,,32,256,256,256,16777216,8.744001E-02,1277.094,1.187990E-06,,,,Miyabi/D1.F90.acc.auto.def/log/bench.uni.32_run.csv
non-Kokkos,miyabi,uni,f90,openacc,auto.def,unified,baseline,,32,512,512,512,134217728,2.824121E-01,790.8243,3.071072E-07,,,,Miyabi/D1.F90.acc.auto.def/log/bench.uni.32_run.csv
non-Kokkos,miyabi,uni,f90,openacc,auto.def,unified,baseline,,64,32,32,32,32768,2.697020E-01,51.75581,1.045213E-08,,,,Miyabi/D1.F90.acc.auto.def/log/bench.uni.64_run.csv
non-Kokkos,miyabi,uni,f90,openacc,auto.def,unified,baseline,,64,64,64,64,262144,8.332896E-02,335.025,1.452837E-07,,,,Miyabi/D1.F90.acc.auto.def/log/bench.uni.64_run.csv
non-Kokkos,miyabi,uni,f90,openacc,auto.def,unified,baseline,,64,128,128,128,2097152,5.557394E-02,1004.69,4.690441E-06,,,,Miyabi/D1.F90.acc.auto.def/log/bench.uni.64_run.csv
non-Kokkos,miyabi,uni,f90,openacc,auto.def,unified,baseline,,64,256,256,256,16777216,9.586906E-02,1164.809,1.864060E-07,,,,Miyabi/D1.F90.acc.auto.def/log/bench.uni.64_run.csv
non-Kokkos,miyabi,uni,f90,openacc,auto.def,unified,baseline,,64,512,512,512,134217728,3.063071E-01,729.132,3.114810E-09,,,,Miyabi/D1.F90.acc.auto.def/log/bench.uni.64_run.csv
non-Kokkos,miyabi,gpu,f90,openacc,auto.opt,managed,nthreads,NTHREADS=128,32,32,32,32,32768,2.989070E-01,46.69895,4.773022E-06,,,,Miyabi/D2.F90.acc.auto.opt/log/bench.gpu.32_run.csv
non-Kokkos,miyabi,gpu,f90,openacc,auto.opt,managed,nthreads,NTHREADS=128,32,64,64,64,262144,9.014511E-02,309.6928,1.213484E-05,,,,Miyabi/D2.F90.acc.auto.opt/log/bench.gpu.32_run.csv
non-Kokkos,miyabi,gpu,f90,openacc,auto.opt,managed,nthreads,NTHREADS=128,32,128,128,128,2097152,5.465794E-02,1021.527,4.812572E-06,,,,Miyabi/D2.F90.acc.auto.opt/log/bench.gpu.32_run.csv
non-Kokkos,miyabi,gpu,f90,openacc,auto.opt,managed,nthreads,NTHREADS=128,32,256,256,256,16777216,7.930803E-02,1408.043,1.187990E-06,,,,Miyabi/D2.F90.acc.auto.opt/log/bench.gpu.32_run.csv
non-Kokkos,miyabi,gpu,f90,openacc,auto.opt,managed,nthreads,NTHREADS=128,32,512,512,512,134217728,1.777701E-01,1256.332,3.071072E-07,,,,Miyabi/D2.F90.acc.auto.opt/log/bench.gpu.32_run.csv
non-Kokkos,miyabi,gpu,f90,openacc,auto.opt,managed,nthreads,NTHREADS=128,64,32,32,32,32768,3.018119E-01,46.24948,1.045213E-08,,,,Miyabi/D2.F90.acc.auto.opt/log/bench.gpu.64_run.csv
non-Kokkos,miyabi,gpu,f90,openacc,auto.opt,managed,nthreads,NTHREADS=128,64,64,64,64,262144,9.233904E-02,302.3346,1.452837E-07,,,,Miyabi/D2.F90.acc.auto.opt/log/bench.gpu.64_run.csv
non-Kokkos,miyabi,gpu,f90,openacc,auto.opt,managed,nthreads,NTHREADS=128,64,128,128,128,2097152,5.646396E-02,988.8534,4.690441E-06,,,,Miyabi/D2.F90.acc.auto.opt/log/bench.gpu.64_run.csv
non-Kokkos,miyabi,gpu,f90,openacc,auto.opt,managed,nthreads,NTHREADS=128,64,256,256,256,16777216,8.469391E-02,1318.503,1.864060E-07,,,,Miyabi/D2.F90.acc.auto.opt/log/bench.gpu.64_run.csv
non-Kokkos,miyabi,gpu,f90,openacc,auto.opt,managed,nthreads,NTHREADS=128,64,512,512,512,134217728,2.107639E-01,1059.661,3.114810E-09,,,,Miyabi/D2.F90.acc.auto.opt/log/bench.gpu.64_run.csv
non-Kokkos,miyabi,uni,f90,openacc,auto.opt,unified,nthreads,NTHREADS=128,32,32,32,32,32768,2.590358E-01,53.88692,4.773022E-06,,,,Miyabi/D2.F90.acc.auto.opt/log/bench.uni.32_run.csv
non-Kokkos,miyabi,uni,f90,openacc,auto.opt,unified,nthreads,NTHREADS=128,32,64,64,64,262144,8.116698E-02,343.9488,1.213484E-05,,,,Miyabi/D2.F90.acc.auto.opt/log/bench.uni.32_run.csv
non-Kokkos,miyabi,uni,f90,openacc,auto.opt,unified,nthreads,NTHREADS=128,32,128,128,128,2097152,5.334377E-02,1046.693,4.812572E-06,,,,Miyabi/D2.F90.acc.auto.opt/log/bench.uni.32_run.csv
non-Kokkos,miyabi,uni,f90,openacc,auto.opt,unified,nthreads,NTHREADS=128,32,256,256,256,16777216,8.613992E-02,1296.369,1.187990E-06,,,,Miyabi/D2.F90.acc.auto.opt/log/bench.uni.32_run.csv
non-Kokkos,miyabi,uni,f90,openacc,auto.opt,unified,nthreads,NTHREADS=128,32,512,512,512,134217728,2.458389E-01,908.4743,3.071072E-07,,,,Miyabi/D2.F90.acc.auto.opt/log/bench.uni.32_run.csv
non-Kokkos,miyabi,uni,f90,openacc,auto.opt,unified,nthreads,NTHREADS=128,64,32,32,32,32768,2.669201E-01,52.29522,1.045213E-08,,,,Miyabi/D2.F90.acc.auto.opt/log/bench.uni.64_run.csv
non-Kokkos,miyabi,uni,f90,openacc,auto.opt,unified,nthreads,NTHREADS=128,64,64,64,64,262144,8.290696E-02,336.7303,1.452837E-07,,,,Miyabi/D2.F90.acc.auto.opt/log/bench.uni.64_run.csv
non-Kokkos,miyabi,uni,f90,openacc,auto.opt,unified,nthreads,NTHREADS=128,64,128,128,128,2097152,5.607104E-02,995.7827,4.690441E-06,,,,Miyabi/D2.F90.acc.auto.opt/log/bench.uni.64_run.csv
non-Kokkos,miyabi,uni,f90,openacc,auto.opt,unified,nthreads,NTHREADS=128,64,256,256,256,16777216,9.364009E-02,1192.536,1.864060E-07,,,,Miyabi/D2.F90.acc.auto.opt/log/bench.uni.64_run.csv
non-Kokkos,miyabi,uni,f90,openacc,auto.opt,unified,nthreads,NTHREADS=128,64,512,512,512,134217728,3.055339E-01,730.9772,3.114810E-09,,,,Miyabi/D2.F90.acc.auto.opt/log/bench.uni.64_run.csv
non-Kokkos,miyabi,gpu,f90,openacc,manu.def,separate,baseline,,32,32,32,32,32768,3.051300E-01,45.74655,4.773022E-06,,,,Miyabi/D3.F90.acc.manu.def/log/bench.gpu.32_run.csv
non-Kokkos,miyabi,gpu,f90,openacc,manu.def,separate,baseline,,32,64,64,64,262144,9.046006E-02,308.6145,1.213484E-05,,,,Miyabi/D3.F90.acc.manu.def/log/bench.gpu.32_run.csv
non-Kokkos,miyabi,gpu,f90,openacc,manu.def,separate,baseline,,32,128,128,128,2097152,5.420399E-02,1030.082,4.812572E-06,,,,Miyabi/D3.F90.acc.manu.def/log/bench.gpu.32_run.csv
non-Kokkos,miyabi,gpu,f90,openacc,manu.def,separate,baseline,,32,256,256,256,16777216,7.474709E-02,1493.96,1.187990E-06,,,,Miyabi/D3.F90.acc.manu.def/log/bench.gpu.32_run.csv
non-Kokkos,miyabi,gpu,f90,openacc,manu.def,separate,baseline,,32,512,512,512,134217728,1.405151E-01,1589.426,3.071072E-07,,,,Miyabi/D3.F90.acc.manu.def/log/bench.gpu.32_run.csv
non-Kokkos,miyabi,gpu,f90,openacc,manu.def,separate,baseline,,64,32,32,32,32768,3.033099E-01,46.02106,1.045213E-08,,,,Miyabi/D3.F90.acc.manu.def/log/bench.gpu.64_run.csv
non-Kokkos,miyabi,gpu,f90,openacc,manu.def,separate,baseline,,64,64,64,64,262144,9.152508E-02,305.0234,1.452837E-07,,,,Miyabi/D3.F90.acc.manu.def/log/bench.gpu.64_run.csv
non-Kokkos,miyabi,gpu,f90,openacc,manu.def,separate,baseline,,64,128,128,128,2097152,5.525184E-02,1010.547,4.690441E-06,,,,Miyabi/D3.F90.acc.manu.def/log/bench.gpu.64_run.csv
non-Kokkos,miyabi,gpu,f90,openacc,manu.def,separate,baseline,,64,256,256,256,16777216,7.680798E-02,1453.874,1.864060E-07,,,,Miyabi/D3.F90.acc.manu.def/log/bench.gpu.64_run.csv
non-Kokkos,miyabi,gpu,f90,openacc,manu.def,separate,baseline,,64,512,512,512,134217728,1.458251E-01,1531.549,3.114810E-09,,,,Miyabi/D3.F90.acc.manu.def/log/bench.gpu.64_run.csv
non-Kokkos,miyabi,gpu,f90,openacc,manu.opt,separate,nthreads,NTHREADS=128,32,32,32,32,32768,3.012090E-01,46.34206,4.773022E-06,,,,Miyabi/D4.F90.acc.manu.opt/log/bench.gpu.32_run.csv
non-Kokkos,miyabi,gpu,f90,openacc,manu.opt,separate,nthreads,NTHREADS=128,32,64,64,64,262144,9.106398E-02,306.5679,1.213484E-05,,,,Miyabi/D4.F90.acc.manu.opt/log/bench.gpu.32_run.csv
non-Kokkos,miyabi,gpu,f90,openacc,manu.opt,separate,nthreads,NTHREADS=128,32,128,128,128,2097152,5.397701E-02,1034.414,4.812572E-06,,,,Miyabi/D4.F90.acc.manu.opt/log/bench.gpu.32_run.csv
non-Kokkos,miyabi,gpu,f90,openacc,manu.opt,separate,nthreads,NTHREADS=128,32,256,256,256,16777216,7.463288E-02,1496.246,1.187990E-06,,,,Miyabi/D4.F90.acc.manu.opt/log/bench.gpu.32_run.csv
non-Kokkos,miyabi,gpu,f90,openacc,manu.opt,separate,nthreads,NTHREADS=128,32,512,512,512,134217728,1.404979E-01,1589.62,3.071072E-07,,,,Miyabi/D4.F90.acc.manu.opt/log/bench.gpu.32_run.csv
non-Kokkos,miyabi,gpu,f90,openacc,manu.opt,separate,nthreads,NTHREADS=128,64,32,32,32,32768,3.046460E-01,45.81922,1.045213E-08,,,,Miyabi/D4.F90.acc.manu.opt/log/bench.gpu.64_run.csv
non-Kokkos,miyabi,gpu,f90,openacc,manu.opt,separate,nthreads,NTHREADS=128,64,64,64,64,262144,9.174705E-02,304.2854,1.452837E-07,,,,Miyabi/D4.F90.acc.manu.opt/log/bench.gpu.64_run.csv
non-Kokkos,miyabi,gpu,f90,openacc,manu.opt,separate,nthreads,NTHREADS=128,64,128,128,128,2097152,5.478191E-02,1019.215,4.690441E-06,,,,Miyabi/D4.F90.acc.manu.opt/log/bench.gpu.64_run.csv
non-Kokkos,miyabi,gpu,f90,openacc,manu.opt,separate,nthreads,NTHREADS=128,64,256,256,256,16777216,7.636499E-02,1462.308,1.864060E-07,,,,Miyabi/D4.F90.acc.manu.opt/log/bench.gpu.64_run.csv
non-Kokkos,miyabi,gpu,f90,openacc,manu.opt,separate,nthreads,NTHREADS=128,64,512,512,512,134217728,1.457200E-01,1532.654,3.114810E-09,,,,Miyabi/D4.F90.acc.manu.opt/log/bench.gpu.64_run.csv
non-Kokkos,miyabi,gpu,f90,openmp-target,auto.def,managed,baseline,,32,32,32,32,32768,2.607040E-01,53.54211,4.773022E-06,,,,Miyabi/E1.F90.omp.auto.def/log/bench.gpu.32_run.csv
non-Kokkos,miyabi,gpu,f90,openmp-target,auto.def,managed,baseline,,32,64,64,64,262144,8.087683E-02,345.1828,1.213484E-05,,,,Miyabi/E1.F90.omp.auto.def/log/bench.gpu.32_run.csv
non-Kokkos,miyabi,gpu,f90,openmp-target,auto.def,managed,baseline,,32,128,128,128,2097152,5.184793E-02,1076.891,4.812572E-06,,,,Miyabi/E1.F90.omp.auto.def/log/bench.gpu.32_run.csv
non-Kokkos,miyabi,gpu,f90,openmp-target,auto.def,managed,baseline,,32,256,256,256,16777216,7.757807E-02,1439.442,1.187990E-06,,,,Miyabi/E1.F90.omp.auto.def/log/bench.gpu.32_run.csv
non-Kokkos,miyabi,gpu,f90,openmp-target,auto.def,managed,baseline,,32,512,512,512,134217728,1.716490E-01,1301.134,3.071072E-07,,,,Miyabi/E1.F90.omp.auto.def/log/bench.gpu.32_run.csv
non-Kokkos,miyabi,gpu,f90,openmp-target,auto.def,managed,baseline,,64,32,32,32,32768,2.695599E-01,51.78309,1.045213E-08,,,,Miyabi/E1.F90.omp.auto.def/log/bench.gpu.64_run.csv
non-Kokkos,miyabi,gpu,f90,openmp-target,auto.def,managed,baseline,,64,64,64,64,262144,8.392787E-02,332.6343,1.452837E-07,,,,Miyabi/E1.F90.omp.auto.def/log/bench.gpu.64_run.csv
non-Kokkos,miyabi,gpu,f90,openmp-target,auto.def,managed,baseline,,64,128,128,128,2097152,5.610895E-02,995.1099,4.690441E-06,,,,Miyabi/E1.F90.omp.auto.def/log/bench.gpu.64_run.csv
non-Kokkos,miyabi,gpu,f90,openmp-target,auto.def,managed,baseline,,64,256,256,256,16777216,9.555006E-02,1168.698,1.864060E-07,,,,Miyabi/E1.F90.omp.auto.def/log/bench.gpu.64_run.csv
non-Kokkos,miyabi,gpu,f90,openmp-target,auto.def,managed,baseline,,64,512,512,512,134217728,7.440810E-01,300.1532,3.114810E-09,,,,Miyabi/E1.F90.omp.auto.def/log/bench.gpu.64_run.csv
non-Kokkos,miyabi,uni,f90,openmp-target,auto.def,unified,baseline,,32,32,32,32,32768,2.646608E-01,52.74163,4.773022E-06,,,,Miyabi/E1.F90.omp.auto.def/log/bench.uni.32_run.csv
non-Kokkos,miyabi,uni,f90,openmp-target,auto.def,unified,baseline,,32,64,64,64,262144,8.264303E-02,337.8057,1.213484E-05,,,,Miyabi/E1.F90.omp.auto.def/log/bench.uni.32_run.csv
non-Kokkos,miyabi,uni,f90,openmp-target,auto.def,unified,baseline,,32,128,128,128,2097152,5.326486E-02,1048.244,4.812572E-06,,,,Miyabi/E1.F90.omp.auto.def/log/bench.uni.32_run.csv
non-Kokkos,miyabi,uni,f90,openmp-target,auto.def,unified,baseline,,32,256,256,256,16777216,8.656907E-02,1289.943,1.187990E-06,,,,Miyabi/E1.F90.omp.auto.def/log/bench.uni.32_run.csv
non-Kokkos,miyabi,uni,f90,openmp-target,auto.def,unified,baseline,,32,512,512,512,134217728,2.273841E-01,982.2072,3.071072E-07,,,,Miyabi/E1.F90.omp.auto.def/log/bench.uni.32_run.csv
non-Kokkos,miyabi,uni,f90,openmp-target,auto.def,unified,baseline,,64,32,32,32,32768,2.727621E-01,51.17517,1.045213E-08,,,,Miyabi/E1.F90.omp.auto.def/log/bench.uni.64_run.csv
non-Kokkos,miyabi,uni,f90,openmp-target,auto.def,unified,baseline,,64,64,64,64,262144,8.318996E-02,335.5848,1.452837E-07,,,,Miyabi/E1.F90.omp.auto.def/log/bench.uni.64_run.csv
non-Kokkos,miyabi,uni,f90,openmp-target,auto.def,unified,baseline,,64,128,128,128,2097152,5.644798E-02,989.1332,4.690441E-06,,,,Miyabi/E1.F90.omp.auto.def/log/bench.uni.64_run.csv
non-Kokkos,miyabi,uni,f90,openmp-target,auto.def,unified,baseline,,64,256,256,256,16777216,9.726715E-02,1148.066,1.864060E-07,,,,Miyabi/E1.F90.omp.auto.def/log/bench.uni.64_run.csv
non-Kokkos,miyabi,uni,f90,openmp-target,auto.def,unified,baseline,,64,512,512,512,134217728,3.163512E-01,705.9822,3.114810E-09,,,,Miyabi/E1.F90.omp.auto.def/log/bench.uni.64_run.csv
non-Kokkos,miyabi,gpu,f90,openmp-target,auto.opt,managed,nthreads,NTHREADS=128,32,32,32,32,32768,2.619131E-01,53.29495,4.773022E-06,,,,Miyabi/E2.F90.omp.auto.opt/log/bench.gpu.32_run.csv
non-Kokkos,miyabi,gpu,f90,openmp-target,auto.opt,managed,nthreads,NTHREADS=128,32,64,64,64,262144,8.178902E-02,341.333,1.213484E-05,,,,Miyabi/E2.F90.omp.auto.opt/log/bench.gpu.32_run.csv
non-Kokkos,miyabi,gpu,f90,openmp-target,auto.opt,managed,nthreads,NTHREADS=128,32,128,128,128,2097152,5.210185E-02,1071.643,4.812572E-06,,,,Miyabi/E2.F90.omp.auto.opt/log/bench.gpu.32_run.csv
non-Kokkos,miyabi,gpu,f90,openmp-target,auto.opt,managed,nthreads,NTHREADS=128,32,256,256,256,16777216,7.719779E-02,1446.533,1.187990E-06,,,,Miyabi/E2.F90.omp.auto.opt/log/bench.gpu.32_run.csv
non-Kokkos,miyabi,gpu,f90,openmp-target,auto.opt,managed,nthreads,NTHREADS=128,32,512,512,512,134217728,1.704111E-01,1310.585,3.071072E-07,,,,Miyabi/E2.F90.omp.auto.opt/log/bench.gpu.32_run.csv
non-Kokkos,miyabi,gpu,f90,openmp-target,auto.opt,managed,nthreads,NTHREADS=128,64,32,32,32,32768,2.656021E-01,52.55472,1.045213E-08,,,,Miyabi/E2.F90.omp.auto.opt/log/bench.gpu.64_run.csv
non-Kokkos,miyabi,gpu,f90,openmp-target,auto.opt,managed,nthreads,NTHREADS=128,64,64,64,64,262144,8.322597E-02,335.4396,1.452837E-07,,,,Miyabi/E2.F90.omp.auto.opt/log/bench.gpu.64_run.csv
non-Kokkos,miyabi,gpu,f90,openmp-target,auto.opt,managed,nthreads,NTHREADS=128,64,128,128,128,2097152,5.460382E-02,1022.54,4.690441E-06,,,,Miyabi/E2.F90.omp.auto.opt/log/bench.gpu.64_run.csv
non-Kokkos,miyabi,gpu,f90,openmp-target,auto.opt,managed,nthreads,NTHREADS=128,64,256,256,256,16777216,8.581781E-02,1301.235,1.864060E-07,,,,Miyabi/E2.F90.omp.auto.opt/log/bench.gpu.64_run.csv
non-Kokkos,miyabi,gpu,f90,openmp-target,auto.opt,managed,nthreads,NTHREADS=128,64,512,512,512,134217728,2.140281E-01,1043.5,3.114810E-09,,,,Miyabi/E2.F90.omp.auto.opt/log/bench.gpu.64_run.csv
non-Kokkos,miyabi,uni,f90,openmp-target,auto.opt,unified,nthreads,NTHREADS=128,32,32,32,32,32768,2.663641E-01,52.40437,4.773022E-06,,,,Miyabi/E2.F90.omp.auto.opt/log/bench.uni.32_run.csv
non-Kokkos,miyabi,uni,f90,openmp-target,auto.opt,unified,nthreads,NTHREADS=128,32,64,64,64,262144,8.330083E-02,335.1382,1.213484E-05,,,,Miyabi/E2.F90.omp.auto.opt/log/bench.uni.32_run.csv
non-Kokkos,miyabi,uni,f90,openmp-target,auto.opt,unified,nthreads,NTHREADS=128,32,128,128,128,2097152,5.360699E-02,1041.554,4.812572E-06,,,,Miyabi/E2.F90.omp.auto.opt/log/bench.uni.32_run.csv
non-Kokkos,miyabi,uni,f90,openmp-target,auto.opt,unified,nthreads,NTHREADS=128,32,256,256,256,16777216,8.504295E-02,1313.091,1.187990E-06,,,,Miyabi/E2.F90.omp.auto.opt/log/bench.uni.32_run.csv
non-Kokkos,miyabi,uni,f90,openmp-target,auto.opt,unified,nthreads,NTHREADS=128,32,512,512,512,134217728,2.660639E-01,839.4159,3.071072E-07,,,,Miyabi/E2.F90.omp.auto.opt/log/bench.uni.32_run.csv
non-Kokkos,miyabi,uni,f90,openmp-target,auto.opt,unified,nthreads,NTHREADS=128,64,32,32,32,32768,2.730632E-01,51.11873,1.045213E-08,,,,Miyabi/E2.F90.omp.auto.opt/log/bench.uni.64_run.csv
non-Kokkos,miyabi,uni,f90,openmp-target,auto.opt,unified,nthreads,NTHREADS=128,64,64,64,64,262144,8.427787E-02,331.2529,1.452837E-07,,,,Miyabi/E2.F90.omp.auto.opt/log/bench.uni.64_run.csv
non-Kokkos,miyabi,uni,f90,openmp-target,auto.opt,unified,nthreads,NTHREADS=128,64,128,128,128,2097152,5.682087E-02,982.642,4.690441E-06,,,,Miyabi/E2.F90.omp.auto.opt/log/bench.uni.64_run.csv
non-Kokkos,miyabi,uni,f90,openmp-target,auto.opt,unified,nthreads,NTHREADS=128,64,256,256,256,16777216,9.883690E-02,1129.833,1.864060E-07,,,,Miyabi/E2.F90.omp.auto.opt/log/bench.uni.64_run.csv
non-Kokkos,miyabi,uni,f90,openmp-target,auto.opt,unified,nthreads,NTHREADS=128,64,512,512,512,134217728,3.085589E-01,723.8108,3.114810E-09,,,,Miyabi/E2.F90.omp.auto.opt/log/bench.uni.64_run.csv
non-Kokkos,miyabi,gpu,f90,openmp-target,manu.def,separate,baseline,,32,32,32,32,32768,2.637320E-01,52.92739,4.773022E-06,,,,Miyabi/E3.F90.omp.manu.def/log/bench.gpu.32_run.csv
non-Kokkos,miyabi,gpu,f90,openmp-target,manu.def,separate,baseline,,32,64,64,64,262144,8.138704E-02,343.0188,1.213484E-05,,,,Miyabi/E3.F90.omp.manu.def/log/bench.gpu.32_run.csv
non-Kokkos,miyabi,gpu,f90,openmp-target,manu.def,separate,baseline,,32,128,128,128,2097152,5.140090E-02,1086.257,4.812572E-06,,,,Miyabi/E3.F90.omp.manu.def/log/bench.gpu.32_run.csv
non-Kokkos,miyabi,gpu,f90,openmp-target,manu.def,separate,baseline,,32,256,256,256,16777216,7.332802E-02,1522.872,1.187990E-06,,,,Miyabi/E3.F90.omp.manu.def/log/bench.gpu.32_run.csv
non-Kokkos,miyabi,gpu,f90,openmp-target,manu.def,separate,baseline,,32,512,512,512,134217728,1.386399E-01,1610.923,3.071072E-07,,,,Miyabi/E3.F90.omp.manu.def/log/bench.gpu.32_run.csv
non-Kokkos,miyabi,gpu,f90,openmp-target,manu.def,separate,baseline,,64,32,32,32,32768,2.661591E-01,52.44474,1.045213E-08,,,,Miyabi/E3.F90.omp.manu.def/log/bench.gpu.64_run.csv
non-Kokkos,miyabi,gpu,f90,openmp-target,manu.def,separate,baseline,,64,64,64,64,262144,8.272791E-02,337.4591,1.452837E-07,,,,Miyabi/E3.F90.omp.manu.def/log/bench.gpu.64_run.csv
non-Kokkos,miyabi,gpu,f90,openmp-target,manu.def,separate,baseline,,64,128,128,128,2097152,5.340004E-02,1045.591,4.690441E-06,,,,Miyabi/E3.F90.omp.manu.def/log/bench.gpu.64_run.csv
non-Kokkos,miyabi,gpu,f90,openmp-target,manu.def,separate,baseline,,64,256,256,256,16777216,7.699990E-02,1450.251,1.864060E-07,,,,Miyabi/E3.F90.omp.manu.def/log/bench.gpu.64_run.csv
non-Kokkos,miyabi,gpu,f90,openmp-target,manu.def,separate,baseline,,64,512,512,512,134217728,1.478589E-01,1510.483,3.114810E-09,,,,Miyabi/E3.F90.omp.manu.def/log/bench.gpu.64_run.csv
non-Kokkos,miyabi,gpu,f90,openmp-target,manu.opt,separate,nthreads,NTHREADS=128,32,32,32,32,32768,2.641671E-01,52.84021,4.773022E-06,,,,Miyabi/E4.F90.omp.manu.opt/log/bench.gpu.32_run.csv
non-Kokkos,miyabi,gpu,f90,openmp-target,manu.opt,separate,nthreads,NTHREADS=128,32,64,64,64,262144,8.085704E-02,345.2673,1.213484E-05,,,,Miyabi/E4.F90.omp.manu.opt/log/bench.gpu.32_run.csv
non-Kokkos,miyabi,gpu,f90,openmp-target,manu.opt,separate,nthreads,NTHREADS=128,32,128,128,128,2097152,5.134082E-02,1087.528,4.812572E-06,,,,Miyabi/E4.F90.omp.manu.opt/log/bench.gpu.32_run.csv
non-Kokkos,miyabi,gpu,f90,openmp-target,manu.opt,separate,nthreads,NTHREADS=128,32,256,256,256,16777216,7.325888E-02,1524.309,1.187990E-06,,,,Miyabi/E4.F90.omp.manu.opt/log/bench.gpu.32_run.csv
non-Kokkos,miyabi,gpu,f90,openmp-target,manu.opt,separate,nthreads,NTHREADS=128,32,512,512,512,134217728,1.387980E-01,1609.089,3.071072E-07,,,,Miyabi/E4.F90.omp.manu.opt/log/bench.gpu.32_run.csv
non-Kokkos,miyabi,gpu,f90,openmp-target,manu.opt,separate,nthreads,NTHREADS=128,64,32,32,32,32768,2.668321E-01,52.31246,1.045213E-08,,,,Miyabi/E4.F90.omp.manu.opt/log/bench.gpu.64_run.csv
non-Kokkos,miyabi,gpu,f90,openmp-target,manu.opt,separate,nthreads,NTHREADS=128,64,64,64,64,262144,8.269215E-02,337.6051,1.452837E-07,,,,Miyabi/E4.F90.omp.manu.opt/log/bench.gpu.64_run.csv
non-Kokkos,miyabi,gpu,f90,openmp-target,manu.opt,separate,nthreads,NTHREADS=128,64,128,128,128,2097152,5.381608E-02,1037.507,4.690441E-06,,,,Miyabi/E4.F90.omp.manu.opt/log/bench.gpu.64_run.csv
non-Kokkos,miyabi,gpu,f90,openmp-target,manu.opt,separate,nthreads,NTHREADS=128,64,256,256,256,16777216,7.681704E-02,1453.703,1.864060E-07,,,,Miyabi/E4.F90.omp.manu.opt/log/bench.gpu.64_run.csv
non-Kokkos,miyabi,gpu,f90,openmp-target,manu.opt,separate,nthreads,NTHREADS=128,64,512,512,512,134217728,1.493709E-01,1495.193,3.114810E-09,,,,Miyabi/E4.F90.omp.manu.opt/log/bench.gpu.64_run.csv
non-Kokkos,miyabi,cpu,f90,openmp-cpu,,cpu-only,baseline,,32,32,32,32,32768,1.032806E+00,13.51526,7.100714E-06,,,,Miyabi/F/log/bench.cpu.32_run.csv
non-Kokkos,miyabi,cpu,f90,openmp-cpu,,cpu-only,baseline,,32,64,64,64,262144,1.579156E+00,17.67861,1.687863E-05,,,,Miyabi/F/log/bench.cpu.32_run.csv
non-Kokkos,miyabi,cpu,f90,openmp-cpu,,cpu-only,baseline,,32,128,128,128,2097152,1.155580E+00,48.31736,5.312568E-06,,,,Miyabi/F/log/bench.cpu.32_run.csv
non-Kokkos,miyabi,cpu,f90,openmp-cpu,,cpu-only,baseline,,32,256,256,256,16777216,1.554075E+00,71.8557,1.518210E-06,,,,Miyabi/F/log/bench.cpu.32_run.csv
non-Kokkos,miyabi,cpu,f90,openmp-cpu,,cpu-only,baseline,,32,512,512,512,134217728,1.791994E+00,124.6312,4.015512E-07,,,,Miyabi/F/log/bench.cpu.32_run.csv
non-Kokkos,miyabi,cpu,f90,openmp-cpu,,cpu-only,baseline,,64,32,32,32,32768,1.644038E+00,8.490463,1.045211E-08,,,,Miyabi/F/log/bench.cpu.64_run.csv
non-Kokkos,miyabi,cpu,f90,openmp-cpu,,cpu-only,baseline,,64,64,64,64,262144,1.603378E+00,17.41155,1.452837E-07,,,,Miyabi/F/log/bench.cpu.64_run.csv
non-Kokkos,miyabi,cpu,f90,openmp-cpu,,cpu-only,baseline,,64,128,128,128,2097152,1.281765E+00,43.5607,4.690441E-06,,,,Miyabi/F/log/bench.cpu.64_run.csv
non-Kokkos,miyabi,cpu,f90,openmp-cpu,,cpu-only,baseline,,64,256,256,256,16777216,2.661087E+00,41.96373,1.864060E-07,,,,Miyabi/F/log/bench.cpu.64_run.csv
non-Kokkos,miyabi,cpu,f90,openmp-cpu,,cpu-only,baseline,,64,512,512,512,134217728,2.201116E+00,101.4659,3.114810E-09,,,,Miyabi/F/log/bench.cpu.64_run.csv
non-Kokkos,miyabi,gpu,f90,do-concurrent,auto.def,managed,baseline,,32,32,32,32,32768,2.989299E-01,46.69537,4.773022E-06,,,,Miyabi/F1.F90.std.auto.def/log/bench.gpu.32_run.csv
non-Kokkos,miyabi,gpu,f90,do-concurrent,auto.def,managed,baseline,,32,64,64,64,262144,9.093809E-02,306.9922,1.213484E-05,,,,Miyabi/F1.F90.std.auto.def/log/bench.gpu.32_run.csv
non-Kokkos,miyabi,gpu,f90,do-concurrent,auto.def,managed,baseline,,32,128,128,128,2097152,5.441403E-02,1026.106,4.812572E-06,,,,Miyabi/F1.F90.std.auto.def/log/bench.gpu.32_run.csv
non-Kokkos,miyabi,gpu,f90,do-concurrent,auto.def,managed,baseline,,32,256,256,256,16777216,7.944512E-02,1405.614,1.187990E-06,,,,Miyabi/F1.F90.std.auto.def/log/bench.gpu.32_run.csv
non-Kokkos,miyabi,gpu,f90,do-concurrent,auto.def,managed,baseline,,32,512,512,512,134217728,1.763470E-01,1266.471,3.071072E-07,,,,Miyabi/F1.F90.std.auto.def/log/bench.gpu.32_run.csv
non-Kokkos,miyabi,gpu,f90,do-concurrent,auto.def,managed,baseline,,64,32,32,32,32768,2.998071E-01,46.55875,1.045213E-08,,,,Miyabi/F1.F90.std.auto.def/log/bench.gpu.64_run.csv
non-Kokkos,miyabi,gpu,f90,do-concurrent,auto.def,managed,baseline,,64,64,64,64,262144,9.151697E-02,305.0504,1.452837E-07,,,,Miyabi/F1.F90.std.auto.def/log/bench.gpu.64_run.csv
non-Kokkos,miyabi,gpu,f90,do-concurrent,auto.def,managed,baseline,,64,128,128,128,2097152,5.581689E-02,1000.317,4.690441E-06,,,,Miyabi/F1.F90.std.auto.def/log/bench.gpu.64_run.csv
non-Kokkos,miyabi,gpu,f90,do-concurrent,auto.def,managed,baseline,,64,256,256,256,16777216,8.525610E-02,1309.808,1.864060E-07,,,,Miyabi/F1.F90.std.auto.def/log/bench.gpu.64_run.csv
non-Kokkos,miyabi,gpu,f90,do-concurrent,auto.def,managed,baseline,,64,512,512,512,134217728,2.110171E-01,1058.389,3.114810E-09,,,,Miyabi/F1.F90.std.auto.def/log/bench.gpu.64_run.csv
non-Kokkos,miyabi,uni,f90,do-concurrent,auto.def,unified,baseline,,32,32,32,32,32768,2.624078E-01,53.19447,4.773022E-06,,,,Miyabi/F1.F90.std.auto.def/log/bench.uni.32_run.csv
non-Kokkos,miyabi,uni,f90,do-concurrent,auto.def,unified,baseline,,32,64,64,64,262144,8.228803E-02,339.2631,1.213484E-05,,,,Miyabi/F1.F90.std.auto.def/log/bench.uni.32_run.csv
non-Kokkos,miyabi,uni,f90,do-concurrent,auto.def,unified,baseline,,32,128,128,128,2097152,5.307102E-02,1052.073,4.812572E-06,,,,Miyabi/F1.F90.std.auto.def/log/bench.uni.32_run.csv
non-Kokkos,miyabi,uni,f90,do-concurrent,auto.def,unified,baseline,,32,256,256,256,16777216,8.775115E-02,1272.566,1.187990E-06,,,,Miyabi/F1.F90.std.auto.def/log/bench.uni.32_run.csv
non-Kokkos,miyabi,uni,f90,do-concurrent,auto.def,unified,baseline,,32,512,512,512,134217728,2.396729E-01,931.8463,3.071072E-07,,,,Miyabi/F1.F90.std.auto.def/log/bench.uni.32_run.csv
non-Kokkos,miyabi,uni,f90,do-concurrent,auto.def,unified,baseline,,64,32,32,32,32768,2.680371E-01,52.07729,1.045213E-08,,,,Miyabi/F1.F90.std.auto.def/log/bench.uni.64_run.csv
non-Kokkos,miyabi,uni,f90,do-concurrent,auto.def,unified,baseline,,64,64,64,64,262144,8.343911E-02,334.5827,1.452837E-07,,,,Miyabi/F1.F90.std.auto.def/log/bench.uni.64_run.csv
non-Kokkos,miyabi,uni,f90,do-concurrent,auto.def,unified,baseline,,64,128,128,128,2097152,5.515194E-02,1012.377,4.690441E-06,,,,Miyabi/F1.F90.std.auto.def/log/bench.uni.64_run.csv
non-Kokkos,miyabi,uni,f90,do-concurrent,auto.def,unified,baseline,,64,256,256,256,16777216,9.511781E-02,1174.009,1.864060E-07,,,,Miyabi/F1.F90.std.auto.def/log/bench.uni.64_run.csv
non-Kokkos,miyabi,uni,f90,do-concurrent,auto.def,unified,baseline,,64,512,512,512,134217728,3.163850E-01,705.9067,3.114810E-09,,,,Miyabi/F1.F90.std.auto.def/log/bench.uni.64_run.csv
non-Kokkos,miyabi,gpu,f90,do-concurrent,auto.opt,managed,baseline,,32,32,32,32,32768,2.959960E-01,47.15823,4.773022E-06,,,,Miyabi/F2.F90.std.auto.opt/log/bench.gpu.32_run.csv
non-Kokkos,miyabi,gpu,f90,do-concurrent,auto.opt,managed,baseline,,32,64,64,64,262144,9.064507E-02,307.9846,1.213484E-05,,,,Miyabi/F2.F90.std.auto.opt/log/bench.gpu.32_run.csv
non-Kokkos,miyabi,gpu,f90,do-concurrent,auto.opt,managed,baseline,,32,128,128,128,2097152,5.441403E-02,1026.106,4.812572E-06,,,,Miyabi/F2.F90.std.auto.opt/log/bench.gpu.32_run.csv
non-Kokkos,miyabi,gpu,f90,do-concurrent,auto.opt,managed,baseline,,32,256,256,256,16777216,7.948303E-02,1404.943,1.187990E-06,,,,Miyabi/F2.F90.std.auto.opt/log/bench.gpu.32_run.csv
non-Kokkos,miyabi,gpu,f90,do-concurrent,auto.opt,managed,baseline,,32,512,512,512,134217728,1.773131E-01,1259.57,3.071072E-07,,,,Miyabi/F2.F90.std.auto.opt/log/bench.gpu.32_run.csv
non-Kokkos,miyabi,gpu,f90,do-concurrent,auto.opt,managed,baseline,,64,32,32,32,32768,3.002591E-01,46.48866,1.045213E-08,,,,Miyabi/F2.F90.std.auto.opt/log/bench.gpu.64_run.csv
non-Kokkos,miyabi,gpu,f90,do-concurrent,auto.opt,managed,baseline,,64,64,64,64,262144,9.214997E-02,302.9549,1.452837E-07,,,,Miyabi/F2.F90.std.auto.opt/log/bench.gpu.64_run.csv
non-Kokkos,miyabi,gpu,f90,do-concurrent,auto.opt,managed,baseline,,64,128,128,128,2097152,5.617499E-02,993.94,4.690441E-06,,,,Miyabi/F2.F90.std.auto.opt/log/bench.gpu.64_run.csv
non-Kokkos,miyabi,gpu,f90,do-concurrent,auto.opt,managed,baseline,,64,256,256,256,16777216,8.537507E-02,1307.983,1.864060E-07,,,,Miyabi/F2.F90.std.auto.opt/log/bench.gpu.64_run.csv
non-Kokkos,miyabi,gpu,f90,do-concurrent,auto.opt,managed,baseline,,64,512,512,512,134217728,2.118120E-01,1054.417,3.114810E-09,,,,Miyabi/F2.F90.std.auto.opt/log/bench.gpu.64_run.csv
non-Kokkos,miyabi,uni,f90,do-concurrent,auto.opt,unified,baseline,,32,32,32,32,32768,2.626941E-01,53.13649,4.773022E-06,,,,Miyabi/F2.F90.std.auto.opt/log/bench.uni.32_run.csv
non-Kokkos,miyabi,uni,f90,do-concurrent,auto.opt,unified,baseline,,32,64,64,64,262144,8.245397E-02,338.5803,1.213484E-05,,,,Miyabi/F2.F90.std.auto.opt/log/bench.uni.32_run.csv
non-Kokkos,miyabi,uni,f90,do-concurrent,auto.opt,unified,baseline,,32,128,128,128,2097152,5.313993E-02,1050.709,4.812572E-06,,,,Miyabi/F2.F90.std.auto.opt/log/bench.uni.32_run.csv
non-Kokkos,miyabi,uni,f90,do-concurrent,auto.opt,unified,baseline,,32,256,256,256,16777216,8.690786E-02,1284.914,1.187990E-06,,,,Miyabi/F2.F90.std.auto.opt/log/bench.uni.32_run.csv
non-Kokkos,miyabi,uni,f90,do-concurrent,auto.opt,unified,baseline,,32,512,512,512,134217728,2.878950E-01,775.7631,3.071072E-07,,,,Miyabi/F2.F90.std.auto.opt/log/bench.uni.32_run.csv
non-Kokkos,miyabi,uni,f90,do-concurrent,auto.opt,unified,baseline,,64,32,32,32,32768,2.694161E-01,51.81073,1.045213E-08,,,,Miyabi/F2.F90.std.auto.opt/log/bench.uni.64_run.csv
non-Kokkos,miyabi,uni,f90,do-concurrent,auto.opt,unified,baseline,,64,64,64,64,262144,8.398199E-02,332.4199,1.452837E-07,,,,Miyabi/F2.F90.std.auto.opt/log/bench.uni.64_run.csv
non-Kokkos,miyabi,uni,f90,do-concurrent,auto.opt,unified,baseline,,64,128,128,128,2097152,5.537510E-02,1008.298,4.690441E-06,,,,Miyabi/F2.F90.std.auto.opt/log/bench.uni.64_run.csv
non-Kokkos,miyabi,uni,f90,do-concurrent,auto.opt,unified,baseline,,64,256,256,256,16777216,9.599209E-02,1163.316,1.864060E-07,,,,Miyabi/F2.F90.std.auto.opt/log/bench.uni.64_run.csv
non-Kokkos,miyabi,uni,f90,do-concurrent,auto.opt,unified,baseline,,64,512,512,512,134217728,2.977068E-01,750.1954,3.114810E-09,,,,Miyabi/F2.F90.std.auto.opt/log/bench.uni.64_run.csv
non-Kokkos,wisteria,gpu,cpp,openacc,auto.def,managed,baseline,,32,32,32,32,32768,4.754890e-01,29.3564,4.777080e-06,,,,Wisteria/A1.C++.acc.auto.def/log/bench.gpu.32_run.csv
non-Kokkos,wisteria,gpu,cpp,openacc,auto.def,managed,baseline,,32,64,64,64,262144,2.742450e-01,101.7969,1.214079e-05,,,,Wisteria/A1.C++.acc.auto.def/log/bench.gpu.32_run.csv
non-Kokkos,wisteria,gpu,cpp,openacc,auto.def,managed,baseline,,32,128,128,128,2097152,3.167340e-01,176.2822,4.813602e-06,,,,Wisteria/A1.C++.acc.auto.def/log/bench.gpu.32_run.csv
non-Kokkos,wisteria,gpu,cpp,openacc,auto.def,managed,baseline,,32,256,256,256,16777216,5.607050e-01,199.1585,1.186005e-06,,,,Wisteria/A1.C++.acc.auto.def/log/bench.gpu.32_run.csv
non-Kokkos,wisteria,gpu,cpp,openacc,auto.def,managed,baseline,,32,512,512,512,134217728,1.140219e+00,195.8732,3.069118e-07,,,,Wisteria/A1.C++.acc.auto.def/log/bench.gpu.32_run.csv
non-Kokkos,wisteria,gpu,cpp,openacc,auto.def,managed,baseline,,64,32,32,32,32768,5.037360e-01,27.71024,4.342730e-15,,,,Wisteria/A1.C++.acc.auto.def/log/bench.gpu.64_run.csv
non-Kokkos,wisteria,gpu,cpp,openacc,auto.def,managed,baseline,,64,64,64,64,262144,2.631460e-01,106.0905,1.448847e-07,,,,Wisteria/A1.C++.acc.auto.def/log/bench.gpu.64_run.csv
non-Kokkos,wisteria,gpu,cpp,openacc,auto.def,managed,baseline,,64,128,128,128,2097152,3.073450e-01,181.6674,4.691528e-06,,,,Wisteria/A1.C++.acc.auto.def/log/bench.gpu.64_run.csv
non-Kokkos,wisteria,gpu,cpp,openacc,auto.def,managed,baseline,,64,256,256,256,16777216,5.405220e-01,206.595,1.877011e-07,,,,Wisteria/A1.C++.acc.auto.def/log/bench.gpu.64_run.csv
non-Kokkos,wisteria,gpu,cpp,openacc,auto.def,managed,baseline,,64,512,512,512,134217728,3.063420e+00,72.90489,7.088435e-09,,,,Wisteria/A1.C++.acc.auto.def/log/bench.gpu.64_run.csv
non-Kokkos,wisteria,gpu,cpp,openacc,auto.opt,managed,nthreads,NTHREADS=128,32,32,32,32,32768,5.816790e-01,23.99716,4.777080e-06,,,,Wisteria/A2.C++.acc.auto.opt/log/bench.gpu.32_run.csv
non-Kokkos,wisteria,gpu,cpp,openacc,auto.opt,managed,nthreads,NTHREADS=128,32,64,64,64,262144,2.928450e-01,95.33128,1.214079e-05,,,,Wisteria/A2.C++.acc.auto.opt/log/bench.gpu.32_run.csv
non-Kokkos,wisteria,gpu,cpp,openacc,auto.opt,managed,nthreads,NTHREADS=128,32,128,128,128,2097152,3.397490e-01,164.3407,4.813602e-06,,,,Wisteria/A2.C++.acc.auto.opt/log/bench.gpu.32_run.csv
non-Kokkos,wisteria,gpu,cpp,openacc,auto.opt,managed,nthreads,NTHREADS=128,32,256,256,256,16777216,6.422030e-01,173.8845,1.186005e-06,,,,Wisteria/A2.C++.acc.auto.opt/log/bench.gpu.32_run.csv
non-Kokkos,wisteria,gpu,cpp,openacc,auto.opt,managed,nthreads,NTHREADS=128,32,512,512,512,134217728,1.227250e+00,181.9827,3.069118e-07,,,,Wisteria/A2.C++.acc.auto.opt/log/bench.gpu.32_run.csv
non-Kokkos,wisteria,gpu,cpp,openacc,auto.opt,managed,nthreads,NTHREADS=128,64,32,32,32,32768,4.612780e-01,30.26081,4.342730e-15,,,,Wisteria/A2.C++.acc.auto.opt/log/bench.gpu.64_run.csv
non-Kokkos,wisteria,gpu,cpp,openacc,auto.opt,managed,nthreads,NTHREADS=128,64,64,64,64,262144,2.426720e-01,115.0412,1.448847e-07,,,,Wisteria/A2.C++.acc.auto.opt/log/bench.gpu.64_run.csv
non-Kokkos,wisteria,gpu,cpp,openacc,auto.opt,managed,nthreads,NTHREADS=128,64,128,128,128,2097152,3.326210e-01,167.8624,4.691528e-06,,,,Wisteria/A2.C++.acc.auto.opt/log/bench.gpu.64_run.csv
non-Kokkos,wisteria,gpu,cpp,openacc,auto.opt,managed,nthreads,NTHREADS=128,64,256,256,256,16777216,5.831400e-01,191.4963,1.877011e-07,,,,Wisteria/A2.C++.acc.auto.opt/log/bench.gpu.64_run.csv
non-Kokkos,wisteria,gpu,cpp,openacc,auto.opt,managed,nthreads,NTHREADS=128,64,512,512,512,134217728,3.478732e+00,64.20107,7.088435e-09,,,,Wisteria/A2.C++.acc.auto.opt/log/bench.gpu.64_run.csv
non-Kokkos,wisteria,gpu,cpp,openacc,manu.def,separate,baseline,,32,32,32,32,32768,4.754890e-01,29.3564,4.777080e-06,,,,Wisteria/A3.C++.acc.manu.def/log/bench.gpu.32_run.csv
non-Kokkos,wisteria,gpu,cpp,openacc,manu.def,separate,baseline,,32,64,64,64,262144,2.742450e-01,101.7969,1.214079e-05,,,,Wisteria/A3.C++.acc.manu.def/log/bench.gpu.32_run.csv
non-Kokkos,wisteria,gpu,cpp,openacc,manu.def,separate,baseline,,32,128,128,128,2097152,3.167340e-01,176.2822,4.813602e-06,,,,Wisteria/A3.C++.acc.manu.def/log/bench.gpu.32_run.csv
non-Kokkos,wisteria,gpu,cpp,openacc,manu.def,separate,baseline,,32,256,256,256,16777216,5.607050e-01,199.1585,1.186005e-06,,,,Wisteria/A3.C++.acc.manu.def/log/bench.gpu.32_run.csv
non-Kokkos,wisteria,gpu,cpp,openacc,manu.def,separate,baseline,,32,512,512,512,134217728,1.140219e+00,195.8732,3.069118e-07,,,,Wisteria/A3.C++.acc.manu.def/log/bench.gpu.32_run.csv
non-Kokkos,wisteria,gpu,cpp,openacc,manu.def,separate,baseline,,64,32,32,32,32768,5.037360e-01,27.71024,4.342730e-15,,,,Wisteria/A3.C++.acc.manu.def/log/bench.gpu.64_run.csv
non-Kokkos,wisteria,gpu,cpp,openacc,manu.def,separate,baseline,,64,64,64,64,262144,2.631460e-01,106.0905,1.448847e-07,,,,Wisteria/A3.C++.acc.manu.def/log/bench.gpu.64_run.csv
non-Kokkos,wisteria,gpu,cpp,openacc,manu.def,separate,baseline,,64,128,128,128,2097152,3.073450e-01,181.6674,4.691528e-06,,,,Wisteria/A3.C++.acc.manu.def/log/bench.gpu.64_run.csv
non-Kokkos,wisteria,gpu,cpp,openacc,manu.def,separate,baseline,,64,256,256,256,16777216,5.405220e-01,206.595,1.877011e-07,,,,Wisteria/A3.C++.acc.manu.def/log/bench.gpu.64_run.csv
non-Kokkos,wisteria,gpu,cpp,openacc,manu.def,separate,baseline,,64,512,512,512,134217728,3.063420e+00,72.90489,7.088435e-09,,,,Wisteria/A3.C++.acc.manu.def/log/bench.gpu.64_run.csv
non-Kokkos,wisteria,gpu,cpp,openacc,manu.opt,separate,nthreads,NTHREADS=128,32,32,32,32,32768,4.754890e-01,29.3564,4.777080e-06,,,,Wisteria/A4.C++.acc.manu.opt/log/bench.gpu.32_run.csv
non-Kokkos,wisteria,gpu,cpp,openacc,manu.opt,separate,nthreads,NTHREADS=128,32,64,64,64,262144,2.742450e-01,101.7969,1.214079e-05,,,,Wisteria/A4.C++.acc.manu.opt/log/bench.gpu.32_run.csv
non-Kokkos,wisteria,gpu,cpp,openacc,manu.opt,separate,nthreads,NTHREADS=128,32,128,128,128,2097152,3.167340e-01,176.2822,4.813602e-06,,,,Wisteria/A4.C++.acc.manu.opt/log/bench.gpu.32_run.csv
non-Kokkos,wisteria,gpu,cpp,openacc,manu.opt,separate,nthreads,NTHREADS=128,32,256,256,256,16777216,5.607050e-01,199.1585,1.186005e-06,,,,Wisteria/A4.C++.acc.manu.opt/log/bench.gpu.32_run.csv
non-Kokkos,wisteria,gpu,cpp,openacc,manu.opt,separate,nthreads,NTHREADS=128,32,512,512,512,134217728,1.140219e+00,195.8732,3.069118e-07,,,,Wisteria/A4.C++.acc.manu.opt/log/bench.gpu.32_run.csv
non-Kokkos,wisteria,gpu,cpp,openacc,manu.opt,separate,nthreads,NTHREADS=128,64,32,32,32,32768,5.037360e-01,27.71024,4.342730e-15,,,,Wisteria/A4.C++.acc.manu.opt/log/bench.gpu.64_run.csv
non-Kokkos,wisteria,gpu,cpp,openacc,manu.opt,separate,nthreads,NTHREADS=128,64,64,64,64,262144,2.631460e-01,106.0905,1.448847e-07,,,,Wisteria/A4.C++.acc.manu.opt/log/bench.gpu.64_run.csv
non-Kokkos,wisteria,gpu,cpp,openacc,manu.opt,separate,nthreads,NTHREADS=128,64,128,128,128,2097152,3.073450e-01,181.6674,4.691528e-06,,,,Wisteria/A4.C++.acc.manu.opt/log/bench.gpu.64_run.csv
non-Kokkos,wisteria,gpu,cpp,openacc,manu.opt,separate,nthreads,NTHREADS=128,64,256,256,256,16777216,5.405220e-01,206.595,1.877011e-07,,,,Wisteria/A4.C++.acc.manu.opt/log/bench.gpu.64_run.csv
non-Kokkos,wisteria,gpu,cpp,openacc,manu.opt,separate,nthreads,NTHREADS=128,64,512,512,512,134217728,3.063420e+00,72.90489,7.088435e-09,,,,Wisteria/A4.C++.acc.manu.opt/log/bench.gpu.64_run.csv
non-Kokkos,wisteria,gpu,cpp,openmp-target,auto.def,managed,baseline,,32,32,32,32,32768,4.368600e-01,31.95221,4.777080e-06,,,,Wisteria/B1.C++.omp.auto.def/log/bench.gpu.32_run.csv
non-Kokkos,wisteria,gpu,cpp,openmp-target,auto.def,managed,baseline,,32,64,64,64,262144,1.333500e-01,209.3535,1.214079e-05,,,,Wisteria/B1.C++.omp.auto.def/log/bench.gpu.32_run.csv
non-Kokkos,wisteria,gpu,cpp,openmp-target,auto.def,managed,baseline,,32,128,128,128,2097152,9.286600e-02,601.2381,4.813602e-06,,,,Wisteria/B1.C++.omp.auto.def/log/bench.gpu.32_run.csv
non-Kokkos,wisteria,gpu,cpp,openmp-target,auto.def,managed,baseline,,32,256,256,256,16777216,1.557990e-01,716.7514,1.186005e-06,,,,Wisteria/B1.C++.omp.auto.def/log/bench.gpu.32_run.csv
non-Kokkos,wisteria,gpu,cpp,openmp-target,auto.def,managed,baseline,,32,512,512,512,134217728,2.779870e-01,803.4127,3.069118e-07,,,,Wisteria/B1.C++.omp.auto.def/log/bench.gpu.32_run.csv
non-Kokkos,wisteria,gpu,cpp,openmp-target,auto.def,managed,baseline,,64,32,32,32,32768,4.353110e-01,32.06591,4.342730e-15,,,,Wisteria/B1.C++.omp.auto.def/log/bench.gpu.64_run.csv
non-Kokkos,wisteria,gpu,cpp,openmp-target,auto.def,managed,baseline,,64,64,64,64,262144,1.402010e-01,199.1233,1.448847e-07,,,,Wisteria/B1.C++.omp.auto.def/log/bench.gpu.64_run.csv
non-Kokkos,wisteria,gpu,cpp,openmp-target,auto.def,managed,baseline,,64,128,128,128,2097152,1.103780e-01,505.8488,4.691528e-06,,,,Wisteria/B1.C++.omp.auto.def/log/bench.gpu.64_run.csv
non-Kokkos,wisteria,gpu,cpp,openmp-target,auto.def,managed,baseline,,64,256,256,256,16777216,1.677570e-01,665.6601,1.877011e-07,,,,Wisteria/B1.C++.omp.auto.def/log/bench.gpu.64_run.csv
non-Kokkos,wisteria,gpu,cpp,openmp-target,auto.def,managed,baseline,,64,512,512,512,134217728,2.981070e-01,749.1884,7.088435e-09,,,,Wisteria/B1.C++.omp.auto.def/log/bench.gpu.64_run.csv
non-Kokkos,wisteria,gpu,cpp,openmp-target,auto.opt,managed,nthreads,NTHREADS=128,32,32,32,32,32768,4.368600e-01,31.95221,4.777080e-06,,,,Wisteria/B2.C++.omp.auto.opt/log/bench.gpu.32_run.csv
non-Kokkos,wisteria,gpu,cpp,openmp-target,auto.opt,managed,nthreads,NTHREADS=128,32,64,64,64,262144,1.333500e-01,209.3535,1.214079e-05,,,,Wisteria/B2.C++.omp.auto.opt/log/bench.gpu.32_run.csv
non-Kokkos,wisteria,gpu,cpp,openmp-target,auto.opt,managed,nthreads,NTHREADS=128,32,128,128,128,2097152,9.286600e-02,601.2381,4.813602e-06,,,,Wisteria/B2.C++.omp.auto.opt/log/bench.gpu.32_run.csv
non-Kokkos,wisteria,gpu,cpp,openmp-target,auto.opt,managed,nthreads,NTHREADS=128,32,256,256,256,16777216,1.557990e-01,716.7514,1.186005e-06,,,,Wisteria/B2.C++.omp.auto.opt/log/bench.gpu.32_run.csv
non-Kokkos,wisteria,gpu,cpp,openmp-target,auto.opt,managed,nthreads,NTHREADS=128,32,512,512,512,134217728,2.779870e-01,803.4127,3.069118e-07,,,,Wisteria/B2.C++.omp.auto.opt/log/bench.gpu.32_run.csv
non-Kokkos,wisteria,gpu,cpp,openmp-target,auto.opt,managed,nthreads,NTHREADS=128,64,32,32,32,32768,4.353110e-01,32.06591,4.342730e-15,,,,Wisteria/B2.C++.omp.auto.opt/log/bench.gpu.64_run.csv
non-Kokkos,wisteria,gpu,cpp,openmp-target,auto.opt,managed,nthreads,NTHREADS=128,64,64,64,64,262144,1.402010e-01,199.1233,1.448847e-07,,,,Wisteria/B2.C++.omp.auto.opt/log/bench.gpu.64_run.csv
non-Kokkos,wisteria,gpu,cpp,openmp-target,auto.opt,managed,nthreads,NTHREADS=128,64,128,128,128,2097152,1.103780e-01,505.8488,4.691528e-06,,,,Wisteria/B2.C++.omp.auto.opt/log/bench.gpu.64_run.csv
non-Kokkos,wisteria,gpu,cpp,openmp-target,auto.opt,managed,nthreads,NTHREADS=128,64,256,256,256,16777216,1.677570e-01,665.6601,1.877011e-07,,,,Wisteria/B2.C++.omp.auto.opt/log/bench.gpu.64_run.csv
non-Kokkos,wisteria,gpu,cpp,openmp-target,auto.opt,managed,nthreads,NTHREADS=128,64,512,512,512,134217728,2.981070e-01,749.1884,7.088435e-09,,,,Wisteria/B2.C++.omp.auto.opt/log/bench.gpu.64_run.csv
non-Kokkos,wisteria,gpu,cpp,openmp-target,manu.def,separate,baseline,,32,32,32,32,32768,4.368600e-01,31.95221,4.777080e-06,,,,Wisteria/B3.C++.omp.manu.def/log/bench.gpu.32_run.csv
non-Kokkos,wisteria,gpu,cpp,openmp-target,manu.def,separate,baseline,,32,64,64,64,262144,1.333500e-01,209.3535,1.214079e-05,,,,Wisteria/B3.C++.omp.manu.def/log/bench.gpu.32_run.csv
non-Kokkos,wisteria,gpu,cpp,openmp-target,manu.def,separate,baseline,,32,128,128,128,2097152,9.286600e-02,601.2381,4.813602e-06,,,,Wisteria/B3.C++.omp.manu.def/log/bench.gpu.32_run.csv
non-Kokkos,wisteria,gpu,cpp,openmp-target,manu.def,separate,baseline,,32,256,256,256,16777216,1.557990e-01,716.7514,1.186005e-06,,,,Wisteria/B3.C++.omp.manu.def/log/bench.gpu.32_run.csv
non-Kokkos,wisteria,gpu,cpp,openmp-target,manu.def,separate,baseline,,32,512,512,512,134217728,2.779870e-01,803.4127,3.069118e-07,,,,Wisteria/B3.C++.omp.manu.def/log/bench.gpu.32_run.csv
non-Kokkos,wisteria,gpu,cpp,openmp-target,manu.def,separate,baseline,,64,32,32,32,32768,4.353110e-01,32.06591,4.342730e-15,,,,Wisteria/B3.C++.omp.manu.def/log/bench.gpu.64_run.csv
non-Kokkos,wisteria,gpu,cpp,openmp-target,manu.def,separate,baseline,,64,64,64,64,262144,1.402010e-01,199.1233,1.448847e-07,,,,Wisteria/B3.C++.omp.manu.def/log/bench.gpu.64_run.csv
non-Kokkos,wisteria,gpu,cpp,openmp-target,manu.def,separate,baseline,,64,128,128,128,2097152,1.103780e-01,505.8488,4.691528e-06,,,,Wisteria/B3.C++.omp.manu.def/log/bench.gpu.64_run.csv
non-Kokkos,wisteria,gpu,cpp,openmp-target,manu.def,separate,baseline,,64,256,256,256,16777216,1.677570e-01,665.6601,1.877011e-07,,,,Wisteria/B3.C++.omp.manu.def/log/bench.gpu.64_run.csv
non-Kokkos,wisteria,gpu,cpp,openmp-target,manu.def,separate,baseline,,64,512,512,512,134217728,2.981070e-01,749.1884,7.088435e-09,,,,Wisteria/B3.C++.omp.manu.def/log/bench.gpu.64_run.csv
non-Kokkos,wisteria,gpu,cpp,openmp-target,manu.opt,separate,nthreads,NTHREADS=128,32,32,32,32,32768,4.336120e-01,32.19155,4.777080e-06,,,,Wisteria/B4.C++.omp.manu.opt/log/bench.gpu.32_run.csv
non-Kokkos,wisteria,gpu,cpp,openmp-target,manu.opt,separate,nthreads,NTHREADS=128,32,64,64,64,262144,1.343890e-01,207.7349,1.214079e-05,,,,Wisteria/B4.C++.omp.manu.opt/log/bench.gpu.32_run.csv
non-Kokkos,wisteria,gpu,cpp,openmp-target,manu.opt,separate,nthreads,NTHREADS=128,32,128,128,128,2097152,8.323800e-02,670.7823,4.813602e-06,,,,Wisteria/B4.C++.omp.manu.opt/log/bench.gpu.32_run.csv
non-Kokkos,wisteria,gpu,cpp,openmp-target,manu.opt,separate,nthreads,NTHREADS=128,32,256,256,256,16777216,1.266200e-01,881.9235,1.186005e-06,,,,Wisteria/B4.C++.omp.manu.opt/log/bench.gpu.32_run.csv
non-Kokkos,wisteria,gpu,cpp,openmp-target,manu.opt,separate,nthreads,NTHREADS=128,32,512,512,512,134217728,2.399770e-01,930.6654,3.069118e-07,,,,Wisteria/B4.C++.omp.manu.opt/log/bench.gpu.32_run.csv
non-Kokkos,wisteria,gpu,cpp,openmp-target,manu.opt,separate,nthreads,NTHREADS=128,64,32,32,32,32768,4.371290e-01,31.93255,4.342730e-15,,,,Wisteria/B4.C++.omp.manu.opt/log/bench.gpu.64_run.csv
non-Kokkos,wisteria,gpu,cpp,openmp-target,manu.opt,separate,nthreads,NTHREADS=128,64,64,64,64,262144,1.368210e-01,204.0424,1.448847e-07,,,,Wisteria/B4.C++.omp.manu.opt/log/bench.gpu.64_run.csv
non-Kokkos,wisteria,gpu,cpp,openmp-target,manu.opt,separate,nthreads,NTHREADS=128,64,128,128,128,2097152,9.358300e-02,596.6316,4.691528e-06,,,,Wisteria/B4.C++.omp.manu.opt/log/bench.gpu.64_run.csv
non-Kokkos,wisteria,gpu,cpp,openmp-target,manu.opt,separate,nthreads,NTHREADS=128,64,256,256,256,16777216,1.290000e-01,865.6523,1.877011e-07,,,,Wisteria/B4.C++.omp.manu.opt/log/bench.gpu.64_run.csv
non-Kokkos,wisteria,gpu,cpp,openmp-target,manu.opt,separate,nthreads,NTHREADS=128,64,512,512,512,134217728,2.367830e-01,943.2193,7.088435e-09,,,,Wisteria/B4.C++.omp.manu.opt/log/bench.gpu.64_run.csv
non-Kokkos,wisteria,cpu,cpp,openmp-cpu,,cpu-only,baseline,,32,32,32,32,32768,1.556150e+00,8.969986,4.470344e-06,,,,Wisteria/C/log/bench.cpu.32_run.csv
non-Kokkos,wisteria,cpu,cpp,openmp-cpu,,cpu-only,baseline,,32,64,64,64,262144,9.967520e-01,28.00826,1.146219e-05,,,,Wisteria/C/log/bench.cpu.32_run.csv
non-Kokkos,wisteria,cpu,cpp,openmp-cpu,,cpu-only,baseline,,32,128,128,128,2097152,3.962894e+00,14.08934,4.643415e-06,,,,Wisteria/C/log/bench.cpu.32_run.csv
non-Kokkos,wisteria,cpu,cpp,openmp-cpu,,cpu-only,baseline,,32,256,256,256,16777216,4.554832e+00,24.51663,9.761460e-07,,,,Wisteria/C/log/bench.cpu.32_run.csv
non-Kokkos,wisteria,cpu,cpp,openmp-cpu,,cpu-only,baseline,,32,512,512,512,134217728,8.472458e+00,26.36051,2.553794e-07,,,,Wisteria/C/log/bench.cpu.32_run.csv
non-Kokkos,wisteria,cpu,cpp,openmp-cpu,,cpu-only,baseline,,64,32,32,32,32768,4.685838e+01,0.29789,4.393976e-15,,,,Wisteria/C/log/bench.cpu.64_run.csv
non-Kokkos,wisteria,cpu,cpp,openmp-cpu,,cpu-only,baseline,,64,64,64,64,262144,1.275181e+01,2.189281,1.448847e-07,,,,Wisteria/C/log/bench.cpu.64_run.csv
non-Kokkos,wisteria,cpu,cpp,openmp-cpu,,cpu-only,baseline,,64,128,128,128,2097152,3.963045e+00,14.08881,4.691528e-06,,,,Wisteria/C/log/bench.cpu.64_run.csv
non-Kokkos,wisteria,cpu,cpp,openmp-cpu,,cpu-only,baseline,,64,256,256,256,16777216,4.624399e+00,24.14782,1.877011e-07,,,,Wisteria/C/log/bench.cpu.64_run.csv
non-Kokkos,wisteria,cpu,cpp,openmp-cpu,,cpu-only,baseline,,64,512,512,512,134217728,8.503591e+00,26.264,7.088435e-09,,,,Wisteria/C/log/bench.cpu.64_run.csv
non-Kokkos,wisteria,gpu,cpp,stdpar,auto.opt,managed,baseline,,32,32,32,32,32768,5.738514e+00,2.432449,4.776927e-06,,,,Wisteria/C2.C++.std.auto.opt/log/bench.gpu.32_run.csv
non-Kokkos,wisteria,gpu,cpp,stdpar,auto.opt,managed,baseline,,32,64,64,64,262144,1.148755e+01,2.430222,1.213945e-05,,,,Wisteria/C2.C++.std.auto.opt/log/bench.gpu.32_run.csv
non-Kokkos,wisteria,gpu,cpp,stdpar,auto.opt,managed,baseline,,32,128,128,128,2097152,2.299388e+01,2.428236,4.813366e-06,,,,Wisteria/C2.C++.std.auto.opt/log/bench.gpu.32_run.csv
non-Kokkos,wisteria,gpu,cpp,stdpar,auto.opt,managed,baseline,,32,256,256,256,16777216,4.647727e+01,2.402662,1.186856e-06,,,,Wisteria/C2.C++.std.auto.opt/log/bench.gpu.32_run.csv
non-Kokkos,wisteria,gpu,cpp,stdpar,auto.opt,managed,baseline,,32,512,512,512,134217728,1.924332e+02,1.160602,3.065663e-07,,,,Wisteria/C2.C++.std.auto.opt/log/bench.gpu.32_run.csv
non-Kokkos,wisteria,gpu,cpp,stdpar,auto.opt,managed,baseline,,64,32,32,32,32768,5.738612e+00,2.432408,4.342730e-15,,,,Wisteria/C2.C++.std.auto.opt/log/bench.gpu.64_run.csv
non-Kokkos,wisteria,gpu,cpp,stdpar,auto.opt,managed,baseline,,64,64,64,64,262144,1.149075e+01,2.429545,1.448847e-07,,,,Wisteria/C2.C++.std.auto.opt/log/bench.gpu.64_run.csv
non-Kokkos,wisteria,gpu,cpp,stdpar,auto.opt,managed,baseline,,64,128,128,128,2097152,2.306666e+01,2.420575,4.691528e-06,,,,Wisteria/C2.C++.std.auto.opt/log/bench.gpu.64_run.csv
non-Kokkos,wisteria,gpu,cpp,stdpar,auto.opt,managed,baseline,,64,256,256,256,16777216,4.631778e+01,2.410935,1.877011e-07,,,,Wisteria/C2.C++.std.auto.opt/log/bench.gpu.64_run.csv
non-Kokkos,wisteria,gpu,cpp,stdpar,auto.opt,managed,baseline,,64,512,512,512,134217728,1.928380e+02,1.158165,7.088435e-09,,,,Wisteria/C2.C++.std.auto.opt/log/bench.gpu.64_run.csv
non-Kokkos,wisteria,gpu,f90,openacc,auto.def,managed,baseline,,32,32,32,32,32768,4.131749E-01,33.78386,4.772900E-06,,,,Wisteria/D1.F90.acc.auto.def/log/bench.gpu.32_run.csv
non-Kokkos,wisteria,gpu,f90,openacc,auto.def,managed,baseline,,32,64,64,64,262144,1.403179E-01,198.9574,1.213121E-05,,,,Wisteria/D1.F90.acc.auto.def/log/bench.gpu.32_run.csv
non-Kokkos,wisteria,gpu,f90,openacc,auto.def,managed,baseline,,32,128,128,128,2097152,9.955001E-02,560.8696,4.812702E-06,,,,Wisteria/D1.F90.acc.auto.def/log/bench.gpu.32_run.csv
non-Kokkos,wisteria,gpu,f90,openacc,auto.def,managed,baseline,,32,256,256,256,16777216,1.613460E-01,692.11,1.187720E-06,,,,Wisteria/D1.F90.acc.auto.def/log/bench.gpu.32_run.csv
non-Kokkos,wisteria,gpu,f90,openacc,auto.def,managed,baseline,,32,512,512,512,134217728,2.826030E-01,790.2898,3.080789E-07,,,,Wisteria/D1.F90.acc.auto.def/log/bench.gpu.32_run.csv
non-Kokkos,wisteria,gpu,f90,openacc,auto.def,managed,baseline,,64,32,32,32,32768,4.362791E-01,31.99476,1.045213E-08,,,,Wisteria/D1.F90.acc.auto.def/log/bench.gpu.64_run.csv
non-Kokkos,wisteria,gpu,f90,openacc,auto.def,managed,baseline,,64,64,64,64,262144,1.376309E-01,202.8417,1.452837E-07,,,,Wisteria/D1.F90.acc.auto.def/log/bench.gpu.64_run.csv
non-Kokkos,wisteria,gpu,f90,openacc,auto.def,managed,baseline,,64,128,128,128,2097152,1.095049E-01,509.8818,4.690441E-06,,,,Wisteria/D1.F90.acc.auto.def/log/bench.gpu.64_run.csv
non-Kokkos,wisteria,gpu,f90,openacc,auto.def,managed,baseline,,64,256,256,256,16777216,1.687970E-01,661.5588,1.864060E-07,,,,Wisteria/D1.F90.acc.auto.def/log/bench.gpu.64_run.csv
non-Kokkos,wisteria,gpu,f90,openacc,auto.def,managed,baseline,,64,512,512,512,134217728,3.754051E-01,594.9262,3.114810E-09,,,,Wisteria/D1.F90.acc.auto.def/log/bench.gpu.64_run.csv
non-Kokkos,wisteria,gpu,f90,openacc,auto.opt,managed,nthreads,NTHREADS=128,32,32,32,32,32768,4.214551E-01,33.12012,4.773022E-06,,,,Wisteria/D2.F90.acc.auto.opt/log/bench.gpu.32_run.csv
non-Kokkos,wisteria,gpu,f90,openacc,auto.opt,managed,nthreads,NTHREADS=128,32,64,64,64,262144,1.515260E-01,184.2409,1.213484E-05,,,,Wisteria/D2.F90.acc.auto.opt/log/bench.gpu.32_run.csv
non-Kokkos,wisteria,gpu,f90,openacc,auto.opt,managed,nthreads,NTHREADS=128,32,128,128,128,2097152,1.236470E-01,451.5644,4.812572E-06,,,,Wisteria/D2.F90.acc.auto.opt/log/bench.gpu.32_run.csv
non-Kokkos,wisteria,gpu,f90,openacc,auto.opt,managed,nthreads,NTHREADS=128,32,256,256,256,16777216,2.138479E-01,522.1897,1.187990E-06,,,,Wisteria/D2.F90.acc.auto.opt/log/bench.gpu.32_run.csv
non-Kokkos,wisteria,gpu,f90,openacc,auto.opt,managed,nthreads,NTHREADS=128,32,512,512,512,134217728,3.901539E-01,572.4364,3.071072E-07,,,,Wisteria/D2.F90.acc.auto.opt/log/bench.gpu.32_run.csv
non-Kokkos,wisteria,gpu,f90,openacc,auto.opt,managed,nthreads,NTHREADS=128,64,32,32,32,32768,4.096801E-01,34.07205,1.045213E-08,,,,Wisteria/D2.F90.acc.auto.opt/log/bench.gpu.64_run.csv
non-Kokkos,wisteria,gpu,f90,openacc,auto.opt,managed,nthreads,NTHREADS=128,64,64,64,64,262144,1.376941E-01,202.7486,1.452837E-07,,,,Wisteria/D2.F90.acc.auto.opt/log/bench.gpu.64_run.csv
non-Kokkos,wisteria,gpu,f90,openacc,auto.opt,managed,nthreads,NTHREADS=128,64,128,128,128,2097152,1.037409E-01,538.2116,4.690441E-06,,,,Wisteria/D2.F90.acc.auto.opt/log/bench.gpu.64_run.csv
non-Kokkos,wisteria,gpu,f90,openacc,auto.opt,managed,nthreads,NTHREADS=128,64,256,256,256,16777216,1.502800E-01,743.0739,1.864060E-07,,,,Wisteria/D2.F90.acc.auto.opt/log/bench.gpu.64_run.csv
non-Kokkos,wisteria,gpu,f90,openacc,auto.opt,managed,nthreads,NTHREADS=128,64,512,512,512,134217728,4.706740E-01,474.5074,3.114810E-09,,,,Wisteria/D2.F90.acc.auto.opt/log/bench.gpu.64_run.csv
non-Kokkos,wisteria,gpu,f90,openacc,manu.def,separate,baseline,,32,32,32,32,32768,4.264421E-01,32.7328,4.773022E-06,,,,Wisteria/D3.F90.acc.manu.def/log/bench.gpu.32_run.csv
non-Kokkos,wisteria,gpu,f90,openacc,manu.def,separate,baseline,,32,64,64,64,262144,1.395340E-01,200.0752,1.213484E-05,,,,Wisteria/D3.F90.acc.manu.def/log/bench.gpu.32_run.csv
non-Kokkos,wisteria,gpu,f90,openacc,manu.def,separate,baseline,,32,128,128,128,2097152,9.796691E-02,569.933,4.812572E-06,,,,Wisteria/D3.F90.acc.manu.def/log/bench.gpu.32_run.csv
non-Kokkos,wisteria,gpu,f90,openacc,manu.def,separate,baseline,,32,256,256,256,16777216,1.667211E-01,669.7961,1.187990E-06,,,,Wisteria/D3.F90.acc.manu.def/log/bench.gpu.32_run.csv
non-Kokkos,wisteria,gpu,f90,openacc,manu.def,separate,baseline,,32,512,512,512,134217728,2.635212E-01,847.5155,3.071072E-07,,,,Wisteria/D3.F90.acc.manu.def/log/bench.gpu.32_run.csv
non-Kokkos,wisteria,gpu,f90,openacc,manu.def,separate,baseline,,64,32,32,32,32768,4.328010E-01,32.25187,1.045213E-08,,,,Wisteria/D3.F90.acc.manu.def/log/bench.gpu.64_run.csv
non-Kokkos,wisteria,gpu,f90,openacc,manu.def,separate,baseline,,64,64,64,64,262144,1.419599E-01,196.6561,1.452837E-07,,,,Wisteria/D3.F90.acc.manu.def/log/bench.gpu.64_run.csv
non-Kokkos,wisteria,gpu,f90,openacc,manu.def,separate,baseline,,64,128,128,128,2097152,1.038289E-01,537.7556,4.690441E-06,,,,Wisteria/D3.F90.acc.manu.def/log/bench.gpu.64_run.csv
non-Kokkos,wisteria,gpu,f90,openacc,manu.def,separate,baseline,,64,256,256,256,16777216,1.737909E-01,642.5488,1.864060E-07,,,,Wisteria/D3.F90.acc.manu.def/log/bench.gpu.64_run.csv
non-Kokkos,wisteria,gpu,f90,openacc,manu.def,separate,baseline,,64,512,512,512,134217728,4.031458E-01,553.9889,3.114810E-09,,,,Wisteria/D3.F90.acc.manu.def/log/bench.gpu.64_run.csv
non-Kokkos,wisteria,gpu,f90,openacc,manu.opt,separate,nthreads,NTHREADS=128,32,32,32,32,32768,4.131749E-01,33.78386,4.772900E-06,,,,Wisteria/D4.F90.acc.manu.opt/log/bench.gpu.32_run.csv
non-Kokkos,wisteria,gpu,f90,openacc,manu.opt,separate,nthreads,NTHREADS=128,32,64,64,64,262144,1.403179E-01,198.9574,1.213121E-05,,,,Wisteria/D4.F90.acc.manu.opt/log/bench.gpu.32_run.csv
non-Kokkos,wisteria,gpu,f90,openacc,manu.opt,separate,nthreads,NTHREADS=128,32,128,128,128,2097152,9.955001E-02,560.8696,4.812702E-06,,,,Wisteria/D4.F90.acc.manu.opt/log/bench.gpu.32_run.csv
non-Kokkos,wisteria,gpu,f90,openacc,manu.opt,separate,nthreads,NTHREADS=128,32,256,256,256,16777216,1.613460E-01,692.11,1.187720E-06,,,,Wisteria/D4.F90.acc.manu.opt/log/bench.gpu.32_run.csv
non-Kokkos,wisteria,gpu,f90,openacc,manu.opt,separate,nthreads,NTHREADS=128,32,512,512,512,134217728,2.826030E-01,790.2898,3.080789E-07,,,,Wisteria/D4.F90.acc.manu.opt/log/bench.gpu.32_run.csv
non-Kokkos,wisteria,gpu,f90,openacc,manu.opt,separate,nthreads,NTHREADS=128,64,32,32,32,32768,4.362791E-01,31.99476,1.045213E-08,,,,Wisteria/D4.F90.acc.manu.opt/log/bench.gpu.64_run.csv
non-Kokkos,wisteria,gpu,f90,openacc,manu.opt,separate,nthreads,NTHREADS=128,64,64,64,64,262144,1.376309E-01,202.8417,1.452837E-07,,,,Wisteria/D4.F90.acc.manu.opt/log/bench.gpu.64_run.csv
non-Kokkos,wisteria,gpu,f90,openacc,manu.opt,separate,nthreads,NTHREADS=128,64,128,128,128,2097152,1.095049E-01,509.8818,4.690441E-06,,,,Wisteria/D4.F90.acc.manu.opt/log/bench.gpu.64_run.csv
non-Kokkos,wisteria,gpu,f90,openacc,manu.opt,separate,nthreads,NTHREADS=128,64,256,256,256,16777216,1.687970E-01,661.5588,1.864060E-07,,,,Wisteria/D4.F90.acc.manu.opt/log/bench.gpu.64_run.csv
non-Kokkos,wisteria,gpu,f90,openacc,manu.opt,separate,nthreads,NTHREADS=128,64,512,512,512,134217728,3.754051E-01,594.9262,3.114810E-09,,,,Wisteria/D4.F90.acc.manu.opt/log/bench.gpu.64_run.csv
non-Kokkos,wisteria,gpu,f90,openmp-target,auto.def,managed,baseline,,32,32,32,32,32768,4.294772E-01,32.50148,4.773022E-06,,,,Wisteria/E1.F90.omp.auto.def/log/bench.gpu.32_run.csv
non-Kokkos,wisteria,gpu,f90,openmp-target,auto.def,managed,baseline,,32,64,64,64,262144,1.400139E-01,199.3894,1.213484E-05,,,,Wisteria/E1.F90.omp.auto.def/log/bench.gpu.32_run.csv
non-Kokkos,wisteria,gpu,f90,openmp-target,auto.def,managed,baseline,,32,128,128,128,2097152,9.926701E-02,562.4686,4.812572E-06,,,,Wisteria/E1.F90.omp.auto.def/log/bench.gpu.32_run.csv
non-Kokkos,wisteria,gpu,f90,openmp-target,auto.def,managed,baseline,,32,256,256,256,16777216,1.554182E-01,718.5077,1.187990E-06,,,,Wisteria/E1.F90.omp.auto.def/log/bench.gpu.32_run.csv
non-Kokkos,wisteria,gpu,f90,openmp-target,auto.def,managed,baseline,,32,512,512,512,134217728,2.840509E-01,786.2614,3.071072E-07,,,,Wisteria/E1.F90.omp.auto.def/log/bench.gpu.32_run.csv
non-Kokkos,wisteria,gpu,f90,openmp-target,auto.def,managed,baseline,,64,32,32,32,32768,4.364810E-01,31.97996,1.045213E-08,,,,Wisteria/E1.F90.omp.auto.def/log/bench.gpu.64_run.csv
non-Kokkos,wisteria,gpu,f90,openmp-target,auto.def,managed,baseline,,64,64,64,64,262144,1.432431E-01,194.8945,1.452837E-07,,,,Wisteria/E1.F90.omp.auto.def/log/bench.gpu.64_run.csv
non-Kokkos,wisteria,gpu,f90,openmp-target,auto.def,managed,baseline,,64,128,128,128,2097152,1.045718E-01,533.9352,4.690441E-06,,,,Wisteria/E1.F90.omp.auto.def/log/bench.gpu.64_run.csv
non-Kokkos,wisteria,gpu,f90,openmp-target,auto.def,managed,baseline,,64,256,256,256,16777216,1.517019E-01,736.109,1.864060E-07,,,,Wisteria/E1.F90.omp.auto.def/log/bench.gpu.64_run.csv
non-Kokkos,wisteria,gpu,f90,openmp-target,auto.def,managed,baseline,,64,512,512,512,134217728,3.050179E-01,732.2136,3.114810E-09,,,,Wisteria/E1.F90.omp.auto.def/log/bench.gpu.64_run.csv
non-Kokkos,wisteria,gpu,f90,openmp-target,auto.opt,managed,nthreads,NTHREADS=128,32,32,32,32,32768,4.306290E-01,32.41455,4.773022E-06,,,,Wisteria/E2.F90.omp.auto.opt/log/bench.gpu.32_run.csv
non-Kokkos,wisteria,gpu,f90,openmp-target,auto.opt,managed,nthreads,NTHREADS=128,32,64,64,64,262144,1.394072E-01,200.2572,1.213484E-05,,,,Wisteria/E2.F90.omp.auto.opt/log/bench.gpu.32_run.csv
non-Kokkos,wisteria,gpu,f90,openmp-target,auto.opt,managed,nthreads,NTHREADS=128,32,128,128,128,2097152,9.925199E-02,562.5537,4.812572E-06,,,,Wisteria/E2.F90.omp.auto.opt/log/bench.gpu.32_run.csv
non-Kokkos,wisteria,gpu,f90,openmp-target,auto.opt,managed,nthreads,NTHREADS=128,32,256,256,256,16777216,1.514800E-01,737.1876,1.187990E-06,,,,Wisteria/E2.F90.omp.auto.opt/log/bench.gpu.32_run.csv
non-Kokkos,wisteria,gpu,f90,openmp-target,auto.opt,managed,nthreads,NTHREADS=128,32,512,512,512,134217728,2.896330E-01,771.1078,3.071072E-07,,,,Wisteria/E2.F90.omp.auto.opt/log/bench.gpu.32_run.csv
non-Kokkos,wisteria,gpu,f90,openmp-target,auto.opt,managed,nthreads,NTHREADS=128,64,32,32,32,32768,4.356091E-01,32.04397,1.045213E-08,,,,Wisteria/E2.F90.omp.auto.opt/log/bench.gpu.64_run.csv
non-Kokkos,wisteria,gpu,f90,openmp-target,auto.opt,managed,nthreads,NTHREADS=128,64,64,64,64,262144,1.430011E-01,195.2243,1.452837E-07,,,,Wisteria/E2.F90.omp.auto.opt/log/bench.gpu.64_run.csv
non-Kokkos,wisteria,gpu,f90,openmp-target,auto.opt,managed,nthreads,NTHREADS=128,64,128,128,128,2097152,1.049030E-01,532.2496,4.690441E-06,,,,Wisteria/E2.F90.omp.auto.opt/log/bench.gpu.64_run.csv
non-Kokkos,wisteria,gpu,f90,openmp-target,auto.opt,managed,nthreads,NTHREADS=128,64,256,256,256,16777216,1.647911E-01,677.6406,1.864060E-07,,,,Wisteria/E2.F90.omp.auto.opt/log/bench.gpu.64_run.csv
non-Kokkos,wisteria,gpu,f90,openmp-target,auto.opt,managed,nthreads,NTHREADS=128,64,512,512,512,134217728,3.042660E-01,734.0232,3.114810E-09,,,,Wisteria/E2.F90.omp.auto.opt/log/bench.gpu.64_run.csv
non-Kokkos,wisteria,gpu,f90,openmp-target,manu.def,separate,baseline,,32,32,32,32,32768,4.440129E-01,31.43747,4.772900E-06,,,,Wisteria/E3.F90.omp.manu.def/log/bench.gpu.32_run.csv
non-Kokkos,wisteria,gpu,f90,openmp-target,manu.def,separate,baseline,,32,64,64,64,262144,1.397672E-01,199.7414,1.213121E-05,,,,Wisteria/E3.F90.omp.manu.def/log/bench.gpu.32_run.csv
non-Kokkos,wisteria,gpu,f90,openmp-target,manu.def,separate,baseline,,32,128,128,128,2097152,1.014268E-01,550.4911,4.812702E-06,,,,Wisteria/E3.F90.omp.manu.def/log/bench.gpu.32_run.csv
non-Kokkos,wisteria,gpu,f90,openmp-target,manu.def,separate,baseline,,32,256,256,256,16777216,1.602240E-01,696.9566,1.187720E-06,,,,Wisteria/E3.F90.omp.manu.def/log/bench.gpu.32_run.csv
non-Kokkos,wisteria,gpu,f90,openmp-target,manu.def,separate,baseline,,32,512,512,512,134217728,2.650681E-01,842.5697,3.080789E-07,,,,Wisteria/E3.F90.omp.manu.def/log/bench.gpu.32_run.csv
non-Kokkos,wisteria,gpu,f90,openmp-target,manu.def,separate,baseline,,64,32,32,32,32768,4.321051E-01,32.30382,1.045213E-08,,,,Wisteria/E3.F90.omp.manu.def/log/bench.gpu.64_run.csv
non-Kokkos,wisteria,gpu,f90,openmp-target,manu.def,separate,baseline,,64,64,64,64,262144,1.428258E-01,195.4638,1.452837E-07,,,,Wisteria/E3.F90.omp.manu.def/log/bench.gpu.64_run.csv
non-Kokkos,wisteria,gpu,f90,openmp-target,manu.def,separate,baseline,,64,128,128,128,2097152,1.089408E-01,512.522,4.690441E-06,,,,Wisteria/E3.F90.omp.manu.def/log/bench.gpu.64_run.csv
non-Kokkos,wisteria,gpu,f90,openmp-target,manu.def,separate,baseline,,64,256,256,256,16777216,1.672690E-01,667.6022,1.864060E-07,,,,Wisteria/E3.F90.omp.manu.def/log/bench.gpu.64_run.csv
non-Kokkos,wisteria,gpu,f90,openmp-target,manu.def,separate,baseline,,64,512,512,512,134217728,2.924030E-01,763.8031,3.114810E-09,,,,Wisteria/E3.F90.omp.manu.def/log/bench.gpu.64_run.csv
non-Kokkos,wisteria,gpu,f90,openmp-target,manu.opt,separate,nthreads,NTHREADS=128,32,32,32,32,32768,4.370811E-01,31.93605,4.773022E-06,,,,Wisteria/E4.F90.omp.manu.opt/log/bench.gpu.32_run.csv
non-Kokkos,wisteria,gpu,f90,openmp-target,manu.opt,separate,nthreads,NTHREADS=128,32,64,64,64,262144,1.409092E-01,198.1225,1.213484E-05,,,,Wisteria/E4.F90.omp.manu.opt/log/bench.gpu.32_run.csv
non-Kokkos,wisteria,gpu,f90,openmp-target,manu.opt,separate,nthreads,NTHREADS=128,32,128,128,128,2097152,9.885788E-02,564.7964,4.812572E-06,,,,Wisteria/E4.F90.omp.manu.opt/log/bench.gpu.32_run.csv
non-Kokkos,wisteria,gpu,f90,openmp-target,manu.opt,separate,nthreads,NTHREADS=128,32,256,256,256,16777216,1.505499E-01,741.7418,1.187990E-06,,,,Wisteria/E4.F90.omp.manu.opt/log/bench.gpu.32_run.csv
non-Kokkos,wisteria,gpu,f90,openmp-target,manu.opt,separate,nthreads,NTHREADS=128,32,512,512,512,134217728,2.790279E-01,800.4155,3.071072E-07,,,,Wisteria/E4.F90.omp.manu.opt/log/bench.gpu.32_run.csv
non-Kokkos,wisteria,gpu,f90,openmp-target,manu.opt,separate,nthreads,NTHREADS=128,64,32,32,32,32768,4.389729E-01,31.79841,1.045213E-08,,,,Wisteria/E4.F90.omp.manu.opt/log/bench.gpu.64_run.csv
non-Kokkos,wisteria,gpu,f90,openmp-target,manu.opt,separate,nthreads,NTHREADS=128,64,64,64,64,262144,1.436510E-01,194.341,1.452837E-07,,,,Wisteria/E4.F90.omp.manu.opt/log/bench.gpu.64_run.csv
non-Kokkos,wisteria,gpu,f90,openmp-target,manu.opt,separate,nthreads,NTHREADS=128,64,128,128,128,2097152,1.036751E-01,538.5532,4.690441E-06,,,,Wisteria/E4.F90.omp.manu.opt/log/bench.gpu.64_run.csv
non-Kokkos,wisteria,gpu,f90,openmp-target,manu.opt,separate,nthreads,NTHREADS=128,64,256,256,256,16777216,1.519971E-01,734.6795,1.864060E-07,,,,Wisteria/E4.F90.omp.manu.opt/log/bench.gpu.64_run.csv
non-Kokkos,wisteria,gpu,f90,openmp-target,manu.opt,separate,nthreads,NTHREADS=128,64,512,512,512,134217728,2.638500E-01,846.4594,3.114810E-09,,,,Wisteria/E4.F90.omp.manu.opt/log/bench.gpu.64_run.csv
non-Kokkos,wisteria,cpu,f90,openmp-cpu,,cpu-only,baseline,,32,32,32,32,32768,1.292837E+00,10.79691,4.466767E-06,,,,Wisteria/F/log/bench.cpu.32_run.csv
non-Kokkos,wisteria,cpu,f90,openmp-cpu,,cpu-only,baseline,,32,64,64,64,262144,1.180672E+00,23.64525,1.145862E-05,,,,Wisteria/F/log/bench.cpu.32_run.csv
non-Kokkos,wisteria,cpu,f90,openmp-cpu,,cpu-only,baseline,,32,128,128,128,2097152,1.688968E+00,33.0584,4.642148E-06,,,,Wisteria/F/log/bench.cpu.32_run.csv
non-Kokkos,wisteria,cpu,f90,openmp-cpu,,cpu-only,baseline,,32,256,256,256,16777216,3.206249E+00,34.8286,9.776561E-07,,,,Wisteria/F/log/bench.cpu.32_run.csv
non-Kokkos,wisteria,cpu,f90,openmp-cpu,,cpu-only,baseline,,32,512,512,512,134217728,6.622839E+00,33.72244,2.548724E-07,,,,Wisteria/F/log/bench.cpu.32_run.csv
non-Kokkos,wisteria,cpu,f90,openmp-cpu,,cpu-only,baseline,,64,32,32,32,32768,1.278387E+00,10.91895,1.045212E-08,,,,Wisteria/F/log/bench.cpu.64_run.csv
non-Kokkos,wisteria,cpu,f90,openmp-cpu,,cpu-only,baseline,,64,64,64,64,262144,1.022005E+00,27.3162,1.452837E-07,,,,Wisteria/F/log/bench.cpu.64_run.csv
non-Kokkos,wisteria,cpu,f90,openmp-cpu,,cpu-only,baseline,,64,128,128,128,2097152,1.675395E+00,33.32621,4.690441E-06,,,,Wisteria/F/log/bench.cpu.64_run.csv
non-Kokkos,wisteria,cpu,f90,openmp-cpu,,cpu-only,baseline,,64,256,256,256,16777216,3.280346E+00,34.04188,1.864060E-07,,,,Wisteria/F/log/bench.cpu.64_run.csv
non-Kokkos,wisteria,cpu,f90,openmp-cpu,,cpu-only,baseline,,64,512,512,512,134217728,6.470993E+00,34.51376,3.114810E-09,,,,Wisteria/F/log/bench.cpu.64_run.csv
non-Kokkos,wisteria,gpu,f90,do-concurrent,auto.def,managed,baseline,,32,32,32,32,32768,4.193890E-01,33.28328,4.773022E-06,,,,Wisteria/F1.F90.std.auto.def/log/bench.gpu.32_run.csv
non-Kokkos,wisteria,gpu,f90,do-concurrent,auto.def,managed,baseline,,32,64,64,64,262144,1.378119E-01,202.5753,1.213484E-05,,,,Wisteria/F1.F90.std.auto.def/log/bench.gpu.32_run.csv
non-Kokkos,wisteria,gpu,f90,do-concurrent,auto.def,managed,baseline,,32,128,128,128,2097152,9.792590E-02,570.1717,4.812572E-06,,,,Wisteria/F1.F90.std.auto.def/log/bench.gpu.32_run.csv
non-Kokkos,wisteria,gpu,f90,do-concurrent,auto.def,managed,baseline,,32,256,256,256,16777216,1.624212E-01,687.5281,1.187990E-06,,,,Wisteria/F1.F90.std.auto.def/log/bench.gpu.32_run.csv
non-Kokkos,wisteria,gpu,f90,do-concurrent,auto.def,managed,baseline,,32,512,512,512,134217728,2.773008E-01,805.4007,3.071072E-07,,,,Wisteria/F1.F90.std.auto.def/log/bench.gpu.32_run.csv
non-Kokkos,wisteria,gpu,f90,do-concurrent,auto.def,managed,baseline,,64,32,32,32,32768,4.232621E-01,32.97872,1.045213E-08,,,,Wisteria/F1.F90.std.auto.def/log/bench.gpu.64_run.csv
non-Kokkos,wisteria,gpu,f90,do-concurrent,auto.def,managed,baseline,,64,64,64,64,262144,1.403971E-01,198.8452,1.452837E-07,,,,Wisteria/F1.F90.std.auto.def/log/bench.gpu.64_run.csv
non-Kokkos,wisteria,gpu,f90,do-concurrent,auto.def,managed,baseline,,64,128,128,128,2097152,1.045542E-01,534.0253,4.690441E-06,,,,Wisteria/F1.F90.std.auto.def/log/bench.gpu.64_run.csv
non-Kokkos,wisteria,gpu,f90,do-concurrent,auto.def,managed,baseline,,64,256,256,256,16777216,1.799490E-01,620.5598,1.864060E-07,,,,Wisteria/F1.F90.std.auto.def/log/bench.gpu.64_run.csv
non-Kokkos,wisteria,gpu,f90,do-concurrent,auto.def,managed,baseline,,64,512,512,512,134217728,4.603531E-01,485.1456,3.114810E-09,,,,Wisteria/F1.F90.std.auto.def/log/bench.gpu.64_run.csv
non-Kokkos,wisteria,gpu,f90,do-concurrent,auto.opt,managed,baseline,,32,32,32,32,32768,4.227221E-01,33.02085,4.773022E-06,,,,Wisteria/F2.F90.std.auto.opt/log/bench.gpu.32_run.csv
non-Kokkos,wisteria,gpu,f90,do-concurrent,auto.opt,managed,baseline,,32,64,64,64,262144,1.385801E-01,201.4524,1.213484E-05,,,,Wisteria/F2.F90.std.auto.opt/log/bench.gpu.32_run.csv
non-Kokkos,wisteria,gpu,f90,do-concurrent,auto.opt,managed,baseline,,32,128,128,128,2097152,9.852505E-02,566.7044,4.812572E-06,,,,Wisteria/F2.F90.std.auto.opt/log/bench.gpu.32_run.csv
non-Kokkos,wisteria,gpu,f90,do-concurrent,auto.opt,managed,baseline,,32,256,256,256,16777216,1.582682E-01,705.569,1.187990E-06,,,,Wisteria/F2.F90.std.auto.opt/log/bench.gpu.32_run.csv
non-Kokkos,wisteria,gpu,f90,do-concurrent,auto.opt,managed,baseline,,32,512,512,512,134217728,2.710030E-01,824.1174,3.071072E-07,,,,Wisteria/F2.F90.std.auto.opt/log/bench.gpu.32_run.csv
non-Kokkos,wisteria,gpu,f90,do-concurrent,auto.opt,managed,baseline,,64,32,32,32,32768,4.242151E-01,32.90464,1.045213E-08,,,,Wisteria/F2.F90.std.auto.opt/log/bench.gpu.64_run.csv
non-Kokkos,wisteria,gpu,f90,do-concurrent,auto.opt,managed,baseline,,64,64,64,64,262144,1.408870E-01,198.1537,1.452837E-07,,,,Wisteria/F2.F90.std.auto.opt/log/bench.gpu.64_run.csv
non-Kokkos,wisteria,gpu,f90,do-concurrent,auto.opt,managed,baseline,,64,128,128,128,2097152,1.048119E-01,532.7121,4.690441E-06,,,,Wisteria/F2.F90.std.auto.opt/log/bench.gpu.64_run.csv
non-Kokkos,wisteria,gpu,f90,do-concurrent,auto.opt,managed,baseline,,64,256,256,256,16777216,1.677389E-01,665.7319,1.864060E-07,,,,Wisteria/F2.F90.std.auto.opt/log/bench.gpu.64_run.csv
non-Kokkos,wisteria,gpu,f90,do-concurrent,auto.opt,managed,baseline,,64,512,512,512,134217728,4.596119E-01,485.928,3.114810E-09,,,,Wisteria/F2.F90.std.auto.opt/log/bench.gpu.64_run.csv
Kokkos,miyabi,cpu,cpp,kokkos,range/baseline,kokkos-default,baseline,,32,128,128,128,2097152,0.286,156.37,4.555926e-06,0.47,32.14,1.09,A1/build_miyabi_c_cpu/run_miyabi_c_cpu.sh.o1434113
Kokkos,miyabi,cpu,cpp,kokkos,range/baseline,kokkos-default,baseline,,32,128,128,128,2097152,4.428,10.09,4.555220e-06,4.48,291.65,27.27,A1/build_miyabi_g_cpu/run_miyabi_g_cpu.sh.o1434000
Kokkos,miyabi,gpu,cpp,kokkos,range/baseline,kokkos-default,baseline,,32,128,128,128,2097152,22.166,2.01,4.427686e-06,22.56,22.04,0.66,A1/build_miyabi_g_gpu/run_miyabi_g_gpu.sh.o1434121
Kokkos,wisteria,gpu,cpp,kokkos,range/baseline,kokkos-default,baseline,,32,128,128,128,2097152,33.393,1.34,4.427686e-06,36.60,33.55,2.16,A1/build_wisteria_a_gpu/run_wisteria_a_gpu.sh.8505913.out
Kokkos,wisteria,cpu,cpp,kokkos,range/baseline,kokkos-default,baseline,,32,128,128,128,2097152,17.904,2.49,5.859212e-06,18.03,840.35,20.20,A1/build_wisteria_o_cpu/run_wisteria_o_cpu.sh.8551002.out
Kokkos,miyabi,cpu,cpp,kokkos,range/cpu-sweep,kokkos-default,opt-level-sweep,no1,32,128,128,128,2097152,0.329,135.67,4.555926e-06,0.51,36.99,1.30,A2/build_miyabi_c_cpu_no1/run_miyabi_c_cpu.sh.o1453022
Kokkos,miyabi,cpu,cpp,kokkos,range/cpu-sweep,kokkos-default,opt-level-sweep,no2,32,128,128,128,2097152,0.308,144.83,4.555926e-06,0.49,34.67,1.13,A2/build_miyabi_c_cpu_no2/run_miyabi_c_cpu.sh.o1453023
Kokkos,miyabi,cpu,cpp,kokkos,range/cpu-sweep,kokkos-default,opt-level-sweep,no3,32,128,128,128,2097152,0.292,152.95,4.555926e-06,0.48,33.04,0.95,A2/build_miyabi_c_cpu_no3/run_miyabi_c_cpu.sh.o1453025
Kokkos,miyabi,cpu,cpp,kokkos,range/cpu-sweep,kokkos-default,opt-level-sweep,no4,32,128,128,128,2097152,0.244,182.69,4.555926e-06,0.44,27.66,1.26,A2/build_miyabi_c_cpu_no4/run_miyabi_c_cpu.sh.o1453026
Kokkos,miyabi,cpu,cpp,kokkos,range/cpu-sweep,kokkos-default,opt-level-sweep,O2,32,128,128,128,2097152,0.131,341.19,4.555220e-06,0.18,8.63,1.01,A2/build_miyabi_g_cpu_O2/run_miyabi_g_cpu.sh.o1453196
Kokkos,miyabi,cpu,cpp,kokkos,range/cpu-sweep,kokkos-default,opt-level-sweep,O3,32,128,128,128,2097152,0.132,338.56,4.555220e-06,0.18,8.61,1.11,A2/build_miyabi_g_cpu_O3/run_miyabi_g_cpu.sh.o1453160
Kokkos,miyabi,cpu,cpp,kokkos,range/cpu-sweep,kokkos-default,opt-level-sweep,O4,32,128,128,128,2097152,0.132,337.83,4.555220e-06,0.18,9.23,0.50,A2/build_miyabi_g_cpu_O4/run_miyabi_g_cpu.sh.o1453161
Kokkos,miyabi,cpu,cpp,kokkos,range/cpu-sweep,kokkos-default,opt-level-sweep,fast,32,128,128,128,2097152,0.130,342.61,4.555220e-06,0.18,8.19,1.41,A2/build_miyabi_g_cpu_fast/run_miyabi_g_cpu.sh.o1453324
Kokkos,miyabi,gpu,cpp,kokkos,range/cpu-sweep,kokkos-default,opt-level-sweep,O2,32,128,128,128,2097152,21.988,2.03,4.427686e-06,22.38,21.52,1.00,A2/build_miyabi_g_gpu_O2/run_miyabi_g_gpu.sh.o1452991
Kokkos,miyabi,gpu,cpp,kokkos,range/cpu-sweep,kokkos-default,opt-level-sweep,O3,32,128,128,128,2097152,22.159,2.02,4.427686e-06,22.56,22.34,0.35,A2/build_miyabi_g_gpu_O3/run_miyabi_g_gpu.sh.o1452992
Kokkos,miyabi,gpu,cpp,kokkos,range/cpu-sweep,kokkos-default,opt-level-sweep,O4,32,128,128,128,2097152,22.089,2.02,4.427686e-06,22.49,21.98,0.65,A2/build_miyabi_g_gpu_O4/run_miyabi_g_gpu.sh.o1452994
Kokkos,miyabi,gpu,cpp,kokkos,range/cpu-sweep,kokkos-default,opt-level-sweep,fast,32,128,128,128,2097152,22.029,2.03,4.427686e-06,22.44,22.24,0.34,A2/build_miyabi_g_gpu_fast/run_miyabi_g_gpu.sh.o1452996
Kokkos,wisteria,gpu,cpp,kokkos,range/cpu-sweep,kokkos-default,opt-level-sweep,O2,32,128,128,128,2097152,33.404,1.34,4.427686e-06,35.88,33.66,2.14,A2/build_wisteria_a_gpu_O2/run_wisteria_a_gpu.sh.8542086.out
Kokkos,wisteria,gpu,cpp,kokkos,range/cpu-sweep,kokkos-default,opt-level-sweep,O3,32,128,128,128,2097152,33.396,1.34,4.427686e-06,35.79,33.46,2.19,A2/build_wisteria_a_gpu_O3/run_wisteria_a_gpu.sh.8542089.out
Kokkos,wisteria,gpu,cpp,kokkos,range/cpu-sweep,kokkos-default,opt-level-sweep,O4,32,128,128,128,2097152,33.381,1.34,4.427686e-06,36.54,34.65,2.30,A2/build_wisteria_a_gpu_O4/run_wisteria_a_gpu.sh.8542093.out
Kokkos,wisteria,gpu,cpp,kokkos,range/cpu-sweep,kokkos-default,opt-level-sweep,fast,32,128,128,128,2097152,33.391,1.34,4.427686e-06,35.79,33.46,2.19,A2/build_wisteria_a_gpu_fast/run_wisteria_a_gpu.sh.8542094.out
Kokkos,wisteria,cpu,cpp,kokkos,range/cpu-sweep,kokkos-default,opt-level-sweep,Kfast,32,128,128,128,2097152,0.740,60.35,8.259826e-06,1.01,34.64,1.12,A2/build_wisteria_o_cpu_Kfast/run_wisteria_o_cpu.sh.8542177.out
Kokkos,wisteria,cpu,cpp,kokkos,range/cpu-sweep,kokkos-default,opt-level-sweep,O2,32,128,128,128,2097152,0.828,53.96,5.859212e-06,0.99,39.19,1.23,A2/build_wisteria_o_cpu_O2/run_wisteria_o_cpu.sh.8542178.out
Kokkos,wisteria,cpu,cpp,kokkos,range/cpu-sweep,kokkos-default,opt-level-sweep,O3,32,128,128,128,2097152,0.908,49.17,5.859212e-06,1.13,43.05,1.24,A2/build_wisteria_o_cpu_O3/run_wisteria_o_cpu.sh.8542179.out
Kokkos,miyabi,cpu,cpp,kokkos,range/baseline-fused,kokkos-default,fused,,32,128,128,128,2097152,0.646,69.15,5.445478e-06,0.82,72.17,1.35,A2_fusion_loop/build_miyabi_c_cpu/run_miyabi_c_cpu.sh.o1433577
Kokkos,miyabi,cpu,cpp,kokkos,range/baseline-fused,kokkos-default,fused,,32,128,128,128,2097152,0.284,157.49,4.555220e-06,0.33,20.63,0.03,A2_fusion_loop/build_miyabi_g_cpu/run_miyabi_g_cpu.sh.o1433532
Kokkos,miyabi,gpu,cpp,kokkos,range/baseline-fused,kokkos-default,fused,,32,128,128,128,2097152,0.036,1225.29,4.427686e-06,0.51,0.09,0.60,A2_fusion_loop/build_miyabi_g_gpu/run_miyabi_g_gpu.sh.o1433519
Kokkos,wisteria,gpu,cpp,kokkos,range/baseline-fused,kokkos-default,fused,,32,128,128,128,2097152,0.060,748.38,4.427686e-06,2.57,0.23,2.19,A2_fusion_loop/build_wisteria_a_gpu/run_wisteria_a_gpu.sh.8498341.out
Kokkos,wisteria,cpu,cpp,kokkos,range/baseline-fused,kokkos-default,fused,,32,128,128,128,2097152,2.031,21.99,8.261090e-06,2.19,96.87,1.08,A2_fusion_loop/build_wisteria_o_cpu/run_wisteria_o_cpu.sh.8551028.out
Kokkos,miyabi,gpu,cpp,kokkos,range/uvm,kokkos-uvm,baseline,,32,128,128,128,2097152,22.040,2.03,4.427686e-06,22.45,21.96,0.62,A3/build_miyabi_g_gpu/run_miyabi_g_gpu.sh.o1456796
Kokkos,wisteria,gpu,cpp,kokkos,range/uvm,kokkos-uvm,baseline,,32,128,128,128,2097152,32.358,1.38,4.427686e-06,35.31,32.54,2.12,A3/build_wisteria_a_gpu/run_wisteria_a_gpu.sh.8496237.out
Kokkos,miyabi,gpu,cpp,kokkos,range/uvm-sweep,kokkos-uvm,opt-level-sweep,O2,32,128,128,128,2097152,22.042,2.03,4.427686e-06,22.44,21.86,0.71,A4/build_miyabi_g_gpu_O2/run_miyabi_g_gpu.sh.o1431920
Kokkos,miyabi,gpu,cpp,kokkos,range/uvm-sweep,kokkos-uvm,opt-level-sweep,O3,32,128,128,128,2097152,22.038,2.03,4.427686e-06,22.53,22.30,0.42,A4/build_miyabi_g_gpu_O3/run_miyabi_g_gpu.sh.o1431921
Kokkos,miyabi,gpu,cpp,kokkos,range/uvm-sweep,kokkos-uvm,opt-level-sweep,O4,32,128,128,128,2097152,22.045,2.03,4.427686e-06,22.46,22.14,0.45,A4/build_miyabi_g_gpu_O4/run_miyabi_g_gpu.sh.o1431923
Kokkos,miyabi,gpu,cpp,kokkos,range/uvm-sweep,kokkos-uvm,opt-level-sweep,fast,32,128,128,128,2097152,22.036,2.03,4.427686e-06,22.53,22.27,0.42,A4/build_miyabi_g_gpu_fast/run_miyabi_g_gpu.sh.o1431926
Kokkos,wisteria,gpu,cpp,kokkos,range/uvm-sweep,kokkos-uvm,opt-level-sweep,O2,32,128,128,128,2097152,32.356,1.38,4.427686e-06,35.63,32.49,2.21,A4/build_wisteria_a_gpu_O2/run_wisteria_a_gpu.sh.8496258.out
Kokkos,wisteria,gpu,cpp,kokkos,range/uvm-sweep,kokkos-uvm,opt-level-sweep,O3,32,128,128,128,2097152,32.334,1.38,4.427686e-06,35.68,32.47,2.12,A4/build_wisteria_a_gpu_O3/run_wisteria_a_gpu.sh.8496265.out
Kokkos,wisteria,gpu,cpp,kokkos,range/uvm-sweep,kokkos-uvm,opt-level-sweep,O4,32,128,128,128,2097152,32.331,1.38,4.427686e-06,34.73,32.41,2.18,A4/build_wisteria_a_gpu_O4/run_wisteria_a_gpu.sh.8496266.out
Kokkos,wisteria,gpu,cpp,kokkos,range/uvm-sweep,kokkos-uvm,opt-level-sweep,fast,32,128,128,128,2097152,32.344,1.38,4.427686e-06,35.02,32.47,2.14,A4/build_wisteria_a_gpu_fast/run_wisteria_a_gpu.sh.8496267.out
Kokkos,miyabi,gpu,cpp,kokkos,range/uvm-fused,kokkos-uvm,fused,,32,128,128,128,2097152,0.037,1218.83,4.427686e-06,0.42,0.08,0.47,A4_fusion_loop/build_miyabi_g_gpu/run_miyabi_g_gpu.sh.o1433857
Kokkos,wisteria,gpu,cpp,kokkos,range/uvm-fused,kokkos-uvm,fused,,32,128,128,128,2097152,0.060,749.25,4.427686e-06,2.64,0.29,2.13,A4_fusion_loop/build_wisteria_a_gpu/run_wisteria_a_gpu.sh.8498389.out
Kokkos,miyabi,cpu,cpp,kokkos,mdrange/baseline,kokkos-default,baseline,,32,128,128,128,2097152,0.921,48.48,5.445902e-06,1.11,102.16,2.13,B1/build_miyabi_c_cpu/run_miyabi_c_cpu.sh.o1438079
Kokkos,miyabi,cpu,cpp,kokkos,mdrange/baseline,kokkos-default,baseline,O3,32,128,128,128,2097152,0.485,92.03,5.445902e-06,0.68,54.36,1.15,B1/build_miyabi_c_cpu_O3/run_miyabi_c_cpu.sh.o1438080
Kokkos,miyabi,cpu,cpp,kokkos,mdrange/baseline,kokkos-default,baseline,,32,128,128,128,2097152,4.099,10.90,4.555220e-06,4.15,271.85,23.49,B1/build_miyabi_g_cpu/run_miyabi_g_cpu.sh.o1438049
Kokkos,miyabi,cpu,cpp,kokkos,mdrange/baseline,kokkos-default,baseline,fast,32,128,128,128,2097152,0.176,254.08,4.555220e-06,0.23,12.37,0.47,B1/build_miyabi_g_cpu_fast/run_miyabi_g_cpu.sh.o1438050
Kokkos,miyabi,gpu,cpp,kokkos,mdrange/baseline,kokkos-default,baseline,,32,128,128,128,2097152,0.133,334.84,4.427686e-06,0.64,0.20,0.60,B1/build_miyabi_g_gpu/run_miyabi_g_gpu.sh.o1438034
Kokkos,miyabi,gpu,cpp,kokkos,mdrange/baseline,kokkos-default,baseline,fast,32,128,128,128,2097152,0.132,337.80,4.427686e-06,0.61,0.32,0.46,B1/build_miyabi_g_gpu_fast/run_miyabi_g_gpu.sh.o1438035
Kokkos,wisteria,gpu,cpp,kokkos,mdrange/baseline,kokkos-default,baseline,,32,128,128,128,2097152,0.264,169.04,4.427686e-06,2.72,0.43,2.14,B1/build_wisteria_a_gpu/run_wisteria_a_gpu.sh.8506006.out
Kokkos,wisteria,gpu,cpp,kokkos,mdrange/baseline,kokkos-default,baseline,fast,32,128,128,128,2097152,0.288,154.96,4.427686e-06,3.02,0.80,2.21,B1/build_wisteria_a_gpu_fast/run_wisteria_a_gpu.sh.8506009.out
Kokkos,wisteria,cpu,cpp,kokkos,mdrange/baseline,kokkos-default,baseline,,32,128,128,128,2097152,20.816,2.15,5.859212e-06,21.01,997.43,3.26,B1/build_wisteria_o_cpu/run_wisteria_o_cpu.sh.8506028.out
Kokkos,wisteria,cpu,cpp,kokkos,mdrange/baseline,kokkos-default,baseline,Kfast,32,128,128,128,2097152,0.883,50.58,8.261702e-06,1.04,41.95,0.68,B1/build_wisteria_o_cpu_Kfast/run_wisteria_o_cpu.sh.8506029.out
Kokkos,miyabi,cpu,cpp,kokkos,mdrange/cpu-tile-sweep,kokkos-default,tile-sweep,x1y2z16,32,128,128,128,2097152,1.127,39.61,5.445902e-06,1.33,123.07,4.12,B2/build_miyabi_c_cpu_x1y2z16/run_miyabi_c_cpu.sh.o1456464
Kokkos,miyabi,cpu,cpp,kokkos,mdrange/cpu-tile-sweep,kokkos-default,tile-sweep,x1y2z32,32,128,128,128,2097152,0.853,52.35,5.445902e-06,1.04,95.16,1.55,B2/build_miyabi_c_cpu_x1y2z32/run_miyabi_c_cpu.sh.o1456465
Kokkos,miyabi,cpu,cpp,kokkos,mdrange/cpu-tile-sweep,kokkos-default,tile-sweep,x1y2z64,32,128,128,128,2097152,0.684,65.32,5.445902e-06,0.88,76.61,1.71,B2/build_miyabi_c_cpu_x1y2z64/run_miyabi_c_cpu.sh.o1456467
Kokkos,miyabi,cpu,cpp,kokkos,mdrange/cpu-tile-sweep,kokkos-default,tile-sweep,x1y4z16,32,128,128,128,2097152,1.039,43.00,5.445902e-06,1.23,115.24,2.05,B2/build_miyabi_c_cpu_x1y4z16/run_miyabi_c_cpu.sh.o1456468
Kokkos,miyabi,cpu,cpp,kokkos,mdrange/cpu-tile-sweep,kokkos-default,tile-sweep,x1y4z32,32,128,128,128,2097152,0.733,60.93,5.445902e-06,0.92,82.07,1.49,B2/build_miyabi_c_cpu_x1y4z32/run_miyabi_c_cpu.sh.o1456469
Kokkos,miyabi,cpu,cpp,kokkos,mdrange/cpu-tile-sweep,kokkos-default,tile-sweep,x1y4z64,32,128,128,128,2097152,0.676,66.01,5.445902e-06,0.86,75.91,1.11,B2/build_miyabi_c_cpu_x1y4z64/run_miyabi_c_cpu.sh.o1456470
Kokkos,miyabi,cpu,cpp,kokkos,mdrange/cpu-tile-sweep,kokkos-default,tile-sweep,x1y8z16,32,128,128,128,2097152,1.054,42.36,5.445902e-06,1.25,115.17,3.83,B2/build_miyabi_c_cpu_x1y8z16/run_miyabi_c_cpu.sh.o1456471
Kokkos,miyabi,cpu,cpp,kokkos,mdrange/cpu-tile-sweep,kokkos-default,tile-sweep,x1y8z32,32,128,128,128,2097152,1.025,43.56,5.445902e-06,1.22,113.03,2.78,B2/build_miyabi_c_cpu_x1y8z32/run_miyabi_c_cpu.sh.o1456472
Kokkos,miyabi,cpu,cpp,kokkos,mdrange/cpu-tile-sweep,kokkos-default,tile-sweep,x1y8z64,32,128,128,128,2097152,0.603,74.01,5.445902e-06,0.80,67.15,1.81,B2/build_miyabi_c_cpu_x1y8z64/run_miyabi_c_cpu.sh.o1456479
Kokkos,miyabi,cpu,cpp,kokkos,mdrange/cpu-tile-sweep,kokkos-default,tile-sweep,x2y2z16,32,128,128,128,2097152,0.957,46.66,5.445902e-06,1.14,106.41,1.91,B2/build_miyabi_c_cpu_x2y2z16/run_miyabi_c_cpu.sh.o1456480
Kokkos,miyabi,cpu,cpp,kokkos,mdrange/cpu-tile-sweep,kokkos-default,tile-sweep,x2y2z32,32,128,128,128,2097152,0.772,57.81,5.445902e-06,0.96,86.07,1.38,B2/build_miyabi_c_cpu_x2y2z32/run_miyabi_c_cpu.sh.o1456481
Kokkos,miyabi,cpu,cpp,kokkos,mdrange/cpu-tile-sweep,kokkos-default,tile-sweep,x2y2z64,32,128,128,128,2097152,0.535,83.40,5.445902e-06,0.73,60.39,1.36,B2/build_miyabi_c_cpu_x2y2z64/run_miyabi_c_cpu.sh.o1456482
Kokkos,miyabi,cpu,cpp,kokkos,mdrange/cpu-tile-sweep,kokkos-default,tile-sweep,x2y4z16,32,128,128,128,2097152,1.022,43.70,5.445902e-06,1.21,111.66,3.77,B2/build_miyabi_c_cpu_x2y4z16/run_miyabi_c_cpu.sh.o1456483
Kokkos,miyabi,cpu,cpp,kokkos,mdrange/cpu-tile-sweep,kokkos-default,tile-sweep,x2y4z32,32,128,128,128,2097152,0.648,68.93,5.445902e-06,0.84,72.38,1.26,B2/build_miyabi_c_cpu_x2y4z32/run_miyabi_c_cpu.sh.o1456484
Kokkos,miyabi,cpu,cpp,kokkos,mdrange/cpu-tile-sweep,kokkos-default,tile-sweep,x2y4z64,32,128,128,128,2097152,0.494,90.39,5.445902e-06,0.68,55.36,1.38,B2/build_miyabi_c_cpu_x2y4z64/run_miyabi_c_cpu.sh.o1456485
Kokkos,miyabi,cpu,cpp,kokkos,mdrange/cpu-tile-sweep,kokkos-default,tile-sweep,x2y8z16,32,128,128,128,2097152,0.758,58.92,5.445902e-06,0.95,84.36,1.47,B2/build_miyabi_c_cpu_x2y8z16/run_miyabi_c_cpu.sh.o1456486
Kokkos,miyabi,cpu,cpp,kokkos,mdrange/cpu-tile-sweep,kokkos-default,tile-sweep,x2y8z32,32,128,128,128,2097152,0.667,66.95,5.445902e-06,0.86,74.48,1.24,B2/build_miyabi_c_cpu_x2y8z32/run_miyabi_c_cpu.sh.o1456487
Kokkos,miyabi,cpu,cpp,kokkos,mdrange/cpu-tile-sweep,kokkos-default,tile-sweep,x2y8z64,32,128,128,128,2097152,0.451,99.00,5.445902e-06,0.64,50.33,1.53,B2/build_miyabi_c_cpu_x2y8z64/run_miyabi_c_cpu.sh.o1456489
Kokkos,miyabi,cpu,cpp,kokkos,mdrange/cpu-tile-sweep,kokkos-default,tile-sweep,x4y8z64,32,128,128,128,2097152,0.338,132.17,5.445902e-06,0.52,38.08,1.27,B2/build_miyabi_c_cpu_x4y8z64/run_miyabi_c_cpu.sh.o1456490
Kokkos,miyabi,cpu,cpp,kokkos,mdrange/cpu-tile-sweep,kokkos-default,tile-sweep,x1y2z16,32,128,128,128,2097152,0.214,208.76,4.555220e-06,0.27,15.62,0.03,B2/build_miyabi_g_cpu_x1y2z16/run_miyabi_g_cpu.sh.o1456428
Kokkos,miyabi,cpu,cpp,kokkos,mdrange/cpu-tile-sweep,kokkos-default,tile-sweep,x1y2z32,32,128,128,128,2097152,0.206,216.68,4.555220e-06,0.26,14.60,0.45,B2/build_miyabi_g_cpu_x1y2z32/run_miyabi_g_cpu.sh.o1456430
Kokkos,miyabi,cpu,cpp,kokkos,mdrange/cpu-tile-sweep,kokkos-default,tile-sweep,x1y2z64,32,128,128,128,2097152,0.195,229.15,4.555220e-06,0.25,12.84,1.43,B2/build_miyabi_g_cpu_x1y2z64/run_miyabi_g_cpu.sh.o1456431
Kokkos,miyabi,cpu,cpp,kokkos,mdrange/cpu-tile-sweep,kokkos-default,tile-sweep,x1y4z16,32,128,128,128,2097152,0.194,229.86,4.555220e-06,0.25,13.83,0.39,B2/build_miyabi_g_cpu_x1y4z16/run_miyabi_g_cpu.sh.o1456433
Kokkos,miyabi,cpu,cpp,kokkos,mdrange/cpu-tile-sweep,kokkos-default,tile-sweep,x1y4z32,32,128,128,128,2097152,0.187,239.26,4.555220e-06,0.24,13.11,0.57,B2/build_miyabi_g_cpu_x1y4z32/run_miyabi_g_cpu.sh.o1456435
Kokkos,miyabi,cpu,cpp,kokkos,mdrange/cpu-tile-sweep,kokkos-default,tile-sweep,x1y4z64,32,128,128,128,2097152,0.179,249.60,4.555220e-06,0.23,12.09,1.03,B2/build_miyabi_g_cpu_x1y4z64/run_miyabi_g_cpu.sh.o1456436
Kokkos,miyabi,cpu,cpp,kokkos,mdrange/cpu-tile-sweep,kokkos-default,tile-sweep,x1y8z16,32,128,128,128,2097152,0.186,240.21,4.555220e-06,0.24,12.53,1.09,B2/build_miyabi_g_cpu_x1y8z16/run_miyabi_g_cpu.sh.o1456437
Kokkos,miyabi,cpu,cpp,kokkos,mdrange/cpu-tile-sweep,kokkos-default,tile-sweep,x1y8z32,32,128,128,128,2097152,0.175,255.66,4.555220e-06,0.23,12.27,0.53,B2/build_miyabi_g_cpu_x1y8z32/run_miyabi_g_cpu.sh.o1456439
Kokkos,miyabi,cpu,cpp,kokkos,mdrange/cpu-tile-sweep,kokkos-default,tile-sweep,x1y8z64,32,128,128,128,2097152,0.176,254.36,4.555220e-06,0.23,12.51,0.36,B2/build_miyabi_g_cpu_x1y8z64/run_miyabi_g_cpu.sh.o1456440
Kokkos,miyabi,cpu,cpp,kokkos,mdrange/cpu-tile-sweep,kokkos-default,tile-sweep,x2y2z16,32,128,128,128,2097152,0.197,226.85,4.555220e-06,0.25,13.81,0.58,B2/build_miyabi_g_cpu_x2y2z16/run_miyabi_g_cpu.sh.o1456441
Kokkos,miyabi,cpu,cpp,kokkos,mdrange/cpu-tile-sweep,kokkos-default,tile-sweep,x2y2z32,32,128,128,128,2097152,0.195,229.30,4.555220e-06,0.25,14.23,0.02,B2/build_miyabi_g_cpu_x2y2z32/run_miyabi_g_cpu.sh.o1456443
Kokkos,miyabi,cpu,cpp,kokkos,mdrange/cpu-tile-sweep,kokkos-default,tile-sweep,x2y2z64,32,128,128,128,2097152,0.184,242.74,4.555220e-06,0.24,13.25,0.21,B2/build_miyabi_g_cpu_x2y2z64/run_miyabi_g_cpu.sh.o1456445
Kokkos,miyabi,cpu,cpp,kokkos,mdrange/cpu-tile-sweep,kokkos-default,tile-sweep,x2y4z16,32,128,128,128,2097152,0.189,235.99,4.555220e-06,0.24,13.12,0.73,B2/build_miyabi_g_cpu_x2y4z16/run_miyabi_g_cpu.sh.o1456447
Kokkos,miyabi,cpu,cpp,kokkos,mdrange/cpu-tile-sweep,kokkos-default,tile-sweep,x2y4z32,32,128,128,128,2097152,0.176,253.17,4.555220e-06,0.23,11.65,1.27,B2/build_miyabi_g_cpu_x2y4z32/run_miyabi_g_cpu.sh.o1456448
Kokkos,miyabi,cpu,cpp,kokkos,mdrange/cpu-tile-sweep,kokkos-default,tile-sweep,x2y4z64,32,128,128,128,2097152,0.175,255.06,4.555220e-06,0.23,11.45,1.38,B2/build_miyabi_g_cpu_x2y4z64/run_miyabi_g_cpu.sh.o1456449
Kokkos,miyabi,cpu,cpp,kokkos,mdrange/cpu-tile-sweep,kokkos-default,tile-sweep,x2y8z16,32,128,128,128,2097152,0.177,253.01,4.555220e-06,0.23,12.08,0.85,B2/build_miyabi_g_cpu_x2y8z16/run_miyabi_g_cpu.sh.o1456450
Kokkos,miyabi,cpu,cpp,kokkos,mdrange/cpu-tile-sweep,kokkos-default,tile-sweep,x2y8z32,32,128,128,128,2097152,0.174,256.64,4.555220e-06,0.23,12.52,0.23,B2/build_miyabi_g_cpu_x2y8z32/run_miyabi_g_cpu.sh.o1456451
Kokkos,miyabi,cpu,cpp,kokkos,mdrange/cpu-tile-sweep,kokkos-default,tile-sweep,x2y8z64,32,128,128,128,2097152,0.177,252.44,4.555220e-06,0.23,12.66,0.29,B2/build_miyabi_g_cpu_x2y8z64/run_miyabi_g_cpu.sh.o1456453
Kokkos,miyabi,cpu,cpp,kokkos,mdrange/cpu-tile-sweep,kokkos-default,tile-sweep,x4y8z64,32,128,128,128,2097152,0.180,248.32,4.555220e-06,0.23,12.32,0.85,B2/build_miyabi_g_cpu_x4y8z64/run_miyabi_g_cpu.sh.o1456455
Kokkos,miyabi,gpu,cpp,kokkos,mdrange/cpu-tile-sweep,kokkos-default,tile-sweep,x1y2z16,32,128,128,128,2097152,0.079,564.00,4.427686e-06,0.48,0.17,0.43,B2/build_miyabi_g_gpu_x1y2z16/run_miyabi_g_gpu.sh.o1456365
Kokkos,miyabi,gpu,cpp,kokkos,mdrange/cpu-tile-sweep,kokkos-default,tile-sweep,x1y2z32,32,128,128,128,2097152,0.048,937.03,4.427686e-06,0.45,0.12,0.47,B2/build_miyabi_g_gpu_x1y2z32/run_miyabi_g_gpu.sh.o1456367
Kokkos,miyabi,gpu,cpp,kokkos,mdrange/cpu-tile-sweep,kokkos-default,tile-sweep,x1y2z64,32,128,128,128,2097152,0.032,1386.43,4.427686e-06,0.43,0.11,0.45,B2/build_miyabi_g_gpu_x1y2z64/run_miyabi_g_gpu.sh.o1456370
Kokkos,miyabi,gpu,cpp,kokkos,mdrange/cpu-tile-sweep,kokkos-default,tile-sweep,x1y4z16,32,128,128,128,2097152,0.048,939.49,4.427686e-06,0.53,0.15,0.55,B2/build_miyabi_g_gpu_x1y4z16/run_miyabi_g_gpu.sh.o1456371
Kokkos,miyabi,gpu,cpp,kokkos,mdrange/cpu-tile-sweep,kokkos-default,tile-sweep,x1y4z32,32,128,128,128,2097152,0.032,1385.69,4.427686e-06,0.51,0.05,0.63,B2/build_miyabi_g_gpu_x1y4z32/run_miyabi_g_gpu.sh.o1456372
Kokkos,miyabi,gpu,cpp,kokkos,mdrange/cpu-tile-sweep,kokkos-default,tile-sweep,x1y4z64,32,128,128,128,2097152,0.032,1385.01,4.427686e-06,0.50,0.11,0.54,B2/build_miyabi_g_gpu_x1y4z64/run_miyabi_g_gpu.sh.o1456375
Kokkos,miyabi,gpu,cpp,kokkos,mdrange/cpu-tile-sweep,kokkos-default,tile-sweep,x1y8z16,32,128,128,128,2097152,0.045,1000.38,4.427686e-06,0.52,0.08,0.60,B2/build_miyabi_g_gpu_x1y8z16/run_miyabi_g_gpu.sh.o1456378
Kokkos,miyabi,gpu,cpp,kokkos,mdrange/cpu-tile-sweep,kokkos-default,tile-sweep,x1y8z32,32,128,128,128,2097152,0.044,1004.27,4.427686e-06,0.51,0.16,0.51,B2/build_miyabi_g_gpu_x1y8z32/run_miyabi_g_gpu.sh.o1456381
Kokkos,miyabi,gpu,cpp,kokkos,mdrange/cpu-tile-sweep,kokkos-default,tile-sweep,x1y8z64,32,128,128,128,2097152,0.045,993.45,4.427686e-06,0.52,0.14,0.54,B2/build_miyabi_g_gpu_x1y8z64/run_miyabi_g_gpu.sh.o1456383
Kokkos,miyabi,gpu,cpp,kokkos,mdrange/cpu-tile-sweep,kokkos-default,tile-sweep,x2y2z16,32,128,128,128,2097152,0.048,938.40,4.427686e-06,0.53,0.22,0.48,B2/build_miyabi_g_gpu_x2y2z16/run_miyabi_g_gpu.sh.o1456386
Kokkos,miyabi,gpu,cpp,kokkos,mdrange/cpu-tile-sweep,kokkos-default,tile-sweep,x2y2z32,32,128,128,128,2097152,0.032,1382.90,4.427686e-06,0.51,0.05,0.63,B2/build_miyabi_g_gpu_x2y2z32/run_miyabi_g_gpu.sh.o1456389
Kokkos,miyabi,gpu,cpp,kokkos,mdrange/cpu-tile-sweep,kokkos-default,tile-sweep,x2y2z64,32,128,128,128,2097152,0.032,1385.99,4.427686e-06,0.52,0.05,0.63,B2/build_miyabi_g_gpu_x2y2z64/run_miyabi_g_gpu.sh.o1456391
Kokkos,miyabi,gpu,cpp,kokkos,mdrange/cpu-tile-sweep,kokkos-default,tile-sweep,x2y4z16,32,128,128,128,2097152,0.045,995.38,4.427686e-06,0.53,0.11,0.58,B2/build_miyabi_g_gpu_x2y4z16/run_miyabi_g_gpu.sh.o1456394
Kokkos,miyabi,gpu,cpp,kokkos,mdrange/cpu-tile-sweep,kokkos-default,tile-sweep,x2y4z32,32,128,128,128,2097152,0.045,1002.94,4.427686e-06,0.53,0.10,0.59,B2/build_miyabi_g_gpu_x2y4z32/run_miyabi_g_gpu.sh.o1456397
Kokkos,miyabi,gpu,cpp,kokkos,mdrange/cpu-tile-sweep,kokkos-default,tile-sweep,x2y4z64,32,128,128,128,2097152,0.045,1002.26,4.427686e-06,0.54,0.11,0.60,B2/build_miyabi_g_gpu_x2y4z64/run_miyabi_g_gpu.sh.o1456399
Kokkos,miyabi,gpu,cpp,kokkos,mdrange/cpu-tile-sweep,kokkos-default,tile-sweep,x2y8z16,32,128,128,128,2097152,0.072,616.96,4.427686e-06,0.55,0.15,0.56,B2/build_miyabi_g_gpu_x2y8z16/run_miyabi_g_gpu.sh.o1456401
Kokkos,miyabi,gpu,cpp,kokkos,mdrange/cpu-tile-sweep,kokkos-default,tile-sweep,x2y8z32,32,128,128,128,2097152,0.073,613.51,4.427686e-06,0.55,0.30,0.42,B2/build_miyabi_g_gpu_x2y8z32/run_miyabi_g_gpu.sh.o1456403
Kokkos,miyabi,gpu,cpp,kokkos,mdrange/cpu-tile-sweep,kokkos-default,tile-sweep,x2y8z64,32,128,128,128,2097152,0.075,595.90,4.427686e-06,0.48,0.15,0.45,B2/build_miyabi_g_gpu_x2y8z64/run_miyabi_g_gpu.sh.o1456406
Kokkos,miyabi,gpu,cpp,kokkos,mdrange/cpu-tile-sweep,kokkos-default,tile-sweep,x4y8z64,32,128,128,128,2097152,,,,0.41,0.04,0.46,B2/build_miyabi_g_gpu_x4y8z64/run_miyabi_g_gpu.sh.o1456409
Kokkos,wisteria,gpu,cpp,kokkos,mdrange/cpu-tile-sweep,kokkos-default,tile-sweep,x1y2z16,32,128,128,128,2097152,0.122,365.46,4.427686e-06,3.03,0.28,2.22,B2/build_wisteria_a_gpu_x1y2z16/run_wisteria_a_gpu.sh.8550028.out
Kokkos,wisteria,gpu,cpp,kokkos,mdrange/cpu-tile-sweep,kokkos-default,tile-sweep,x1y2z32,32,128,128,128,2097152,0.070,636.07,4.427686e-06,3.45,0.25,2.23,B2/build_wisteria_a_gpu_x1y2z32/run_wisteria_a_gpu.sh.8549977.out
Kokkos,wisteria,gpu,cpp,kokkos,mdrange/cpu-tile-sweep,kokkos-default,tile-sweep,x1y2z64,32,128,128,128,2097152,0.052,864.27,4.427686e-06,2.65,0.22,2.18,B2/build_wisteria_a_gpu_x1y2z64/run_wisteria_a_gpu.sh.8549978.out
Kokkos,wisteria,gpu,cpp,kokkos,mdrange/cpu-tile-sweep,kokkos-default,tile-sweep,x1y4z16,32,128,128,128,2097152,0.070,633.60,4.427686e-06,2.57,0.24,2.19,B2/build_wisteria_a_gpu_x1y4z16/run_wisteria_a_gpu.sh.8549979.out
Kokkos,wisteria,gpu,cpp,kokkos,mdrange/cpu-tile-sweep,kokkos-default,tile-sweep,x1y4z32,32,128,128,128,2097152,0.057,781.71,4.427686e-06,2.50,0.11,2.31,B2/build_wisteria_a_gpu_x1y4z32/run_wisteria_a_gpu.sh.8549980.out
Kokkos,wisteria,gpu,cpp,kokkos,mdrange/cpu-tile-sweep,kokkos-default,tile-sweep,x1y4z64,32,128,128,128,2097152,0.057,786.17,4.427686e-06,2.44,0.17,2.24,B2/build_wisteria_a_gpu_x1y4z64/run_wisteria_a_gpu.sh.8549981.out
Kokkos,wisteria,gpu,cpp,kokkos,mdrange/cpu-tile-sweep,kokkos-default,tile-sweep,x1y8z16,32,128,128,128,2097152,0.087,515.23,4.427686e-06,2.55,0.21,2.23,B2/build_wisteria_a_gpu_x1y8z16/run_wisteria_a_gpu.sh.8549983.out
Kokkos,wisteria,gpu,cpp,kokkos,mdrange/cpu-tile-sweep,kokkos-default,tile-sweep,x1y8z32,32,128,128,128,2097152,0.086,518.91,4.427686e-06,2.49,0.26,2.17,B2/build_wisteria_a_gpu_x1y8z32/run_wisteria_a_gpu.sh.8549984.out
Kokkos,wisteria,gpu,cpp,kokkos,mdrange/cpu-tile-sweep,kokkos-default,tile-sweep,x1y8z64,32,128,128,128,2097152,0.086,517.61,4.427686e-06,2.68,0.41,2.24,B2/build_wisteria_a_gpu_x1y8z64/run_wisteria_a_gpu.sh.8549985.out
Kokkos,wisteria,gpu,cpp,kokkos,mdrange/cpu-tile-sweep,kokkos-default,tile-sweep,x2y2z16,32,128,128,128,2097152,0.071,631.97,4.427686e-06,2.57,0.21,2.20,B2/build_wisteria_a_gpu_x2y2z16/run_wisteria_a_gpu.sh.8549988.out
Kokkos,wisteria,gpu,cpp,kokkos,mdrange/cpu-tile-sweep,kokkos-default,tile-sweep,x2y2z32,32,128,128,128,2097152,0.056,790.94,4.427686e-06,2.45,0.18,2.24,B2/build_wisteria_a_gpu_x2y2z32/run_wisteria_a_gpu.sh.8549989.out
Kokkos,wisteria,gpu,cpp,kokkos,mdrange/cpu-tile-sweep,kokkos-default,tile-sweep,x2y2z64,32,128,128,128,2097152,0.056,793.62,4.427686e-06,2.58,0.27,2.19,B2/build_wisteria_a_gpu_x2y2z64/run_wisteria_a_gpu.sh.8549990.out
Kokkos,wisteria,gpu,cpp,kokkos,mdrange/cpu-tile-sweep,kokkos-default,tile-sweep,x2y4z16,32,128,128,128,2097152,0.087,513.44,4.427686e-06,2.50,0.25,2.18,B2/build_wisteria_a_gpu_x2y4z16/run_wisteria_a_gpu.sh.8549991.out
Kokkos,wisteria,gpu,cpp,kokkos,mdrange/cpu-tile-sweep,kokkos-default,tile-sweep,x2y4z32,32,128,128,128,2097152,0.086,518.24,4.427686e-06,2.60,0.23,2.24,B2/build_wisteria_a_gpu_x2y4z32/run_wisteria_a_gpu.sh.8549992.out
Kokkos,wisteria,gpu,cpp,kokkos,mdrange/cpu-tile-sweep,kokkos-default,tile-sweep,x2y4z64,32,128,128,128,2097152,0.086,520.03,4.427686e-06,2.60,0.21,2.24,B2/build_wisteria_a_gpu_x2y4z64/run_wisteria_a_gpu.sh.8549995.out
Kokkos,wisteria,gpu,cpp,kokkos,mdrange/cpu-tile-sweep,kokkos-default,tile-sweep,x2y8z16,32,128,128,128,2097152,0.149,300.66,4.427686e-06,2.53,0.27,2.22,B2/build_wisteria_a_gpu_x2y8z16/run_wisteria_a_gpu.sh.8549997.out
Kokkos,wisteria,gpu,cpp,kokkos,mdrange/cpu-tile-sweep,kokkos-default,tile-sweep,x2y8z32,32,128,128,128,2097152,0.148,301.96,4.427686e-06,2.64,0.32,2.17,B2/build_wisteria_a_gpu_x2y8z32/run_wisteria_a_gpu.sh.8549999.out
Kokkos,wisteria,gpu,cpp,kokkos,mdrange/cpu-tile-sweep,kokkos-default,tile-sweep,x2y8z64,32,128,128,128,2097152,0.144,309.53,4.427686e-06,2.66,0.32,2.17,B2/build_wisteria_a_gpu_x2y8z64/run_wisteria_a_gpu.sh.8550001.out
Kokkos,wisteria,gpu,cpp,kokkos,mdrange/cpu-tile-sweep,kokkos-default,tile-sweep,x4y8z64,32,128,128,128,2097152,,,,2.93,0.26,2.27,B2/build_wisteria_a_gpu_x4y8z64/run_wisteria_a_gpu.sh.8550003.out
Kokkos,wisteria,cpu,cpp,kokkos,mdrange/cpu-tile-sweep,kokkos-default,tile-sweep,x1y2z16,32,128,128,128,2097152,1.676,26.64,5.859212e-06,1.92,80.46,0.67,B2/build_wisteria_o_cpu_x1y2z16/run_wisteria_o_cpu.sh.8551134.out
Kokkos,wisteria,cpu,cpp,kokkos,mdrange/cpu-tile-sweep,kokkos-default,tile-sweep,x1y2z32,32,128,128,128,2097152,1.288,34.67,5.859212e-06,1.52,61.70,0.78,B2/build_wisteria_o_cpu_x1y2z32/run_wisteria_o_cpu.sh.8551135.out
Kokkos,wisteria,cpu,cpp,kokkos,mdrange/cpu-tile-sweep,kokkos-default,tile-sweep,x1y2z64,32,128,128,128,2097152,1.104,40.45,5.859212e-06,1.27,53.01,0.66,B2/build_wisteria_o_cpu_x1y2z64/run_wisteria_o_cpu.sh.8551136.out
Kokkos,wisteria,cpu,cpp,kokkos,mdrange/cpu-tile-sweep,kokkos-default,tile-sweep,x1y4z16,32,128,128,128,2097152,1.666,26.81,5.859212e-06,1.87,79.91,0.71,B2/build_wisteria_o_cpu_x1y4z16/run_wisteria_o_cpu.sh.8551137.out
Kokkos,wisteria,cpu,cpp,kokkos,mdrange/cpu-tile-sweep,kokkos-default,tile-sweep,x1y4z32,32,128,128,128,2097152,1.298,34.41,5.859212e-06,1.47,61.94,1.02,B2/build_wisteria_o_cpu_x1y4z32/run_wisteria_o_cpu.sh.8551138.out
Kokkos,wisteria,cpu,cpp,kokkos,mdrange/cpu-tile-sweep,kokkos-default,tile-sweep,x1y4z64,32,128,128,128,2097152,1.127,39.61,5.859212e-06,1.36,53.05,1.72,B2/build_wisteria_o_cpu_x1y4z64/run_wisteria_o_cpu.sh.8551139.out
Kokkos,wisteria,cpu,cpp,kokkos,mdrange/cpu-tile-sweep,kokkos-default,tile-sweep,x1y8z16,32,128,128,128,2097152,1.658,26.94,5.859212e-06,1.84,79.54,0.70,B2/build_wisteria_o_cpu_x1y8z16/run_wisteria_o_cpu.sh.8551140.out
Kokkos,wisteria,cpu,cpp,kokkos,mdrange/cpu-tile-sweep,kokkos-default,tile-sweep,x1y8z32,32,128,128,128,2097152,1.294,34.50,5.859212e-06,1.52,61.76,1.03,B2/build_wisteria_o_cpu_x1y8z32/run_wisteria_o_cpu.sh.8551141.out
Kokkos,wisteria,cpu,cpp,kokkos,mdrange/cpu-tile-sweep,kokkos-default,tile-sweep,x1y8z64,32,128,128,128,2097152,1.093,40.86,5.859212e-06,1.26,52.38,0.74,B2/build_wisteria_o_cpu_x1y8z64/run_wisteria_o_cpu.sh.8551142.out
Kokkos,wisteria,cpu,cpp,kokkos,mdrange/cpu-tile-sweep,kokkos-default,tile-sweep,x2y2z16,32,128,128,128,2097152,1.535,29.10,5.859212e-06,1.79,73.63,0.69,B2/build_wisteria_o_cpu_x2y2z16/run_wisteria_o_cpu.sh.8551143.out
Kokkos,wisteria,cpu,cpp,kokkos,mdrange/cpu-tile-sweep,kokkos-default,tile-sweep,x2y2z32,32,128,128,128,2097152,1.194,37.39,5.859212e-06,1.36,57.20,0.77,B2/build_wisteria_o_cpu_x2y2z32/run_wisteria_o_cpu.sh.8551144.out
Kokkos,wisteria,cpu,cpp,kokkos,mdrange/cpu-tile-sweep,kokkos-default,tile-sweep,x2y2z64,32,128,128,128,2097152,1.064,41.98,5.859212e-06,1.22,51.03,0.69,B2/build_wisteria_o_cpu_x2y2z64/run_wisteria_o_cpu.sh.8551145.out
Kokkos,wisteria,cpu,cpp,kokkos,mdrange/cpu-tile-sweep,kokkos-default,tile-sweep,x2y4z16,32,128,128,128,2097152,1.525,29.28,5.859212e-06,1.71,73.08,0.78,B2/build_wisteria_o_cpu_x2y4z16/run_wisteria_o_cpu.sh.8551146.out
Kokkos,wisteria,cpu,cpp,kokkos,mdrange/cpu-tile-sweep,kokkos-default,tile-sweep,x2y4z32,32,128,128,128,2097152,1.177,37.95,5.859212e-06,1.36,57.13,0.71,B2/build_wisteria_o_cpu_x2y4z32/run_wisteria_o_cpu.sh.8551147.out
Kokkos,wisteria,cpu,cpp,kokkos,mdrange/cpu-tile-sweep,kokkos-default,tile-sweep,x2y4z64,32,128,128,128,2097152,1.085,41.17,5.859212e-06,1.24,51.38,1.34,B2/build_wisteria_o_cpu_x2y4z64/run_wisteria_o_cpu.sh.8551148.out
Kokkos,wisteria,cpu,cpp,kokkos,mdrange/cpu-tile-sweep,kokkos-default,tile-sweep,x2y8z16,32,128,128,128,2097152,1.498,29.81,5.859212e-06,1.66,71.57,1.00,B2/build_wisteria_o_cpu_x2y8z16/run_wisteria_o_cpu.sh.8551149.out
Kokkos,wisteria,cpu,cpp,kokkos,mdrange/cpu-tile-sweep,kokkos-default,tile-sweep,x2y8z32,32,128,128,128,2097152,1.172,38.10,5.859212e-06,1.37,56.24,0.68,B2/build_wisteria_o_cpu_x2y8z32/run_wisteria_o_cpu.sh.8551150.out
Kokkos,wisteria,cpu,cpp,kokkos,mdrange/cpu-tile-sweep,kokkos-default,tile-sweep,x2y8z64,32,128,128,128,2097152,1.035,43.16,5.859212e-06,1.20,49.68,0.64,B2/build_wisteria_o_cpu_x2y8z64/run_wisteria_o_cpu.sh.8551151.out
Kokkos,wisteria,cpu,cpp,kokkos,mdrange/cpu-tile-sweep,kokkos-default,tile-sweep,x4y8z64,32,128,128,128,2097152,0.983,45.45,5.859212e-06,1.16,47.00,0.83,B2/build_wisteria_o_cpu_x4y8z64/run_wisteria_o_cpu.sh.8551152.out
Kokkos,miyabi,gpu,cpp,kokkos,mdrange/uvm,kokkos-uvm,baseline,,32,128,128,128,2097152,0.133,334.82,4.427686e-06,0.62,0.24,0.56,B3/build_miyabi_g_gpu/run_miyabi_g_gpu.sh.o1445372
Kokkos,miyabi,gpu,cpp,kokkos,mdrange/uvm,kokkos-uvm,baseline,fast,32,128,128,128,2097152,0.132,338.07,4.427686e-06,0.62,0.33,0.46,B3/build_miyabi_g_gpu_fast/run_miyabi_g_gpu.sh.o1445373
Kokkos,wisteria,gpu,cpp,kokkos,mdrange/uvm,kokkos-uvm,baseline,,32,128,128,128,2097152,0.276,161.61,4.427686e-06,3.44,0.51,2.16,B3/build_wisteria_a_gpu/run_wisteria_a_gpu.sh.8531237.out
Kokkos,wisteria,gpu,cpp,kokkos,mdrange/uvm,kokkos-uvm,baseline,fast,32,128,128,128,2097152,0.287,155.83,4.427686e-06,2.69,0.57,2.17,B3/build_wisteria_a_gpu_fast/run_wisteria_a_gpu.sh.8531238.out
Kokkos,miyabi,gpu,cpp,kokkos,mdrange/uvm-tile-sweep,kokkos-uvm,tile-sweep,x1y2z16,32,128,128,128,2097152,0.079,563.09,4.427686e-06,0.50,0.13,0.50,B4/build_miyabi_g_gpu_x1y2z16/run_miyabi_g_gpu.sh.o1432087
Kokkos,miyabi,gpu,cpp,kokkos,mdrange/uvm-tile-sweep,kokkos-uvm,tile-sweep,x1y2z32,32,128,128,128,2097152,0.047,940.97,4.427686e-06,0.45,0.13,0.46,B4/build_miyabi_g_gpu_x1y2z32/run_miyabi_g_gpu.sh.o1432092
Kokkos,miyabi,gpu,cpp,kokkos,mdrange/uvm-tile-sweep,kokkos-uvm,tile-sweep,x1y2z64,32,128,128,128,2097152,0.032,1398.54,4.427686e-06,0.43,0.07,0.49,B4/build_miyabi_g_gpu_x1y2z64/run_miyabi_g_gpu.sh.o1432095
Kokkos,miyabi,gpu,cpp,kokkos,mdrange/uvm-tile-sweep,kokkos-uvm,tile-sweep,x1y4z16,32,128,128,128,2097152,0.048,936.83,4.427686e-06,0.51,0.10,0.57,B4/build_miyabi_g_gpu_x1y4z16/run_miyabi_g_gpu.sh.o1432097
Kokkos,miyabi,gpu,cpp,kokkos,mdrange/uvm-tile-sweep,kokkos-uvm,tile-sweep,x1y4z32,32,128,128,128,2097152,0.032,1386.38,4.427686e-06,0.51,0.07,0.59,B4/build_miyabi_g_gpu_x1y4z32/run_miyabi_g_gpu.sh.o1432102
Kokkos,miyabi,gpu,cpp,kokkos,mdrange/uvm-tile-sweep,kokkos-uvm,tile-sweep,x1y4z64,32,128,128,128,2097152,0.032,1401.39,4.427686e-06,0.51,0.05,0.62,B4/build_miyabi_g_gpu_x1y4z64/run_miyabi_g_gpu.sh.o1432108
Kokkos,miyabi,gpu,cpp,kokkos,mdrange/uvm-tile-sweep,kokkos-uvm,tile-sweep,x1y8z16,32,128,128,128,2097152,0.044,1005.24,4.427686e-06,0.55,0.23,0.48,B4/build_miyabi_g_gpu_x1y8z16/run_miyabi_g_gpu.sh.o1432113
Kokkos,miyabi,gpu,cpp,kokkos,mdrange/uvm-tile-sweep,kokkos-uvm,tile-sweep,x1y8z32,32,128,128,128,2097152,0.044,1009.26,4.427686e-06,0.53,0.08,0.61,B4/build_miyabi_g_gpu_x1y8z32/run_miyabi_g_gpu.sh.o1432115
Kokkos,miyabi,gpu,cpp,kokkos,mdrange/uvm-tile-sweep,kokkos-uvm,tile-sweep,x1y8z64,32,128,128,128,2097152,0.045,1002.13,4.427686e-06,0.53,0.07,0.63,B4/build_miyabi_g_gpu_x1y8z64/run_miyabi_g_gpu.sh.o1432119
Kokkos,miyabi,gpu,cpp,kokkos,mdrange/uvm-tile-sweep,kokkos-uvm,tile-sweep,x2y2z16,32,128,128,128,2097152,0.048,938.70,4.427686e-06,0.52,0.07,0.62,B4/build_miyabi_g_gpu_x2y2z16/run_miyabi_g_gpu.sh.o1432122
Kokkos,miyabi,gpu,cpp,kokkos,mdrange/uvm-tile-sweep,kokkos-uvm,tile-sweep,x2y2z32,32,128,128,128,2097152,0.032,1399.20,4.427686e-06,0.53,0.08,0.62,B4/build_miyabi_g_gpu_x2y2z32/run_miyabi_g_gpu.sh.o1432125
Kokkos,miyabi,gpu,cpp,kokkos,mdrange/uvm-tile-sweep,kokkos-uvm,tile-sweep,x2y2z64,32,128,128,128,2097152,0.032,1398.28,4.427686e-06,0.51,0.08,0.60,B4/build_miyabi_g_gpu_x2y2z64/run_miyabi_g_gpu.sh.o1432128
Kokkos,miyabi,gpu,cpp,kokkos,mdrange/uvm-tile-sweep,kokkos-uvm,tile-sweep,x2y4z16,32,128,128,128,2097152,0.044,1006.12,4.427686e-06,0.53,0.10,0.60,B4/build_miyabi_g_gpu_x2y4z16/run_miyabi_g_gpu.sh.o1432130
Kokkos,miyabi,gpu,cpp,kokkos,mdrange/uvm-tile-sweep,kokkos-uvm,tile-sweep,x2y4z32,32,128,128,128,2097152,0.044,1008.03,4.427686e-06,0.51,0.15,0.54,B4/build_miyabi_g_gpu_x2y4z32/run_miyabi_g_gpu.sh.o1432133
Kokkos,miyabi,gpu,cpp,kokkos,mdrange/uvm-tile-sweep,kokkos-uvm,tile-sweep,x2y4z64,32,128,128,128,2097152,0.045,999.95,4.427686e-06,0.51,0.25,0.44,B4/build_miyabi_g_gpu_x2y4z64/run_miyabi_g_gpu.sh.o1432137
Kokkos,miyabi,gpu,cpp,kokkos,mdrange/uvm-tile-sweep,kokkos-uvm,tile-sweep,x2y8z16,32,128,128,128,2097152,0.072,621.36,4.427686e-06,0.56,0.14,0.59,B4/build_miyabi_g_gpu_x2y8z16/run_miyabi_g_gpu.sh.o1432139
Kokkos,miyabi,gpu,cpp,kokkos,mdrange/uvm-tile-sweep,kokkos-uvm,tile-sweep,x2y8z32,32,128,128,128,2097152,0.073,613.53,4.427686e-06,0.48,0.09,0.52,B4/build_miyabi_g_gpu_x2y8z32/run_miyabi_g_gpu.sh.o1432142
Kokkos,miyabi,gpu,cpp,kokkos,mdrange/uvm-tile-sweep,kokkos-uvm,tile-sweep,x2y8z64,32,128,128,128,2097152,0.075,595.20,4.427686e-06,0.48,0.13,0.48,B4/build_miyabi_g_gpu_x2y8z64/run_miyabi_g_gpu.sh.o1432144
Kokkos,miyabi,gpu,cpp,kokkos,mdrange/uvm-tile-sweep,kokkos-uvm,tile-sweep,x4y8z64,32,128,128,128,2097152,,,,0.40,0.02,0.47,B4/build_miyabi_g_gpu_x4y8z64/run_miyabi_g_gpu.sh.o1432147
Kokkos,wisteria,gpu,cpp,kokkos,mdrange/uvm-tile-sweep,kokkos-uvm,tile-sweep,x1y2z16,32,128,128,128,2097152,0.122,366.32,4.427686e-06,3.09,0.30,2.20,B4/build_wisteria_a_gpu_x1y2z16/run_wisteria_a_gpu.sh.8496481.out
Kokkos,wisteria,gpu,cpp,kokkos,mdrange/uvm-tile-sweep,kokkos-uvm,tile-sweep,x1y2z32,32,128,128,128,2097152,0.070,636.41,4.427686e-06,3.04,0.87,2.27,B4/build_wisteria_a_gpu_x1y2z32/run_wisteria_a_gpu.sh.8496503.out
Kokkos,wisteria,gpu,cpp,kokkos,mdrange/uvm-tile-sweep,kokkos-uvm,tile-sweep,x1y2z64,32,128,128,128,2097152,0.051,869.01,4.427686e-06,2.40,0.22,2.15,B4/build_wisteria_a_gpu_x1y2z64/run_wisteria_a_gpu.sh.8496505.out
Kokkos,wisteria,gpu,cpp,kokkos,mdrange/uvm-tile-sweep,kokkos-uvm,tile-sweep,x1y4z16,32,128,128,128,2097152,0.070,636.18,4.427686e-06,2.79,0.29,2.15,B4/build_wisteria_a_gpu_x1y4z16/run_wisteria_a_gpu.sh.8496506.out
Kokkos,wisteria,gpu,cpp,kokkos,mdrange/uvm-tile-sweep,kokkos-uvm,tile-sweep,x1y4z32,32,128,128,128,2097152,0.057,781.33,4.427686e-06,2.40,0.11,2.26,B4/build_wisteria_a_gpu_x1y4z32/run_wisteria_a_gpu.sh.8496509.out
Kokkos,wisteria,gpu,cpp,kokkos,mdrange/uvm-tile-sweep,kokkos-uvm,tile-sweep,x1y4z64,32,128,128,128,2097152,0.056,792.62,4.427686e-06,2.50,0.21,2.17,B4/build_wisteria_a_gpu_x1y4z64/run_wisteria_a_gpu.sh.8496511.out
Kokkos,wisteria,gpu,cpp,kokkos,mdrange/uvm-tile-sweep,kokkos-uvm,tile-sweep,x1y8z16,32,128,128,128,2097152,0.087,515.91,4.427686e-06,2.71,0.25,2.19,B4/build_wisteria_a_gpu_x1y8z16/run_wisteria_a_gpu.sh.8496514.out
Kokkos,wisteria,gpu,cpp,kokkos,mdrange/uvm-tile-sweep,kokkos-uvm,tile-sweep,x1y8z32,32,128,128,128,2097152,0.086,518.50,4.427686e-06,2.44,0.15,2.25,B4/build_wisteria_a_gpu_x1y8z32/run_wisteria_a_gpu.sh.8496517.out
Kokkos,wisteria,gpu,cpp,kokkos,mdrange/uvm-tile-sweep,kokkos-uvm,tile-sweep,x1y8z64,32,128,128,128,2097152,0.086,518.10,4.427686e-06,2.43,0.24,2.16,B4/build_wisteria_a_gpu_x1y8z64/run_wisteria_a_gpu.sh.8496518.out
Kokkos,wisteria,gpu,cpp,kokkos,mdrange/uvm-tile-sweep,kokkos-uvm,tile-sweep,x2y2z16,32,128,128,128,2097152,0.070,636.09,4.427686e-06,2.57,0.23,2.15,B4/build_wisteria_a_gpu_x2y2z16/run_wisteria_a_gpu.sh.8496519.out
Kokkos,wisteria,gpu,cpp,kokkos,mdrange/uvm-tile-sweep,kokkos-uvm,tile-sweep,x2y2z32,32,128,128,128,2097152,0.057,790.08,4.427686e-06,2.39,0.24,2.13,B4/build_wisteria_a_gpu_x2y2z32/run_wisteria_a_gpu.sh.8496521.out
Kokkos,wisteria,gpu,cpp,kokkos,mdrange/uvm-tile-sweep,kokkos-uvm,tile-sweep,x2y2z64,32,128,128,128,2097152,0.056,795.28,4.427686e-06,2.41,0.21,2.17,B4/build_wisteria_a_gpu_x2y2z64/run_wisteria_a_gpu.sh.8496523.out
Kokkos,wisteria,gpu,cpp,kokkos,mdrange/uvm-tile-sweep,kokkos-uvm,tile-sweep,x2y4z16,32,128,128,128,2097152,0.087,515.89,4.427686e-06,2.77,0.69,2.28,B4/build_wisteria_a_gpu_x2y4z16/run_wisteria_a_gpu.sh.8496524.out
Kokkos,wisteria,gpu,cpp,kokkos,mdrange/uvm-tile-sweep,kokkos-uvm,tile-sweep,x2y4z32,32,128,128,128,2097152,0.086,518.54,4.427686e-06,2.43,0.26,2.15,B4/build_wisteria_a_gpu_x2y4z32/run_wisteria_a_gpu.sh.8496526.out
Kokkos,wisteria,gpu,cpp,kokkos,mdrange/uvm-tile-sweep,kokkos-uvm,tile-sweep,x2y4z64,32,128,128,128,2097152,0.086,519.62,4.427686e-06,2.50,0.31,2.15,B4/build_wisteria_a_gpu_x2y4z64/run_wisteria_a_gpu.sh.8496528.out
Kokkos,wisteria,gpu,cpp,kokkos,mdrange/uvm-tile-sweep,kokkos-uvm,tile-sweep,x2y8z16,32,128,128,128,2097152,0.149,300.40,4.427686e-06,2.55,0.32,2.15,B4/build_wisteria_a_gpu_x2y8z16/run_wisteria_a_gpu.sh.8496529.out
Kokkos,wisteria,gpu,cpp,kokkos,mdrange/uvm-tile-sweep,kokkos-uvm,tile-sweep,x2y8z32,32,128,128,128,2097152,0.147,303.69,4.427686e-06,2.82,1.49,2.31,B4/build_wisteria_a_gpu_x2y8z32/run_wisteria_a_gpu.sh.8496530.out
Kokkos,wisteria,gpu,cpp,kokkos,mdrange/uvm-tile-sweep,kokkos-uvm,tile-sweep,x2y8z64,32,128,128,128,2097152,0.146,304.95,4.427686e-06,2.46,0.29,2.17,B4/build_wisteria_a_gpu_x2y8z64/run_wisteria_a_gpu.sh.8496531.out
Kokkos,wisteria,gpu,cpp,kokkos,mdrange/uvm-tile-sweep,kokkos-uvm,tile-sweep,x4y8z64,32,128,128,128,2097152,,,,2.34,0.13,2.14,B4/build_wisteria_a_gpu_x4y8z64/run_wisteria_a_gpu.sh.8496532.out
Kokkos,miyabi,cpu,cpp,kokkos,team/baseline,kokkos-default,baseline,,32,128,128,128,2097152,68.698,0.65,4.555220e-06,68.78,2626.40,2320.11,C1/build_miyabi_g_cpu/run_miyabi_g_cpu.sh.o1428471
Kokkos,miyabi,gpu,cpp,kokkos,team/baseline,kokkos-default,baseline,,32,128,128,128,2097152,8.059,5.54,4.427686e-06,8.47,7.98,0.62,C1/build_miyabi_g_gpu/run_miyabi_g_gpu.sh.o1428462
Kokkos,wisteria,gpu,cpp,kokkos,team/baseline,kokkos-default,baseline,,32,128,128,128,2097152,11.136,4.01,4.427686e-06,13.79,11.38,2.13,C1/build_wisteria_a_gpu/run_wisteria_a_gpu.sh.8491815.out
Kokkos,wisteria,cpu,cpp,kokkos,team/baseline,kokkos-default,baseline,,32,128,128,128,2097152,196.468,0.23,5.859212e-06,196.86,7768.06,1673.32,C1/build_wisteria_o_cpu/run_wisteria_o_cpu.sh.8551048.out
Kokkos,miyabi,cpu,cpp,kokkos,team/cpu-chunk-sweep,kokkos-default,chunk-sweep,chunk1,32,128,128,128,2097152,0.278,160.65,4.555926e-06,0.47,31.28,0.94,C2/build_miyabi_c_cpu_chunk1/run_miyabi_c_cpu.sh.o1427561
Kokkos,miyabi,cpu,cpp,kokkos,team/cpu-chunk-sweep,kokkos-default,chunk-sweep,chunk128,32,128,128,128,2097152,6.171,7.24,4.555926e-06,6.36,666.31,23.15,C2/build_miyabi_c_cpu_chunk128/run_miyabi_c_cpu.sh.o1427599
Kokkos,miyabi,cpu,cpp,kokkos,team/cpu-chunk-sweep,kokkos-default,chunk-sweep,chunk16,32,128,128,128,2097152,1.219,36.64,4.555926e-06,1.41,132.24,4.81,C2/build_miyabi_c_cpu_chunk16/run_miyabi_c_cpu.sh.o1427596
Kokkos,miyabi,cpu,cpp,kokkos,team/cpu-chunk-sweep,kokkos-default,chunk-sweep,chunk2,32,128,128,128,2097152,0.197,226.62,4.555926e-06,0.38,22.38,1.01,C2/build_miyabi_c_cpu_chunk2/run_miyabi_c_cpu.sh.o1427593
Kokkos,miyabi,cpu,cpp,kokkos,team/cpu-chunk-sweep,kokkos-default,chunk-sweep,chunk256,32,128,128,128,2097152,6.311,7.08,4.555926e-06,6.50,681.05,24.08,C2/build_miyabi_c_cpu_chunk256/run_miyabi_c_cpu.sh.o1427600
Kokkos,miyabi,cpu,cpp,kokkos,team/cpu-chunk-sweep,kokkos-default,chunk-sweep,chunk32,32,128,128,128,2097152,1.786,25.01,4.555926e-06,1.97,193.12,7.36,C2/build_miyabi_c_cpu_chunk32/run_miyabi_c_cpu.sh.o1427597
Kokkos,miyabi,cpu,cpp,kokkos,team/cpu-chunk-sweep,kokkos-default,chunk-sweep,chunk4,32,128,128,128,2097152,0.254,175.61,4.555926e-06,0.46,28.18,1.73,C2/build_miyabi_c_cpu_chunk4/run_miyabi_c_cpu.sh.o1427594
Kokkos,miyabi,cpu,cpp,kokkos,team/cpu-chunk-sweep,kokkos-default,chunk-sweep,chunk512,32,128,128,128,2097152,6.358,7.02,4.555926e-06,6.55,686.37,24.32,C2/build_miyabi_c_cpu_chunk512/run_miyabi_c_cpu.sh.o1427601
Kokkos,miyabi,cpu,cpp,kokkos,team/cpu-chunk-sweep,kokkos-default,chunk-sweep,chunk64,32,128,128,128,2097152,3.216,13.89,4.555926e-06,3.41,347.23,12.53,C2/build_miyabi_c_cpu_chunk64/run_miyabi_c_cpu.sh.o1427598
Kokkos,miyabi,cpu,cpp,kokkos,team/cpu-chunk-sweep,kokkos-default,chunk-sweep,chunk8,32,128,128,128,2097152,0.457,97.71,4.555926e-06,0.64,50.36,2.04,C2/build_miyabi_c_cpu_chunk8/run_miyabi_c_cpu.sh.o1427595
Kokkos,miyabi,cpu,cpp,kokkos,team/cpu-chunk-sweep,kokkos-default,chunk-sweep,chunk1,32,128,128,128,2097152,0.251,177.86,4.555220e-06,0.30,14.31,3.98,C2/build_miyabi_g_cpu_chunk1/run_miyabi_g_cpu.sh.o1427436
Kokkos,miyabi,cpu,cpp,kokkos,team/cpu-chunk-sweep,kokkos-default,chunk-sweep,chunk128,32,128,128,128,2097152,14.685,3.04,4.555220e-06,14.78,540.19,520.36,C2/build_miyabi_g_cpu_chunk128/run_miyabi_g_cpu.sh.o1427449
Kokkos,miyabi,cpu,cpp,kokkos,team/cpu-chunk-sweep,kokkos-default,chunk-sweep,chunk16,32,128,128,128,2097152,1.730,25.81,4.555220e-06,1.79,69.40,55.70,C2/build_miyabi_g_cpu_chunk16/run_miyabi_g_cpu.sh.o1427443
Kokkos,miyabi,cpu,cpp,kokkos,team/cpu-chunk-sweep,kokkos-default,chunk-sweep,chunk2,32,128,128,128,2097152,0.230,194.26,4.555220e-06,0.28,15.17,1.59,C2/build_miyabi_g_cpu_chunk2/run_miyabi_g_cpu.sh.o1427438
Kokkos,miyabi,cpu,cpp,kokkos,team/cpu-chunk-sweep,kokkos-default,chunk-sweep,chunk256,32,128,128,128,2097152,13.760,3.25,4.555220e-06,13.86,507.23,486.62,C2/build_miyabi_g_cpu_chunk256/run_miyabi_g_cpu.sh.o1427450
Kokkos,miyabi,cpu,cpp,kokkos,team/cpu-chunk-sweep,kokkos-default,chunk-sweep,chunk32,32,128,128,128,2097152,3.466,12.88,4.555220e-06,3.53,133.23,117.26,C2/build_miyabi_g_cpu_chunk32/run_miyabi_g_cpu.sh.o1427444
Kokkos,miyabi,cpu,cpp,kokkos,team/cpu-chunk-sweep,kokkos-default,chunk-sweep,chunk4,32,128,128,128,2097152,0.448,99.72,4.555220e-06,0.50,22.86,9.63,C2/build_miyabi_g_cpu_chunk4/run_miyabi_g_cpu.sh.o1427441
Kokkos,miyabi,cpu,cpp,kokkos,team/cpu-chunk-sweep,kokkos-default,chunk-sweep,chunk512,32,128,128,128,2097152,14.063,3.18,4.555220e-06,14.16,519.87,495.62,C2/build_miyabi_g_cpu_chunk512/run_miyabi_g_cpu.sh.o1427451
Kokkos,miyabi,cpu,cpp,kokkos,team/cpu-chunk-sweep,kokkos-default,chunk-sweep,chunk64,32,128,128,128,2097152,6.996,6.38,4.555220e-06,7.07,264.47,240.96,C2/build_miyabi_g_cpu_chunk64/run_miyabi_g_cpu.sh.o1427447
Kokkos,miyabi,cpu,cpp,kokkos,team/cpu-chunk-sweep,kokkos-default,chunk-sweep,chunk8,32,128,128,128,2097152,0.908,49.20,4.555220e-06,0.96,40.06,25.64,C2/build_miyabi_g_cpu_chunk8/run_miyabi_g_cpu.sh.o1427442
Kokkos,miyabi,gpu,cpp,kokkos,team/cpu-chunk-sweep,kokkos-default,chunk-sweep,chunk1,32,128,128,128,2097152,1.881,23.75,4.427686e-06,2.28,1.83,0.59,C2/build_miyabi_g_gpu_chunk1/run_miyabi_g_gpu.sh.o1427418
Kokkos,miyabi,gpu,cpp,kokkos,team/cpu-chunk-sweep,kokkos-default,chunk-sweep,chunk128,32,128,128,128,2097152,24.520,1.82,4.427686e-06,24.93,24.65,0.41,C2/build_miyabi_g_gpu_chunk128/run_miyabi_g_gpu.sh.o1427403
Kokkos,miyabi,gpu,cpp,kokkos,team/cpu-chunk-sweep,kokkos-default,chunk-sweep,chunk16,32,128,128,128,2097152,4.437,10.06,4.427686e-06,4.84,4.40,0.58,C2/build_miyabi_g_gpu_chunk16/run_miyabi_g_gpu.sh.o1427396
Kokkos,miyabi,gpu,cpp,kokkos,team/cpu-chunk-sweep,kokkos-default,chunk-sweep,chunk2,32,128,128,128,2097152,1.947,22.93,4.427686e-06,2.34,2.13,0.35,C2/build_miyabi_g_gpu_chunk2/run_miyabi_g_gpu.sh.o1427420
Kokkos,miyabi,gpu,cpp,kokkos,team/cpu-chunk-sweep,kokkos-default,chunk-sweep,chunk256,32,128,128,128,2097152,24.517,1.82,4.427686e-06,24.92,24.75,0.32,C2/build_miyabi_g_gpu_chunk256/run_miyabi_g_gpu.sh.o1427404
Kokkos,miyabi,gpu,cpp,kokkos,team/cpu-chunk-sweep,kokkos-default,chunk-sweep,chunk32,32,128,128,128,2097152,8.188,5.45,4.427686e-06,8.59,8.33,0.39,C2/build_miyabi_g_gpu_chunk32/run_miyabi_g_gpu.sh.o1427399
Kokkos,miyabi,gpu,cpp,kokkos,team/cpu-chunk-sweep,kokkos-default,chunk-sweep,chunk4,32,128,128,128,2097152,2.245,19.89,4.427686e-06,2.66,2.44,0.34,C2/build_miyabi_g_gpu_chunk4/run_miyabi_g_gpu.sh.o1427392
Kokkos,miyabi,gpu,cpp,kokkos,team/cpu-chunk-sweep,kokkos-default,chunk-sweep,chunk512,32,128,128,128,2097152,24.520,1.82,4.427686e-06,24.92,24.72,0.34,C2/build_miyabi_g_gpu_chunk512/run_miyabi_g_gpu.sh.o1427406
Kokkos,miyabi,gpu,cpp,kokkos,team/cpu-chunk-sweep,kokkos-default,chunk-sweep,chunk64,32,128,128,128,2097152,12.781,3.49,4.427686e-06,13.18,12.96,0.34,C2/build_miyabi_g_gpu_chunk64/run_miyabi_g_gpu.sh.o1427402
Kokkos,miyabi,gpu,cpp,kokkos,team/cpu-chunk-sweep,kokkos-default,chunk-sweep,chunk8,32,128,128,128,2097152,3.026,14.76,4.427686e-06,3.44,2.93,0.64,C2/build_miyabi_g_gpu_chunk8/run_miyabi_g_gpu.sh.o1427394
Kokkos,wisteria,gpu,cpp,kokkos,team/cpu-chunk-sweep,kokkos-default,chunk-sweep,chunk1,32,128,128,128,2097152,2.689,16.61,4.427686e-06,5.18,2.86,2.13,C2/build_wisteria_a_gpu_chunk1/run_wisteria_a_gpu.sh.8489922.out
Kokkos,wisteria,gpu,cpp,kokkos,team/cpu-chunk-sweep,kokkos-default,chunk-sweep,chunk128,32,128,128,128,2097152,30.366,1.47,4.427686e-06,32.78,30.51,2.13,C2/build_wisteria_a_gpu_chunk128/run_wisteria_a_gpu.sh.8489938.out
Kokkos,wisteria,gpu,cpp,kokkos,team/cpu-chunk-sweep,kokkos-default,chunk-sweep,chunk16,32,128,128,128,2097152,6.184,7.22,4.427686e-06,8.59,6.32,2.16,C2/build_wisteria_a_gpu_chunk16/run_wisteria_a_gpu.sh.8489932.out
Kokkos,wisteria,gpu,cpp,kokkos,team/cpu-chunk-sweep,kokkos-default,chunk-sweep,chunk2,32,128,128,128,2097152,2.829,15.79,4.427686e-06,5.77,3.00,2.20,C2/build_wisteria_a_gpu_chunk2/run_wisteria_a_gpu.sh.8489925.out
Kokkos,wisteria,gpu,cpp,kokkos,team/cpu-chunk-sweep,kokkos-default,chunk-sweep,chunk256,32,128,128,128,2097152,30.331,1.47,4.427686e-06,32.74,30.43,2.16,C2/build_wisteria_a_gpu_chunk256/run_wisteria_a_gpu.sh.8489939.out
Kokkos,wisteria,gpu,cpp,kokkos,team/cpu-chunk-sweep,kokkos-default,chunk-sweep,chunk32,32,128,128,128,2097152,11.155,4.00,4.427686e-06,13.59,11.31,2.14,C2/build_wisteria_a_gpu_chunk32/run_wisteria_a_gpu.sh.8489934.out
Kokkos,wisteria,gpu,cpp,kokkos,team/cpu-chunk-sweep,kokkos-default,chunk-sweep,chunk4,32,128,128,128,2097152,3.084,14.48,4.427686e-06,5.52,3.26,2.12,C2/build_wisteria_a_gpu_chunk4/run_wisteria_a_gpu.sh.8489926.out
Kokkos,wisteria,gpu,cpp,kokkos,team/cpu-chunk-sweep,kokkos-default,chunk-sweep,chunk512,32,128,128,128,2097152,30.328,1.47,4.427686e-06,32.84,30.46,2.15,C2/build_wisteria_a_gpu_chunk512/run_wisteria_a_gpu.sh.8489941.out
Kokkos,wisteria,gpu,cpp,kokkos,team/cpu-chunk-sweep,kokkos-default,chunk-sweep,chunk64,32,128,128,128,2097152,16.244,2.75,4.427686e-06,18.78,16.35,2.17,C2/build_wisteria_a_gpu_chunk64/run_wisteria_a_gpu.sh.8489935.out
Kokkos,wisteria,gpu,cpp,kokkos,team/cpu-chunk-sweep,kokkos-default,chunk-sweep,chunk8,32,128,128,128,2097152,4.052,11.02,4.427686e-06,6.38,4.16,2.20,C2/build_wisteria_a_gpu_chunk8/run_wisteria_a_gpu.sh.8489929.out
Kokkos,wisteria,cpu,cpp,kokkos,team/cpu-chunk-sweep,kokkos-default,chunk-sweep,chunk1,32,128,128,128,2097152,0.705,63.34,8.259826e-06,0.86,32.81,1.28,C2/build_wisteria_o_cpu_chunk1/run_wisteria_o_cpu.sh.8490045.out
Kokkos,wisteria,cpu,cpp,kokkos,team/cpu-chunk-sweep,kokkos-default,chunk-sweep,chunk128,32,128,128,128,2097152,29.314,1.52,8.259826e-06,29.56,1145.91,264.84,C2/build_wisteria_o_cpu_chunk128/run_wisteria_o_cpu.sh.8490054.out
Kokkos,wisteria,cpu,cpp,kokkos,team/cpu-chunk-sweep,kokkos-default,chunk-sweep,chunk16,32,128,128,128,2097152,3.690,12.10,8.259826e-06,3.85,149.53,28.11,C2/build_wisteria_o_cpu_chunk16/run_wisteria_o_cpu.sh.8490051.out
Kokkos,wisteria,cpu,cpp,kokkos,team/cpu-chunk-sweep,kokkos-default,chunk-sweep,chunk2,32,128,128,128,2097152,0.955,46.77,8.259826e-06,1.18,42.41,3.70,C2/build_wisteria_o_cpu_chunk2/run_wisteria_o_cpu.sh.8490048.out
Kokkos,wisteria,cpu,cpp,kokkos,team/cpu-chunk-sweep,kokkos-default,chunk-sweep,chunk256,32,128,128,128,2097152,29.315,1.52,8.259826e-06,29.53,1142.13,267.69,C2/build_wisteria_o_cpu_chunk256/run_wisteria_o_cpu.sh.8490055.out
Kokkos,wisteria,cpu,cpp,kokkos,team/cpu-chunk-sweep,kokkos-default,chunk-sweep,chunk32,32,128,128,128,2097152,7.343,6.08,8.259826e-06,7.51,290.32,62.95,C2/build_wisteria_o_cpu_chunk32/run_wisteria_o_cpu.sh.8490052.out
Kokkos,wisteria,cpu,cpp,kokkos,team/cpu-chunk-sweep,kokkos-default,chunk-sweep,chunk4,32,128,128,128,2097152,0.956,46.70,8.259826e-06,1.11,42.40,3.76,C2/build_wisteria_o_cpu_chunk4/run_wisteria_o_cpu.sh.8490049.out
Kokkos,wisteria,cpu,cpp,kokkos,team/cpu-chunk-sweep,kokkos-default,chunk-sweep,chunk512,32,128,128,128,2097152,29.313,1.52,8.259826e-06,29.52,1141.86,267.89,C2/build_wisteria_o_cpu_chunk512/run_wisteria_o_cpu.sh.8490056.out
Kokkos,wisteria,cpu,cpp,kokkos,team/cpu-chunk-sweep,kokkos-default,chunk-sweep,chunk64,32,128,128,128,2097152,14.666,3.04,8.259826e-06,14.84,575.53,129.91,C2/build_wisteria_o_cpu_chunk64/run_wisteria_o_cpu.sh.8490053.out
Kokkos,wisteria,cpu,cpp,kokkos,team/cpu-chunk-sweep,kokkos-default,chunk-sweep,chunk8,32,128,128,128,2097152,1.862,23.99,8.259826e-06,2.03,78.10,11.60,C2/build_wisteria_o_cpu_chunk8/run_wisteria_o_cpu.sh.8490050.out
Kokkos,miyabi,gpu,cpp,kokkos,team/uvm,kokkos-uvm,baseline,,32,128,128,128,2097152,8.049,5.55,4.427686e-06,8.48,8.26,0.32,C3/build_miyabi_g_gpu/run_miyabi_g_gpu.sh.o1432414
Kokkos,wisteria,gpu,cpp,kokkos,team/uvm,kokkos-uvm,baseline,,32,128,128,128,2097152,11.139,4.01,4.427686e-06,14.24,11.94,2.24,C3/build_wisteria_a_gpu/run_wisteria_a_gpu.sh.8496297.out
Kokkos,miyabi,gpu,cpp,kokkos,team/uvm-chunk-sweep,kokkos-uvm,chunk-sweep,chunk1,32,128,128,128,2097152,1.865,23.95,4.427686e-06,2.29,2.05,0.38,C4/build_miyabi_g_gpu_chunk1/run_miyabi_g_gpu.sh.o1432478
Kokkos,miyabi,gpu,cpp,kokkos,team/uvm-chunk-sweep,kokkos-uvm,chunk-sweep,chunk128,32,128,128,128,2097152,24.557,1.82,4.427686e-06,24.96,24.76,0.31,C4/build_miyabi_g_gpu_chunk128/run_miyabi_g_gpu.sh.o1432498
Kokkos,miyabi,gpu,cpp,kokkos,team/uvm-chunk-sweep,kokkos-uvm,chunk-sweep,chunk16,32,128,128,128,2097152,4.590,9.73,4.427686e-06,4.99,4.78,0.35,C4/build_miyabi_g_gpu_chunk16/run_miyabi_g_gpu.sh.o1432493
Kokkos,miyabi,gpu,cpp,kokkos,team/uvm-chunk-sweep,kokkos-uvm,chunk-sweep,chunk2,32,128,128,128,2097152,1.905,23.44,4.427686e-06,2.39,2.05,0.52,C4/build_miyabi_g_gpu_chunk2/run_miyabi_g_gpu.sh.o1432483
Kokkos,miyabi,gpu,cpp,kokkos,team/uvm-chunk-sweep,kokkos-uvm,chunk-sweep,chunk256,32,128,128,128,2097152,24.564,1.82,4.427686e-06,24.99,24.78,0.35,C4/build_miyabi_g_gpu_chunk256/run_miyabi_g_gpu.sh.o1432499
Kokkos,miyabi,gpu,cpp,kokkos,team/uvm-chunk-sweep,kokkos-uvm,chunk-sweep,chunk32,32,128,128,128,2097152,8.050,5.55,4.427686e-06,8.44,8.26,0.31,C4/build_miyabi_g_gpu_chunk32/run_miyabi_g_gpu.sh.o1432494
Kokkos,miyabi,gpu,cpp,kokkos,team/uvm-chunk-sweep,kokkos-uvm,chunk-sweep,chunk4,32,128,128,128,2097152,2.309,19.34,4.427686e-06,2.71,2.53,0.36,C4/build_miyabi_g_gpu_chunk4/run_miyabi_g_gpu.sh.o1432489
Kokkos,miyabi,gpu,cpp,kokkos,team/uvm-chunk-sweep,kokkos-uvm,chunk-sweep,chunk512,32,128,128,128,2097152,24.559,1.82,4.427686e-06,24.98,24.75,0.36,C4/build_miyabi_g_gpu_chunk512/run_miyabi_g_gpu.sh.o1432500
Kokkos,miyabi,gpu,cpp,kokkos,team/uvm-chunk-sweep,kokkos-uvm,chunk-sweep,chunk64,32,128,128,128,2097152,12.779,3.49,4.427686e-06,13.19,12.34,1.00,C4/build_miyabi_g_gpu_chunk64/run_miyabi_g_gpu.sh.o1432496
Kokkos,miyabi,gpu,cpp,kokkos,team/uvm-chunk-sweep,kokkos-uvm,chunk-sweep,chunk8,32,128,128,128,2097152,3.061,14.59,4.427686e-06,3.45,3.02,0.56,C4/build_miyabi_g_gpu_chunk8/run_miyabi_g_gpu.sh.o1432491
Kokkos,wisteria,gpu,cpp,kokkos,team/uvm-chunk-sweep,kokkos-uvm,chunk-sweep,chunk1,32,128,128,128,2097152,2.731,16.35,4.427686e-06,6.30,2.91,2.19,C4/build_wisteria_a_gpu_chunk1/run_wisteria_a_gpu.sh.8496310.out
Kokkos,wisteria,gpu,cpp,kokkos,team/uvm-chunk-sweep,kokkos-uvm,chunk-sweep,chunk128,32,128,128,128,2097152,29.385,1.52,4.427686e-06,31.72,29.53,2.13,C4/build_wisteria_a_gpu_chunk128/run_wisteria_a_gpu.sh.8496337.out
Kokkos,wisteria,gpu,cpp,kokkos,team/uvm-chunk-sweep,kokkos-uvm,chunk-sweep,chunk16,32,128,128,128,2097152,6.200,7.20,4.427686e-06,8.83,6.38,2.12,C4/build_wisteria_a_gpu_chunk16/run_wisteria_a_gpu.sh.8496329.out
Kokkos,wisteria,gpu,cpp,kokkos,team/uvm-chunk-sweep,kokkos-uvm,chunk-sweep,chunk2,32,128,128,128,2097152,2.806,15.91,4.427686e-06,5.77,3.02,2.16,C4/build_wisteria_a_gpu_chunk2/run_wisteria_a_gpu.sh.8496324.out
Kokkos,wisteria,gpu,cpp,kokkos,team/uvm-chunk-sweep,kokkos-uvm,chunk-sweep,chunk256,32,128,128,128,2097152,29.399,1.52,4.427686e-06,32.11,29.55,2.12,C4/build_wisteria_a_gpu_chunk256/run_wisteria_a_gpu.sh.8496338.out
Kokkos,wisteria,gpu,cpp,kokkos,team/uvm-chunk-sweep,kokkos-uvm,chunk-sweep,chunk32,32,128,128,128,2097152,11.145,4.01,4.427686e-06,13.58,11.32,2.13,C4/build_wisteria_a_gpu_chunk32/run_wisteria_a_gpu.sh.8496332.out
Kokkos,wisteria,gpu,cpp,kokkos,team/uvm-chunk-sweep,kokkos-uvm,chunk-sweep,chunk4,32,128,128,128,2097152,3.116,14.33,4.427686e-06,5.48,3.29,2.14,C4/build_wisteria_a_gpu_chunk4/run_wisteria_a_gpu.sh.8496325.out
Kokkos,wisteria,gpu,cpp,kokkos,team/uvm-chunk-sweep,kokkos-uvm,chunk-sweep,chunk512,32,128,128,128,2097152,29.410,1.52,4.427686e-06,31.76,29.55,2.14,C4/build_wisteria_a_gpu_chunk512/run_wisteria_a_gpu.sh.8496339.out
Kokkos,wisteria,gpu,cpp,kokkos,team/uvm-chunk-sweep,kokkos-uvm,chunk-sweep,chunk64,32,128,128,128,2097152,16.275,2.74,4.427686e-06,18.90,16.44,2.16,C4/build_wisteria_a_gpu_chunk64/run_wisteria_a_gpu.sh.8496334.out
Kokkos,wisteria,gpu,cpp,kokkos,team/uvm-chunk-sweep,kokkos-uvm,chunk-sweep,chunk8,32,128,128,128,2097152,4.041,11.05,4.427686e-06,6.39,4.21,2.13,C4/build_wisteria_a_gpu_chunk8/run_wisteria_a_gpu.sh.8496328.out
non-Kokkos,miyabi,cpu,cpp,openmp-cpu,,cpu-only,baseline,,32,128,128,128,2097152,22.763,1.96,4.555220e-06,22.86,22.84,0.00,org_cpp/build_miyabi_g_cpu/run_miyabi_g_cpu.sh.o1460674
Kokkos,wisteria,gpu,cpp,kokkos,mdrange/baseline,kokkos-default,baseline,,32,32,32,32,32768,4.696620e-01,2.972062e+01,4.467876e-06,2.393607e+00,8.805780e-01,1.704727e+00,../results/wisteria/kokkos-mdrange-baseline.log
Kokkos,wisteria,gpu,cpp,kokkos,mdrange/baseline,kokkos-default,baseline,,32,64,64,64,262144,2.470520e-01,1.130017e+02,1.146017e-05,1.990068e+00,6.479600e-01,1.532809e+00,../results/wisteria/kokkos-mdrange-baseline.log
Kokkos,wisteria,gpu,cpp,kokkos,mdrange/baseline,kokkos-default,baseline,,32,128,128,128,2097152,3.124710e-01,1.786872e+02,4.642701e-06,2.010079e+00,7.117840e-01,1.543885e+00,../results/wisteria/kokkos-mdrange-baseline.log
Kokkos,wisteria,gpu,cpp,kokkos,mdrange/baseline,kokkos-default,baseline,,32,256,256,256,16777216,6.133030e-01,1.820783e+02,9.780909e-07,2.361799e+00,1.236228e+00,1.579658e+00,../results/wisteria/kokkos-mdrange-baseline.log
Kokkos,wisteria,gpu,cpp,kokkos,mdrange/baseline,kokkos-default,baseline,,32,512,512,512,134217728,2.516293e+00,8.875687e+01,2.556756e-07,4.227942e+00,2.910005e+00,1.551658e+00,../results/wisteria/kokkos-mdrange-baseline.log
Kokkos,wisteria,gpu,cpp,kokkos,mdrange/uvm,kokkos-uvm,baseline,,32,32,32,32,32768,4.566270e-01,3.056903e+01,4.467876e-06,2.306425e+00,8.533450e-01,1.631049e+00,../results/wisteria/kokkos-mdrange-uvm.log
Kokkos,wisteria,gpu,cpp,kokkos,mdrange/uvm,kokkos-uvm,baseline,,32,64,64,64,262144,2.583120e-01,1.080758e+02,1.146017e-05,1.954973e+00,6.257960e-01,1.556791e+00,../results/wisteria/kokkos-mdrange-uvm.log
Kokkos,wisteria,gpu,cpp,kokkos,mdrange/uvm,kokkos-uvm,baseline,,32,128,128,128,2097152,3.112350e-01,1.793968e+02,4.642701e-06,2.078937e+00,6.933270e-01,1.554039e+00,../results/wisteria/kokkos-mdrange-uvm.log
Kokkos,wisteria,gpu,cpp,kokkos,mdrange/uvm,kokkos-uvm,baseline,,32,256,256,256,16777216,6.175500e-01,1.808261e+02,9.780909e-07,2.321858e+00,1.025365e+00,1.515989e+00,../results/wisteria/kokkos-mdrange-uvm.log
Kokkos,wisteria,gpu,cpp,kokkos,mdrange/uvm,kokkos-uvm,baseline,,32,512,512,512,134217728,2.512811e+00,8.887986e+01,2.556756e-07,4.271444e+00,2.955606e+00,1.545021e+00,../results/wisteria/kokkos-mdrange-uvm.log
Kokkos,wisteria,gpu,cpp,kokkos,range/baseline-fused,kokkos-default,fused,,32,32,32,32,32768,4.365240e-01,3.197681e+01,4.467876e-06,2.326493e+00,8.105070e-01,1.659043e+00,../results/wisteria/kokkos-range-baseline-fused.log
Kokkos,wisteria,gpu,cpp,kokkos,range/baseline-fused,kokkos-default,fused,,32,64,64,64,262144,1.320070e-01,2.114834e+02,1.146017e-05,1.849202e+00,4.939190e-01,1.567987e+00,../results/wisteria/kokkos-range-baseline-fused.log
Kokkos,wisteria,gpu,cpp,kokkos,range/baseline-fused,kokkos-default,fused,,32,128,128,128,2097152,7.857200e-02,7.106167e+02,4.642701e-06,1.829070e+00,4.795940e-01,1.535848e+00,../results/wisteria/kokkos-range-baseline-fused.log
Kokkos,wisteria,gpu,cpp,kokkos,range/baseline-fused,kokkos-default,fused,,32,256,256,256,16777216,1.099850e-01,1.015313e+03,9.780909e-07,1.831660e+00,4.975290e-01,1.555692e+00,../results/wisteria/kokkos-range-baseline-fused.log
Kokkos,wisteria,gpu,cpp,kokkos,range/baseline-fused,kokkos-default,fused,,32,512,512,512,134217728,2.024330e-01,1.103270e+03,2.556756e-07,1.900617e+00,6.067960e-01,1.521320e+00,../results/wisteria/kokkos-range-baseline-fused.log
Kokkos,wisteria,gpu,cpp,kokkos,range/baseline,kokkos-default,baseline,,32,32,32,32,32768,1.402112e+01,9.955438e-01,4.467876e-06,1.584844e+01,1.434690e+01,1.688056e+00,../results/wisteria/kokkos-range-baseline.log
Kokkos,wisteria,gpu,cpp,kokkos,range/baseline,kokkos-default,baseline,,32,64,64,64,262144,2.156277e+01,1.294698e+00,1.146017e-05,2.326275e+01,2.192293e+01,1.533337e+00,../results/wisteria/kokkos-range-baseline.log
Kokkos,wisteria,gpu,cpp,kokkos,range/baseline,kokkos-default,baseline,,32,128,128,128,2097152,4.169622e+01,1.339080e+00,4.642701e-06,4.344293e+01,4.230314e+01,1.538323e+00,../results/wisteria/kokkos-range-baseline.log
Kokkos,wisteria,gpu,cpp,kokkos,range/baseline,kokkos-default,baseline,,32,256,256,256,16777216,4.144642e+01,2.694301e+00,9.780909e-07,4.317340e+01,4.178135e+01,1.557765e+00,../results/wisteria/kokkos-range-baseline.log
Kokkos,wisteria,gpu,cpp,kokkos,range/baseline,kokkos-default,baseline,,32,512,512,512,134217728,4.151513e+01,5.379684e+00,2.556756e-07,4.329477e+01,4.191052e+01,1.548121e+00,../results/wisteria/kokkos-range-baseline.log
Kokkos,wisteria,gpu,cpp,kokkos,range/uvm-fused,kokkos-uvm,fused,,32,32,32,32,32768,4.331810e-01,3.222358e+01,4.467876e-06,2.282905e+00,8.285060e-01,1.643790e+00,../results/wisteria/kokkos-range-uvm-fused.log
Kokkos,wisteria,gpu,cpp,kokkos,range/uvm-fused,kokkos-uvm,fused,,32,64,64,64,262144,1.318720e-01,2.116999e+02,1.146017e-05,1.853056e+00,5.315680e-01,1.547693e+00,../results/wisteria/kokkos-range-uvm-fused.log
Kokkos,wisteria,gpu,cpp,kokkos,range/uvm-fused,kokkos-uvm,fused,,32,128,128,128,2097152,7.854200e-02,7.108881e+02,4.642701e-06,1.874713e+00,7.658320e-01,1.543182e+00,../results/wisteria/kokkos-range-uvm-fused.log
Kokkos,wisteria,gpu,cpp,kokkos,range/uvm-fused,kokkos-uvm,fused,,32,256,256,256,16777216,1.100300e-01,1.014897e+03,9.780909e-07,1.909365e+00,5.058020e-01,1.565797e+00,../results/wisteria/kokkos-range-uvm-fused.log
Kokkos,wisteria,gpu,cpp,kokkos,range/uvm-fused,kokkos-uvm,fused,,32,512,512,512,134217728,1.832120e-01,1.219016e+03,2.556756e-07,1.924002e+00,5.880280e-01,1.553727e+00,../results/wisteria/kokkos-range-uvm-fused.log
Kokkos,wisteria,gpu,cpp,kokkos,range/uvm,kokkos-uvm,baseline,,32,32,32,32,32768,1.392750e+01,1.002236e+00,4.467876e-06,1.573719e+01,1.429033e+01,1.635239e+00,../results/wisteria/kokkos-range-uvm.log
Kokkos,wisteria,gpu,cpp,kokkos,range/uvm,kokkos-uvm,baseline,,32,64,64,64,262144,2.155788e+01,1.294992e+00,1.146017e-05,2.327393e+01,2.189288e+01,1.547502e+00,../results/wisteria/kokkos-range-uvm.log
Kokkos,wisteria,gpu,cpp,kokkos,range/uvm,kokkos-uvm,baseline,,32,128,128,128,2097152,4.041518e+01,1.381525e+00,4.642701e-06,4.212022e+01,4.070816e+01,1.542487e+00,../results/wisteria/kokkos-range-uvm.log
Kokkos,wisteria,gpu,cpp,kokkos,range/uvm,kokkos-uvm,baseline,,32,256,256,256,16777216,4.139462e+01,2.697673e+00,9.780909e-07,4.314371e+01,4.171081e+01,1.555490e+00,../results/wisteria/kokkos-range-uvm.log
Kokkos,wisteria,gpu,cpp,kokkos,range/uvm,kokkos-uvm,baseline,,32,512,512,512,134217728,4.139477e+01,5.395327e+00,2.556756e-07,4.328630e+01,4.200594e+01,1.549487e+00,../results/wisteria/kokkos-range-uvm.log
Kokkos,wisteria,gpu,cpp,kokkos,team/baseline,kokkos-default,baseline,,32,32,32,32,32768,1.413465e+01,9.875476e-01,4.467876e-06,1.594029e+01,1.448982e+01,1.625279e+00,../results/wisteria/kokkos-team-baseline.log
Kokkos,wisteria,gpu,cpp,kokkos,team/baseline,kokkos-default,baseline,,32,64,64,64,262144,1.395952e+01,1.999875e+00,1.146017e-05,1.567312e+01,1.431104e+01,1.531289e+00,../results/wisteria/kokkos-team-baseline.log
Kokkos,wisteria,gpu,cpp,kokkos,team/baseline,kokkos-default,baseline,,32,128,128,128,2097152,1.390735e+01,4.014753e+00,4.642701e-06,1.565150e+01,1.455413e+01,1.518893e+00,../results/wisteria/kokkos-team-baseline.log
Kokkos,wisteria,gpu,cpp,kokkos,team/baseline,kokkos-default,baseline,,32,256,256,256,16777216,1.450284e+01,7.699813e+00,9.780909e-07,1.623025e+01,1.486111e+01,1.547810e+00,../results/wisteria/kokkos-team-baseline.log
Kokkos,wisteria,gpu,cpp,kokkos,team/baseline,kokkos-default,baseline,,32,512,512,512,134217728,1.490994e+01,1.497915e+01,2.556756e-07,1.672889e+01,1.568680e+01,1.563350e+00,../results/wisteria/kokkos-team-baseline.log
Kokkos,wisteria,gpu,cpp,kokkos,team/uvm,kokkos-uvm,baseline,,32,32,32,32,32768,1.404901e+01,9.935678e-01,4.467876e-06,1.589173e+01,1.439945e+01,1.630619e+00,../results/wisteria/kokkos-team-uvm.log
Kokkos,wisteria,gpu,cpp,kokkos,team/uvm,kokkos-uvm,baseline,,32,64,64,64,262144,1.397073e+01,1.998270e+00,1.146017e-05,1.567636e+01,1.433070e+01,1.523366e+00,../results/wisteria/kokkos-team-uvm.log
Kokkos,wisteria,gpu,cpp,kokkos,team/uvm,kokkos-uvm,baseline,,32,128,128,128,2097152,1.390151e+01,4.016440e+00,4.642701e-06,1.560624e+01,1.426503e+01,1.527749e+00,../results/wisteria/kokkos-team-uvm.log
Kokkos,wisteria,gpu,cpp,kokkos,team/uvm,kokkos-uvm,baseline,,32,256,256,256,16777216,1.454514e+01,7.677418e+00,9.780909e-07,1.630439e+01,1.520165e+01,1.530523e+00,../results/wisteria/kokkos-team-uvm.log
Kokkos,wisteria,gpu,cpp,kokkos,team/uvm,kokkos-uvm,baseline,,32,512,512,512,134217728,1.489033e+01,1.499888e+01,2.556756e-07,1.668788e+01,1.562973e+01,1.531404e+00,../results/wisteria/kokkos-team-uvm.log
non-Kokkos,wisteria,gpu,cpp,openacc,auto.def,managed,baseline,,32,32,32,32,32768,4.025640e-01,3.467435e+01,4.777080e-06,2.185986e+00,4.153260e-01,1.604446e+00,../results/wisteria/nonkokkos-openacc-auto.def.log
non-Kokkos,wisteria,gpu,cpp,openacc,auto.def,managed,baseline,,32,64,64,64,262144,1.248340e-01,2.236353e+02,1.214079e-05,1.857733e+00,1.321050e-01,1.545300e+00,../results/wisteria/nonkokkos-openacc-auto.def.log
non-Kokkos,wisteria,gpu,cpp,openacc,auto.def,managed,baseline,,32,128,128,128,2097152,8.074800e-02,6.914670e+02,4.813602e-06,1.770795e+00,9.453700e-02,1.527308e+00,../results/wisteria/nonkokkos-openacc-auto.def.log
non-Kokkos,wisteria,gpu,cpp,openacc,auto.def,managed,baseline,,32,256,256,256,16777216,1.241150e-01,8.997232e+02,1.186005e-06,1.825035e+00,1.442810e-01,1.522782e+00,../results/wisteria/nonkokkos-openacc-auto.def.log
non-Kokkos,wisteria,gpu,cpp,openacc,auto.def,managed,baseline,,32,512,512,512,134217728,2.417490e-01,9.238437e+02,3.069118e-07,2.037359e+00,3.029680e-01,1.524564e+00,../results/wisteria/nonkokkos-openacc-auto.def.log
non-Kokkos,wisteria,gpu,cpp,openmp-target,auto.def,managed,baseline,,32,32,32,32,32768,4.146770e-01,3.366149e+01,4.777080e-06,2.107979e+00,4.259250e-01,1.524178e+00,../results/wisteria/nonkokkos-openmp-target-auto.def.log
non-Kokkos,wisteria,gpu,cpp,openmp-target,auto.def,managed,baseline,,32,64,64,64,262144,1.288070e-01,2.167373e+02,1.214079e-05,1.937013e+00,1.431170e-01,1.557268e+00,../results/wisteria/nonkokkos-openmp-target-auto.def.log
non-Kokkos,wisteria,gpu,cpp,openmp-target,auto.def,managed,baseline,,32,128,128,128,2097152,8.233400e-02,6.781472e+02,4.813602e-06,1.781456e+00,9.888400e-02,1.537988e+00,../results/wisteria/nonkokkos-openmp-target-auto.def.log
non-Kokkos,wisteria,gpu,cpp,openmp-target,auto.def,managed,baseline,,32,256,256,256,16777216,1.316280e-01,8.483693e+02,1.186005e-06,1.930065e+00,1.523820e-01,1.551083e+00,../results/wisteria/nonkokkos-openmp-target-auto.def.log
non-Kokkos,wisteria,gpu,cpp,openmp-target,auto.def,managed,baseline,,32,512,512,512,134217728,2.568050e-01,8.696805e+02,3.069118e-07,1.985968e+00,3.252160e-01,1.521594e+00,../results/wisteria/nonkokkos-openmp-target-auto.def.log
Kokkos,miyabi,gpu,cpp,kokkos,mdrange/baseline,kokkos-default,baseline,,32,32,32,32,32768,3.311530e-01,4.215165e+01,4.467876e-06,6.137321e-01,4.261240e-01,3.007930e-01,diffusion/results/miyabi/kokkos-mdrange-baseline.log
Kokkos,miyabi,gpu,cpp,kokkos,mdrange/baseline,kokkos-default,baseline,,32,32,32,32,32768,3.327190e-01,4.195325e+01,4.467876e-06,4.968450e-01,4.386710e-01,1.880020e-01,diffusion/results/miyabi/kokkos-mdrange-baseline.log
Kokkos,miyabi,gpu,cpp,kokkos,mdrange/baseline,kokkos-default,baseline,,32,32,32,32,32768,3.271520e-01,4.266715e+01,4.467876e-06,4.874029e-01,4.290130e-01,1.892700e-01,diffusion/results/miyabi/kokkos-mdrange-baseline.log
Kokkos,miyabi,gpu,cpp,kokkos,mdrange/baseline,kokkos-default,baseline,,32,64,64,64,262144,1.455070e-01,1.918622e+02,1.146017e-05,3.050821e-01,2.384460e-01,1.963670e-01,diffusion/results/miyabi/kokkos-mdrange-baseline.log
Kokkos,miyabi,gpu,cpp,kokkos,mdrange/baseline,kokkos-default,baseline,,32,64,64,64,262144,1.451600e-01,1.923208e+02,1.146017e-05,3.072839e-01,1.972720e-01,2.395450e-01,diffusion/results/miyabi/kokkos-mdrange-baseline.log
Kokkos,miyabi,gpu,cpp,kokkos,mdrange/baseline,kokkos-default,baseline,,32,64,64,64,262144,1.445210e-01,1.931711e+02,1.146017e-05,3.107400e-01,2.200840e-01,2.200840e-01,diffusion/results/miyabi/kokkos-mdrange-baseline.log
Kokkos,miyabi,gpu,cpp,kokkos,mdrange/baseline,kokkos-default,baseline,,32,128,128,128,2097152,1.672810e-01,3.337771e+02,4.642701e-06,3.301890e-01,2.238970e-01,2.363350e-01,diffusion/results/miyabi/kokkos-mdrange-baseline.log
Kokkos,miyabi,gpu,cpp,kokkos,mdrange/baseline,kokkos-default,baseline,,32,128,128,128,2097152,1.669080e-01,3.345231e+02,4.642701e-06,3.333430e-01,2.382520e-01,2.242370e-01,diffusion/results/miyabi/kokkos-mdrange-baseline.log
Kokkos,miyabi,gpu,cpp,kokkos,mdrange/baseline,kokkos-default,baseline,,32,128,128,128,2097152,1.672960e-01,3.337472e+02,4.642701e-06,3.285141e-01,2.362610e-01,2.223630e-01,diffusion/results/miyabi/kokkos-mdrange-baseline.log
Kokkos,miyabi,gpu,cpp,kokkos,mdrange/baseline,kokkos-default,baseline,,32,256,256,256,16777216,3.005380e-01,3.715642e+02,9.780909e-07,4.612062e-01,3.582310e-01,2.320930e-01,diffusion/results/miyabi/kokkos-mdrange-baseline.log
Kokkos,miyabi,gpu,cpp,kokkos,mdrange/baseline,kokkos-default,baseline,,32,256,256,256,16777216,3.006720e-01,3.713986e+02,9.780909e-07,4.691670e-01,3.002220e-01,3.002220e-01,diffusion/results/miyabi/kokkos-mdrange-baseline.log
Kokkos,miyabi,gpu,cpp,kokkos,mdrange/baseline,kokkos-default,baseline,,32,256,256,256,16777216,3.008650e-01,3.711603e+02,9.780909e-07,4.677691e-01,3.946890e-01,2.037100e-01,diffusion/results/miyabi/kokkos-mdrange-baseline.log
Kokkos,miyabi,gpu,cpp,kokkos,mdrange/baseline,kokkos-default,baseline,,32,512,512,512,134217728,1.069773e+00,2.087717e+02,2.556756e-07,1.316329e+00,1.196922e+00,1.773210e-01,diffusion/results/miyabi/kokkos-mdrange-baseline.log
Kokkos,miyabi,gpu,cpp,kokkos,mdrange/baseline,kokkos-default,baseline,,32,512,512,512,134217728,1.069954e+00,2.087364e+02,2.556756e-07,1.237701e+00,1.192359e+00,1.766450e-01,diffusion/results/miyabi/kokkos-mdrange-baseline.log
Kokkos,miyabi,gpu,cpp,kokkos,mdrange/baseline,kokkos-default,baseline,,32,512,512,512,134217728,1.069708e+00,2.087844e+02,2.556756e-07,1.242660e+00,1.175236e+00,1.977030e-01,diffusion/results/miyabi/kokkos-mdrange-baseline.log
Kokkos,miyabi,gpu,cpp,kokkos,mdrange/uvm,kokkos-uvm,baseline,,32,32,32,32,32768,3.355080e-01,4.160450e+01,4.467876e-06,6.087279e-01,4.209500e-01,3.040190e-01,diffusion/results/miyabi/kokkos-mdrange-uvm.log
Kokkos,miyabi,gpu,cpp,kokkos,mdrange/uvm,kokkos-uvm,baseline,,32,32,32,32,32768,3.316070e-01,4.209394e+01,4.467876e-06,4.981301e-01,4.158230e-01,2.142120e-01,diffusion/results/miyabi/kokkos-mdrange-uvm.log
Kokkos,miyabi,gpu,cpp,kokkos,mdrange/uvm,kokkos-uvm,baseline,,32,32,32,32,32768,3.317500e-01,4.207579e+01,4.467876e-06,4.924750e-01,4.255370e-01,2.002520e-01,diffusion/results/miyabi/kokkos-mdrange-uvm.log
Kokkos,miyabi,gpu,cpp,kokkos,mdrange/uvm,kokkos-uvm,baseline,,32,64,64,64,262144,1.440690e-01,1.937772e+02,1.146017e-05,3.042021e-01,2.259790e-01,2.118550e-01,diffusion/results/miyabi/kokkos-mdrange-uvm.log
Kokkos,miyabi,gpu,cpp,kokkos,mdrange/uvm,kokkos-uvm,baseline,,32,64,64,64,262144,1.442020e-01,1.935985e+02,1.146017e-05,3.057482e-01,1.977930e-01,2.401780e-01,diffusion/results/miyabi/kokkos-mdrange-uvm.log
Kokkos,miyabi,gpu,cpp,kokkos,mdrange/uvm,kokkos-uvm,baseline,,32,64,64,64,262144,1.431400e-01,1.950348e+02,1.146017e-05,3.047819e-01,2.043550e-01,2.335490e-01,diffusion/results/miyabi/kokkos-mdrange-uvm.log
Kokkos,miyabi,gpu,cpp,kokkos,mdrange/uvm,kokkos-uvm,baseline,,32,128,128,128,2097152,1.665610e-01,3.352200e+02,4.642701e-06,3.302460e-01,2.373840e-01,2.234200e-01,diffusion/results/miyabi/kokkos-mdrange-uvm.log
Kokkos,miyabi,gpu,cpp,kokkos,mdrange/uvm,kokkos-uvm,baseline,,32,128,128,128,2097152,1.662540e-01,3.358390e+02,4.642701e-06,3.261399e-01,2.585400e-01,2.010870e-01,diffusion/results/miyabi/kokkos-mdrange-uvm.log
Kokkos,miyabi,gpu,cpp,kokkos,mdrange/uvm,kokkos-uvm,baseline,,32,128,128,128,2097152,1.664900e-01,3.353629e+02,4.642701e-06,3.281491e-01,2.510030e-01,2.091690e-01,diffusion/results/miyabi/kokkos-mdrange-uvm.log
Kokkos,miyabi,gpu,cpp,kokkos,mdrange/uvm,kokkos-uvm,baseline,,32,256,256,256,16777216,2.982870e-01,3.743681e+02,9.780909e-07,4.633350e-01,3.030910e-01,2.920690e-01,diffusion/results/miyabi/kokkos-mdrange-uvm.log
Kokkos,miyabi,gpu,cpp,kokkos,mdrange/uvm,kokkos-uvm,baseline,,32,256,256,256,16777216,2.982310e-01,3.744384e+02,9.780909e-07,4.713948e-01,4.029310e-01,2.014650e-01,diffusion/results/miyabi/kokkos-mdrange-uvm.log
Kokkos,miyabi,gpu,cpp,kokkos,mdrange/uvm,kokkos-uvm,baseline,,32,256,256,256,16777216,2.985860e-01,3.739933e+02,9.780909e-07,4.675939e-01,3.834110e-01,2.172660e-01,diffusion/results/miyabi/kokkos-mdrange-uvm.log
Kokkos,miyabi,gpu,cpp,kokkos,mdrange/uvm,kokkos-uvm,baseline,,32,512,512,512,134217728,1.072379e+00,2.082643e+02,2.556756e-07,1.274157e+00,9.980480e-01,4.105440e-01,diffusion/results/miyabi/kokkos-mdrange-uvm.log
Kokkos,miyabi,gpu,cpp,kokkos,mdrange/uvm,kokkos-uvm,baseline,,32,512,512,512,134217728,1.072313e+00,2.082772e+02,2.556756e-07,1.275319e+00,1.243479e+00,1.650630e-01,diffusion/results/miyabi/kokkos-mdrange-uvm.log
Kokkos,miyabi,gpu,cpp,kokkos,mdrange/uvm,kokkos-uvm,baseline,,32,512,512,512,134217728,1.072302e+00,2.082793e+02,2.556756e-07,1.276806e+00,1.243632e+00,1.650830e-01,diffusion/results/miyabi/kokkos-mdrange-uvm.log
Kokkos,miyabi,gpu,cpp,kokkos,range/baseline-fused,kokkos-default,fused,,32,32,32,32,32768,3.185950e-01,4.381313e+01,4.467876e-06,5.937750e-01,4.110960e-01,2.989790e-01,diffusion/results/miyabi/kokkos-range-baseline-fused.log
Kokkos,miyabi,gpu,cpp,kokkos,range/baseline-fused,kokkos-default,fused,,32,32,32,32,32768,3.173240e-01,4.398862e+01,4.467876e-06,4.914949e-01,4.189880e-01,2.031450e-01,diffusion/results/miyabi/kokkos-range-baseline-fused.log
Kokkos,miyabi,gpu,cpp,kokkos,range/baseline-fused,kokkos-default,fused,,32,32,32,32,32768,3.185250e-01,4.382276e+01,4.467876e-06,4.938211e-01,4.148730e-01,2.137220e-01,diffusion/results/miyabi/kokkos-range-baseline-fused.log
Kokkos,miyabi,gpu,cpp,kokkos,range/baseline-fused,kokkos-default,fused,,32,64,64,64,262144,9.163200e-02,3.046674e+02,1.146017e-05,2.633681e-01,1.329480e-01,2.658960e-01,diffusion/results/miyabi/kokkos-range-baseline-fused.log
Kokkos,miyabi,gpu,cpp,kokkos,range/baseline-fused,kokkos-default,fused,,32,64,64,64,262144,9.220300e-02,3.027807e+02,1.146017e-05,2.703669e-01,1.586760e-01,2.452260e-01,diffusion/results/miyabi/kokkos-range-baseline-fused.log
Kokkos,miyabi,gpu,cpp,kokkos,range/baseline-fused,kokkos-default,fused,,32,64,64,64,262144,9.085800e-02,3.072628e+02,1.146017e-05,2.672210e-01,1.389100e-01,2.631980e-01,diffusion/results/miyabi/kokkos-range-baseline-fused.log
Kokkos,miyabi,gpu,cpp,kokkos,range/baseline-fused,kokkos-default,fused,,32,128,128,128,2097152,4.714000e-02,1.184442e+03,4.642701e-06,2.202120e-01,7.620000e-02,2.743210e-01,diffusion/results/miyabi/kokkos-range-baseline-fused.log
Kokkos,miyabi,gpu,cpp,kokkos,range/baseline-fused,kokkos-default,fused,,32,128,128,128,2097152,4.666800e-02,1.196421e+03,4.642701e-06,1.466701e-01,7.374400e-02,2.027980e-01,diffusion/results/miyabi/kokkos-range-baseline-fused.log
Kokkos,miyabi,gpu,cpp,kokkos,range/baseline-fused,kokkos-default,fused,,32,128,128,128,2097152,4.708000e-02,1.185951e+03,4.642701e-06,1.420770e-01,1.586170e-01,1.586170e-01,diffusion/results/miyabi/kokkos-range-baseline-fused.log
Kokkos,miyabi,gpu,cpp,kokkos,range/baseline-fused,kokkos-default,fused,,32,256,256,256,16777216,5.710900e-02,1.955369e+03,9.780909e-07,1.645041e-01,1.303610e-01,1.676070e-01,diffusion/results/miyabi/kokkos-range-baseline-fused.log
Kokkos,miyabi,gpu,cpp,kokkos,range/baseline-fused,kokkos-default,fused,,32,256,256,256,16777216,5.731000e-02,1.948511e+03,9.780909e-07,1.589451e-01,1.384550e-01,1.553400e-01,diffusion/results/miyabi/kokkos-range-baseline-fused.log
Kokkos,miyabi,gpu,cpp,kokkos,range/baseline-fused,kokkos-default,fused,,32,256,256,256,16777216,5.719700e-02,1.952360e+03,9.780909e-07,1.584132e-01,1.392260e-01,1.528090e-01,diffusion/results/miyabi/kokkos-range-baseline-fused.log
Kokkos,miyabi,gpu,cpp,kokkos,range/baseline-fused,kokkos-default,fused,,32,512,512,512,134217728,1.040880e-01,2.145668e+03,2.556756e-07,2.027061e-01,1.750300e-01,1.604440e-01,diffusion/results/miyabi/kokkos-range-baseline-fused.log
Kokkos,miyabi,gpu,cpp,kokkos,range/baseline-fused,kokkos-default,fused,,32,512,512,512,134217728,1.039720e-01,2.148062e+03,2.556756e-07,2.948079e-01,1.713870e-01,2.570810e-01,diffusion/results/miyabi/kokkos-range-baseline-fused.log
Kokkos,miyabi,gpu,cpp,kokkos,range/baseline-fused,kokkos-default,fused,,32,512,512,512,134217728,1.041600e-01,2.144185e+03,2.556756e-07,2.999260e-01,1.735560e-01,2.603340e-01,diffusion/results/miyabi/kokkos-range-baseline-fused.log
Kokkos,miyabi,gpu,cpp,kokkos,range/baseline,kokkos-default,baseline,,32,32,32,32,32768,1.024435e+01,1.362570e+00,4.467876e-06,1.051746e+01,9.949141e+00,6.828770e-01,diffusion/results/miyabi/kokkos-range-baseline.log
Kokkos,miyabi,gpu,cpp,kokkos,range/baseline,kokkos-default,baseline,,32,32,32,32,32768,1.023950e+01,1.363216e+00,4.467876e-06,1.040389e+01,1.036666e+01,1.721020e-01,diffusion/results/miyabi/kokkos-range-baseline.log
Kokkos,miyabi,gpu,cpp,kokkos,range/baseline,kokkos-default,baseline,,32,32,32,32,32768,1.025499e+01,1.361156e+00,4.467876e-06,1.041674e+01,1.037320e+01,1.775920e-01,diffusion/results/miyabi/kokkos-range-baseline.log
Kokkos,miyabi,gpu,cpp,kokkos,range/baseline,kokkos-default,baseline,,32,64,64,64,262144,1.385782e+01,2.014551e+00,1.146017e-05,1.402042e+01,1.400116e+01,1.513090e-01,diffusion/results/miyabi/kokkos-range-baseline.log
Kokkos,miyabi,gpu,cpp,kokkos,range/baseline,kokkos-default,baseline,,32,64,64,64,262144,1.385765e+01,2.014576e+00,1.146017e-05,1.401845e+01,1.390045e+01,2.496570e-01,diffusion/results/miyabi/kokkos-range-baseline.log
Kokkos,miyabi,gpu,cpp,kokkos,range/baseline,kokkos-default,baseline,,32,64,64,64,262144,1.387240e+01,2.012434e+00,1.146017e-05,1.403333e+01,1.366112e+01,5.098860e-01,diffusion/results/miyabi/kokkos-range-baseline.log
Kokkos,miyabi,gpu,cpp,kokkos,range/baseline,kokkos-default,baseline,,32,128,128,128,2097152,2.544460e+01,2.194359e+00,4.642701e-06,2.561599e+01,2.515476e+01,5.965940e-01,diffusion/results/miyabi/kokkos-range-baseline.log
Kokkos,miyabi,gpu,cpp,kokkos,range/baseline,kokkos-default,baseline,,32,128,128,128,2097152,2.544193e+01,2.194589e+00,4.642701e-06,2.560922e+01,2.557896e+01,1.621700e-01,diffusion/results/miyabi/kokkos-range-baseline.log
Kokkos,miyabi,gpu,cpp,kokkos,range/baseline,kokkos-default,baseline,,32,128,128,128,2097152,2.544096e+01,2.194673e+00,4.642701e-06,2.560360e+01,2.558740e+01,1.508480e-01,diffusion/results/miyabi/kokkos-range-baseline.log
Kokkos,miyabi,gpu,cpp,kokkos,range/baseline,kokkos-default,baseline,,32,256,256,256,16777216,2.621207e+01,4.260218e+00,9.780909e-07,2.638311e+01,2.635715e+01,1.605910e-01,diffusion/results/miyabi/kokkos-range-baseline.log
Kokkos,miyabi,gpu,cpp,kokkos,range/baseline,kokkos-default,baseline,,32,256,256,256,16777216,2.620569e+01,4.261255e+00,9.780909e-07,2.638078e+01,2.635393e+01,1.612130e-01,diffusion/results/miyabi/kokkos-range-baseline.log
Kokkos,miyabi,gpu,cpp,kokkos,range/baseline,kokkos-default,baseline,,32,256,256,256,16777216,2.618529e+01,4.264575e+00,9.780909e-07,2.635933e+01,2.632070e+01,1.721350e-01,diffusion/results/miyabi/kokkos-range-baseline.log
Kokkos,miyabi,gpu,cpp,kokkos,range/baseline,kokkos-default,baseline,,32,512,512,512,134217728,2.615888e+01,8.537762e+00,2.556756e-07,2.635993e+01,2.633384e+01,1.612650e-01,diffusion/results/miyabi/kokkos-range-baseline.log
Kokkos,miyabi,gpu,cpp,kokkos,range/baseline,kokkos-default,baseline,,32,512,512,512,134217728,2.615894e+01,8.537742e+00,2.556756e-07,2.636052e+01,2.633436e+01,1.606970e-01,diffusion/results/miyabi/kokkos-range-baseline.log
Kokkos,miyabi,gpu,cpp,kokkos,range/baseline,kokkos-default,baseline,,32,512,512,512,134217728,2.616074e+01,8.537156e+00,2.556756e-07,2.636168e+01,2.634408e+01,1.508890e-01,diffusion/results/miyabi/kokkos-range-baseline.log
Kokkos,miyabi,gpu,cpp,kokkos,range/cpu-sweep,kokkos-default,opt-level-sweep,fast,32,32,32,32,32768,1.024639e+01,1.362299e+00,1.958101e-05,1.051720e+01,1.010031e+01,5.296040e-01,diffusion/results/miyabi/kokkos-range-cpu-sweep.log
Kokkos,miyabi,gpu,cpp,kokkos,range/cpu-sweep,kokkos-default,opt-level-sweep,fast,32,32,32,32,32768,1.025613e+01,1.361005e+00,1.958101e-05,1.042278e+01,1.034719e+01,2.073200e-01,diffusion/results/miyabi/kokkos-range-cpu-sweep.log
Kokkos,miyabi,gpu,cpp,kokkos,range/cpu-sweep,kokkos-default,opt-level-sweep,fast,32,32,32,32,32768,1.024840e+01,1.362032e+00,1.958101e-05,1.041109e+01,1.037231e+01,1.720280e-01,diffusion/results/miyabi/kokkos-range-cpu-sweep.log
Kokkos,miyabi,gpu,cpp,kokkos,range/cpu-sweep,kokkos-default,opt-level-sweep,fast,32,64,64,64,262144,1.394464e+01,2.002008e+00,4.878088e-05,1.410860e+01,1.408834e+01,1.524310e-01,diffusion/results/miyabi/kokkos-range-cpu-sweep.log
Kokkos,miyabi,gpu,cpp,kokkos,range/cpu-sweep,kokkos-default,opt-level-sweep,fast,32,64,64,64,262144,1.394593e+01,2.001823e+00,4.878088e-05,1.411040e+01,1.409877e+01,1.412900e-01,diffusion/results/miyabi/kokkos-range-cpu-sweep.log
Kokkos,miyabi,gpu,cpp,kokkos,range/cpu-sweep,kokkos-default,opt-level-sweep,fast,32,64,64,64,262144,1.394824e+01,2.001492e+00,4.878088e-05,1.410921e+01,1.407916e+01,1.623230e-01,diffusion/results/miyabi/kokkos-range-cpu-sweep.log
Kokkos,miyabi,gpu,cpp,kokkos,range/cpu-sweep,kokkos-default,opt-level-sweep,fast,32,128,128,128,2097152,2.544051e+01,2.194711e+00,1.879228e-05,2.560451e+01,2.556455e+01,1.708320e-01,diffusion/results/miyabi/kokkos-range-cpu-sweep.log
Kokkos,miyabi,gpu,cpp,kokkos,range/cpu-sweep,kokkos-default,opt-level-sweep,fast,32,128,128,128,2097152,2.544686e+01,2.194164e+00,1.879228e-05,2.560959e+01,2.557958e+01,1.623860e-01,diffusion/results/miyabi/kokkos-range-cpu-sweep.log
Kokkos,miyabi,gpu,cpp,kokkos,range/cpu-sweep,kokkos-default,opt-level-sweep,fast,32,128,128,128,2097152,2.544201e+01,2.194582e+00,1.879228e-05,2.560684e+01,2.558653e+01,1.526760e-01,diffusion/results/miyabi/kokkos-range-cpu-sweep.log
Kokkos,miyabi,gpu,cpp,kokkos,range/cpu-sweep,kokkos-default,opt-level-sweep,fast,32,256,256,256,16777216,2.620660e+01,4.261109e+00,5.852345e-06,2.637557e+01,2.633648e+01,1.708200e-01,diffusion/results/miyabi/kokkos-range-cpu-sweep.log
Kokkos,miyabi,gpu,cpp,kokkos,range/cpu-sweep,kokkos-default,opt-level-sweep,fast,32,256,256,256,16777216,2.620555e+01,4.261279e+00,5.852345e-06,2.637852e+01,2.634173e+01,1.720650e-01,diffusion/results/miyabi/kokkos-range-cpu-sweep.log
Kokkos,miyabi,gpu,cpp,kokkos,range/cpu-sweep,kokkos-default,opt-level-sweep,fast,32,256,256,256,16777216,2.620242e+01,4.261788e+00,5.852345e-06,2.637356e+01,2.634474e+01,1.608220e-01,diffusion/results/miyabi/kokkos-range-cpu-sweep.log
Kokkos,miyabi,gpu,cpp,kokkos,range/cpu-sweep,kokkos-default,opt-level-sweep,fast,32,512,512,512,134217728,2.615784e+01,8.538102e+00,1.511540e-06,2.635771e+01,2.634887e+01,1.419910e-01,diffusion/results/miyabi/kokkos-range-cpu-sweep.log
Kokkos,miyabi,gpu,cpp,kokkos,range/cpu-sweep,kokkos-default,opt-level-sweep,fast,32,512,512,512,134217728,2.615836e+01,8.537932e+00,1.511540e-06,2.635745e+01,2.632920e+01,1.607880e-01,diffusion/results/miyabi/kokkos-range-cpu-sweep.log
Kokkos,miyabi,gpu,cpp,kokkos,range/cpu-sweep,kokkos-default,opt-level-sweep,fast,32,512,512,512,134217728,2.615647e+01,8.538549e+00,1.511540e-06,2.635560e+01,2.632562e+01,1.611820e-01,diffusion/results/miyabi/kokkos-range-cpu-sweep.log
Kokkos,miyabi,gpu,cpp,kokkos,range/uvm-fused,kokkos-uvm,fused,,32,32,32,32,32768,3.205990e-01,4.353926e+01,4.467876e-06,6.011019e-01,4.151210e-01,3.019060e-01,diffusion/results/miyabi/kokkos-range-uvm-fused.log
Kokkos,miyabi,gpu,cpp,kokkos,range/uvm-fused,kokkos-uvm,fused,,32,32,32,32,32768,3.174980e-01,4.396451e+01,4.467876e-06,4.902260e-01,3.991560e-01,2.245250e-01,diffusion/results/miyabi/kokkos-range-uvm-fused.log
Kokkos,miyabi,gpu,cpp,kokkos,range/uvm-fused,kokkos-uvm,fused,,32,32,32,32,32768,3.201350e-01,4.360237e+01,4.467876e-06,5.016270e-01,4.189870e-01,2.158410e-01,diffusion/results/miyabi/kokkos-range-uvm-fused.log
Kokkos,miyabi,gpu,cpp,kokkos,range/uvm-fused,kokkos-uvm,fused,,32,64,64,64,262144,9.106100e-02,3.065779e+02,1.146017e-05,2.653921e-01,1.322520e-01,2.645040e-01,diffusion/results/miyabi/kokkos-range-uvm-fused.log
Kokkos,miyabi,gpu,cpp,kokkos,range/uvm-fused,kokkos-uvm,fused,,32,64,64,64,262144,9.150400e-02,3.050936e+02,1.146017e-05,2.656848e-01,1.535410e-01,2.456660e-01,diffusion/results/miyabi/kokkos-range-uvm-fused.log
Kokkos,miyabi,gpu,cpp,kokkos,range/uvm-fused,kokkos-uvm,fused,,32,64,64,64,262144,9.270900e-02,3.011281e+02,1.146017e-05,2.763672e-01,1.614150e-01,2.494590e-01,diffusion/results/miyabi/kokkos-range-uvm-fused.log
Kokkos,miyabi,gpu,cpp,kokkos,range/uvm-fused,kokkos-uvm,fused,,32,128,128,128,2097152,4.690600e-02,1.190350e+03,4.642701e-06,2.165580e-01,1.257300e-01,2.247910e-01,diffusion/results/miyabi/kokkos-range-uvm-fused.log
Kokkos,miyabi,gpu,cpp,kokkos,range/uvm-fused,kokkos-uvm,fused,,32,128,128,128,2097152,4.709000e-02,1.185699e+03,4.642701e-06,1.438920e-01,1.186360e-01,1.581820e-01,diffusion/results/miyabi/kokkos-range-uvm-fused.log
Kokkos,miyabi,gpu,cpp,kokkos,range/uvm-fused,kokkos-uvm,fused,,32,128,128,128,2097152,4.695600e-02,1.189083e+03,4.642701e-06,1.436400e-01,9.458100e-02,1.818870e-01,diffusion/results/miyabi/kokkos-range-uvm-fused.log
Kokkos,miyabi,gpu,cpp,kokkos,range/uvm-fused,kokkos-uvm,fused,,32,256,256,256,16777216,5.710600e-02,1.955471e+03,9.780909e-07,1.588931e-01,1.464590e-01,1.464590e-01,diffusion/results/miyabi/kokkos-range-uvm-fused.log
Kokkos,miyabi,gpu,cpp,kokkos,range/uvm-fused,kokkos-uvm,fused,,32,256,256,256,16777216,5.706300e-02,1.956945e+03,9.780909e-07,1.630030e-01,1.105250e-01,1.842090e-01,diffusion/results/miyabi/kokkos-range-uvm-fused.log
Kokkos,miyabi,gpu,cpp,kokkos,range/uvm-fused,kokkos-uvm,fused,,32,256,256,256,16777216,5.736500e-02,1.946643e+03,9.780909e-07,1.643779e-01,1.223180e-01,1.747400e-01,diffusion/results/miyabi/kokkos-range-uvm-fused.log
Kokkos,miyabi,gpu,cpp,kokkos,range/uvm-fused,kokkos-uvm,fused,,32,512,512,512,134217728,1.048040e-01,2.131009e+03,2.556756e-07,2.390509e-01,1.748990e-01,1.987480e-01,diffusion/results/miyabi/kokkos-range-uvm-fused.log
Kokkos,miyabi,gpu,cpp,kokkos,range/uvm-fused,kokkos-uvm,fused,,32,512,512,512,134217728,1.046690e-01,2.133758e+03,2.556756e-07,3.185441e-01,2.166370e-01,2.301760e-01,diffusion/results/miyabi/kokkos-range-uvm-fused.log
Kokkos,miyabi,gpu,cpp,kokkos,range/uvm-fused,kokkos-uvm,fused,,32,512,512,512,134217728,1.047120e-01,2.132882e+03,2.556756e-07,3.137579e-01,2.321370e-01,2.146170e-01,diffusion/results/miyabi/kokkos-range-uvm-fused.log
Kokkos,miyabi,gpu,cpp,kokkos,range/uvm-sweep,kokkos-uvm,opt-level-sweep,fast,32,32,32,32,32768,1.021109e+01,1.367009e+00,1.958101e-05,1.049264e+01,1.034525e+01,2.634440e-01,diffusion/results/miyabi/kokkos-range-uvm-sweep.log
Kokkos,miyabi,gpu,cpp,kokkos,range/uvm-sweep,kokkos-uvm,opt-level-sweep,fast,32,32,32,32,32768,1.021558e+01,1.366407e+00,1.958101e-05,1.039013e+01,1.036030e+01,1.639300e-01,diffusion/results/miyabi/kokkos-range-uvm-sweep.log
Kokkos,miyabi,gpu,cpp,kokkos,range/uvm-sweep,kokkos-uvm,opt-level-sweep,fast,32,32,32,32,32768,1.022176e+01,1.365582e+00,1.958101e-05,1.039039e+01,1.034698e+01,1.719430e-01,diffusion/results/miyabi/kokkos-range-uvm-sweep.log
Kokkos,miyabi,gpu,cpp,kokkos,range/uvm-sweep,kokkos-uvm,opt-level-sweep,fast,32,64,64,64,262144,1.392423e+01,2.004942e+00,4.878088e-05,1.409306e+01,1.407310e+01,1.528820e-01,diffusion/results/miyabi/kokkos-range-uvm-sweep.log
Kokkos,miyabi,gpu,cpp,kokkos,range/uvm-sweep,kokkos-uvm,opt-level-sweep,fast,32,64,64,64,262144,1.392478e+01,2.004863e+00,4.878088e-05,1.409384e+01,1.391141e+01,3.172950e-01,diffusion/results/miyabi/kokkos-range-uvm-sweep.log
Kokkos,miyabi,gpu,cpp,kokkos,range/uvm-sweep,kokkos-uvm,opt-level-sweep,fast,32,64,64,64,262144,1.392437e+01,2.004923e+00,4.878088e-05,1.409459e+01,1.401650e+01,2.125460e-01,diffusion/results/miyabi/kokkos-range-uvm-sweep.log
Kokkos,miyabi,gpu,cpp,kokkos,range/uvm-sweep,kokkos-uvm,opt-level-sweep,fast,32,128,128,128,2097152,2.546198e+01,2.192861e+00,1.879228e-05,2.563305e+01,2.559399e+01,1.708270e-01,diffusion/results/miyabi/kokkos-range-uvm-sweep.log
Kokkos,miyabi,gpu,cpp,kokkos,range/uvm-sweep,kokkos-uvm,opt-level-sweep,fast,32,128,128,128,2097152,2.546857e+01,2.192293e+00,1.879228e-05,2.564002e+01,2.545727e+01,3.188380e-01,diffusion/results/miyabi/kokkos-range-uvm-sweep.log
Kokkos,miyabi,gpu,cpp,kokkos,range/uvm-sweep,kokkos-uvm,opt-level-sweep,fast,32,128,128,128,2097152,2.545039e+01,2.193860e+00,1.879228e-05,2.562277e+01,2.529559e+01,5.239020e-01,diffusion/results/miyabi/kokkos-range-uvm-sweep.log
Kokkos,miyabi,gpu,cpp,kokkos,range/uvm-sweep,kokkos-uvm,opt-level-sweep,fast,32,256,256,256,16777216,2.616816e+01,4.267368e+00,5.852345e-06,2.634954e+01,2.632291e+01,1.607500e-01,diffusion/results/miyabi/kokkos-range-uvm-sweep.log
Kokkos,miyabi,gpu,cpp,kokkos,range/uvm-sweep,kokkos-uvm,opt-level-sweep,fast,32,256,256,256,16777216,2.617183e+01,4.266769e+00,5.852345e-06,2.635741e+01,2.595426e+01,5.382670e-01,diffusion/results/miyabi/kokkos-range-uvm-sweep.log
Kokkos,miyabi,gpu,cpp,kokkos,range/uvm-sweep,kokkos-uvm,opt-level-sweep,fast,32,256,256,256,16777216,2.616155e+01,4.268446e+00,5.852345e-06,2.634596e+01,2.629101e+01,1.908780e-01,diffusion/results/miyabi/kokkos-range-uvm-sweep.log
Kokkos,miyabi,gpu,cpp,kokkos,range/uvm-sweep,kokkos-uvm,opt-level-sweep,fast,32,512,512,512,134217728,2.616572e+01,8.535530e+00,1.511540e-06,2.640872e+01,2.637360e+01,1.720030e-01,diffusion/results/miyabi/kokkos-range-uvm-sweep.log
Kokkos,miyabi,gpu,cpp,kokkos,range/uvm-sweep,kokkos-uvm,opt-level-sweep,fast,32,512,512,512,134217728,2.616161e+01,8.536872e+00,1.511540e-06,2.640536e+01,2.639014e+01,1.507430e-01,diffusion/results/miyabi/kokkos-range-uvm-sweep.log
Kokkos,miyabi,gpu,cpp,kokkos,range/uvm-sweep,kokkos-uvm,opt-level-sweep,fast,32,512,512,512,134217728,2.615888e+01,8.537761e+00,1.511540e-06,2.640039e+01,2.637463e+01,1.613700e-01,diffusion/results/miyabi/kokkos-range-uvm-sweep.log
Kokkos,miyabi,gpu,cpp,kokkos,range/uvm,kokkos-uvm,baseline,,32,32,32,32,32768,1.026155e+01,1.360286e+00,4.467876e-06,1.052921e+01,1.042262e+01,2.226190e-01,diffusion/results/miyabi/kokkos-range-uvm.log
Kokkos,miyabi,gpu,cpp,kokkos,range/uvm,kokkos-uvm,baseline,,32,32,32,32,32768,1.027065e+01,1.359081e+00,4.467876e-06,1.043535e+01,1.005753e+01,5.118810e-01,diffusion/results/miyabi/kokkos-range-uvm.log
Kokkos,miyabi,gpu,cpp,kokkos,range/uvm,kokkos-uvm,baseline,,32,32,32,32,32768,1.026606e+01,1.359689e+00,4.467876e-06,1.043033e+01,1.040127e+01,1.618870e-01,diffusion/results/miyabi/kokkos-range-uvm.log
Kokkos,miyabi,gpu,cpp,kokkos,range/uvm,kokkos-uvm,baseline,,32,64,64,64,262144,1.393858e+01,2.002879e+00,1.146017e-05,1.410029e+01,1.409214e+01,1.428760e-01,diffusion/results/miyabi/kokkos-range-uvm.log
Kokkos,miyabi,gpu,cpp,kokkos,range/uvm,kokkos-uvm,baseline,,32,64,64,64,262144,1.394094e+01,2.002540e+00,1.146017e-05,1.410251e+01,1.408534e+01,1.513460e-01,diffusion/results/miyabi/kokkos-range-uvm.log
Kokkos,miyabi,gpu,cpp,kokkos,range/uvm,kokkos-uvm,baseline,,32,64,64,64,262144,1.393836e+01,2.002910e+00,1.146017e-05,1.409909e+01,1.372559e+01,5.094230e-01,diffusion/results/miyabi/kokkos-range-uvm.log
Kokkos,miyabi,gpu,cpp,kokkos,range/uvm,kokkos-uvm,baseline,,32,128,128,128,2097152,2.545239e+01,2.193687e+00,4.642701e-06,2.561840e+01,2.559362e+01,1.607760e-01,diffusion/results/miyabi/kokkos-range-uvm.log
Kokkos,miyabi,gpu,cpp,kokkos,range/uvm,kokkos-uvm,baseline,,32,128,128,128,2097152,2.545690e+01,2.193298e+00,4.642701e-06,2.562216e+01,2.519977e+01,5.573870e-01,diffusion/results/miyabi/kokkos-range-uvm.log
Kokkos,miyabi,gpu,cpp,kokkos,range/uvm,kokkos-uvm,baseline,,32,128,128,128,2097152,2.546904e+01,2.192253e+00,4.642701e-06,2.563222e+01,2.560515e+01,1.612370e-01,diffusion/results/miyabi/kokkos-range-uvm.log
Kokkos,miyabi,gpu,cpp,kokkos,range/uvm,kokkos-uvm,baseline,,32,256,256,256,16777216,2.616613e+01,4.267698e+00,9.780909e-07,2.634042e+01,2.631615e+01,1.608320e-01,diffusion/results/miyabi/kokkos-range-uvm.log
Kokkos,miyabi,gpu,cpp,kokkos,range/uvm,kokkos-uvm,baseline,,32,256,256,256,16777216,2.617055e+01,4.266978e+00,9.780909e-07,2.634900e+01,2.633129e+01,1.518890e-01,diffusion/results/miyabi/kokkos-range-uvm.log
Kokkos,miyabi,gpu,cpp,kokkos,range/uvm,kokkos-uvm,baseline,,32,256,256,256,16777216,2.617451e+01,4.266332e+00,9.780909e-07,2.635303e+01,2.632599e+01,1.608300e-01,diffusion/results/miyabi/kokkos-range-uvm.log
Kokkos,miyabi,gpu,cpp,kokkos,range/uvm,kokkos-uvm,baseline,,32,512,512,512,134217728,2.615060e+01,8.540465e+00,2.556756e-07,2.638636e+01,2.634951e+01,1.728540e-01,diffusion/results/miyabi/kokkos-range-uvm.log
Kokkos,miyabi,gpu,cpp,kokkos,range/uvm,kokkos-uvm,baseline,,32,512,512,512,134217728,2.616321e+01,8.536350e+00,2.556756e-07,2.639907e+01,2.636367e+01,1.708010e-01,diffusion/results/miyabi/kokkos-range-uvm.log
Kokkos,miyabi,gpu,cpp,kokkos,range/uvm,kokkos-uvm,baseline,,32,512,512,512,134217728,2.616382e+01,8.536151e+00,2.556756e-07,2.639913e+01,2.638435e+01,1.515150e-01,diffusion/results/miyabi/kokkos-range-uvm.log
Kokkos,miyabi,gpu,cpp,kokkos,team/baseline,kokkos-default,baseline,,32,32,32,32,32768,1.025731e+01,1.360848e+00,4.467876e-06,1.052837e+01,1.041994e+01,2.236450e-01,diffusion/results/miyabi/kokkos-team-baseline.log
Kokkos,miyabi,gpu,cpp,kokkos,team/baseline,kokkos-default,baseline,,32,32,32,32,32768,1.026611e+01,1.359682e+00,4.467876e-06,1.043111e+01,1.040396e+01,1.619290e-01,diffusion/results/miyabi/kokkos-team-baseline.log
Kokkos,miyabi,gpu,cpp,kokkos,team/baseline,kokkos-default,baseline,,32,32,32,32,32768,1.026920e+01,1.359273e+00,4.467876e-06,1.043102e+01,1.039967e+01,1.671930e-01,diffusion/results/miyabi/kokkos-team-baseline.log
Kokkos,miyabi,gpu,cpp,kokkos,team/baseline,kokkos-default,baseline,,32,64,64,64,262144,1.012862e+01,2.756276e+00,1.146017e-05,1.029008e+01,1.025141e+01,1.720370e-01,diffusion/results/miyabi/kokkos-team-baseline.log
Kokkos,miyabi,gpu,cpp,kokkos,team/baseline,kokkos-default,baseline,,32,64,64,64,262144,1.013017e+01,2.755857e+00,1.146017e-05,1.029371e+01,1.025447e+01,1.646880e-01,diffusion/results/miyabi/kokkos-team-baseline.log
Kokkos,miyabi,gpu,cpp,kokkos,team/baseline,kokkos-default,baseline,,32,64,64,64,262144,1.013095e+01,2.755644e+00,1.146017e-05,1.029440e+01,1.027817e+01,1.518940e-01,diffusion/results/miyabi/kokkos-team-baseline.log
Kokkos,miyabi,gpu,cpp,kokkos,team/baseline,kokkos-default,baseline,,32,128,128,128,2097152,1.010460e+01,5.525661e+00,4.642701e-06,1.026838e+01,1.024157e+01,1.620820e-01,diffusion/results/miyabi/kokkos-team-baseline.log
Kokkos,miyabi,gpu,cpp,kokkos,team/baseline,kokkos-default,baseline,,32,128,128,128,2097152,1.010744e+01,5.524108e+00,4.642701e-06,1.027440e+01,1.022648e+01,1.808030e-01,diffusion/results/miyabi/kokkos-team-baseline.log
Kokkos,miyabi,gpu,cpp,kokkos,team/baseline,kokkos-default,baseline,,32,128,128,128,2097152,1.010808e+01,5.523757e+00,4.642701e-06,1.027100e+01,1.004069e+01,3.638640e-01,diffusion/results/miyabi/kokkos-team-baseline.log
Kokkos,miyabi,gpu,cpp,kokkos,team/baseline,kokkos-default,baseline,,32,256,256,256,16777216,1.101367e+01,1.013914e+01,9.780909e-07,1.118212e+01,1.118257e+01,1.338650e-01,diffusion/results/miyabi/kokkos-team-baseline.log
Kokkos,miyabi,gpu,cpp,kokkos,team/baseline,kokkos-default,baseline,,32,256,256,256,16777216,1.103766e+01,1.011711e+01,9.780909e-07,1.121758e+01,1.079959e+01,5.518730e-01,diffusion/results/miyabi/kokkos-team-baseline.log
Kokkos,miyabi,gpu,cpp,kokkos,team/baseline,kokkos-default,baseline,,32,256,256,256,16777216,1.098755e+01,1.016324e+01,9.780909e-07,1.115935e+01,1.074130e+01,5.518110e-01,diffusion/results/miyabi/kokkos-team-baseline.log
Kokkos,miyabi,gpu,cpp,kokkos,team/baseline,kokkos-default,baseline,,32,512,512,512,134217728,1.128179e+01,1.979636e+01,2.556756e-07,1.148149e+01,1.146410e+01,1.516410e-01,diffusion/results/miyabi/kokkos-team-baseline.log
Kokkos,miyabi,gpu,cpp,kokkos,team/baseline,kokkos-default,baseline,,32,512,512,512,134217728,1.128442e+01,1.979174e+01,2.556756e-07,1.148801e+01,1.145988e+01,1.625270e-01,diffusion/results/miyabi/kokkos-team-baseline.log
Kokkos,miyabi,gpu,cpp,kokkos,team/baseline,kokkos-default,baseline,,32,512,512,512,134217728,1.127586e+01,1.980677e+01,2.556756e-07,1.147609e+01,1.110731e+01,5.048770e-01,diffusion/results/miyabi/kokkos-team-baseline.log
Kokkos,miyabi,gpu,cpp,kokkos,team/cpu-chunk-sweep,kokkos-default,chunk-sweep,chunk8,32,32,32,32,32768,4.056993e+00,3.440638e+00,4.467876e-06,4.330591e+00,4.189721e+00,2.579870e-01,diffusion/results/miyabi/kokkos-team-cpu-chunk-sweep.log
Kokkos,miyabi,gpu,cpp,kokkos,team/cpu-chunk-sweep,kokkos-default,chunk-sweep,chunk8,32,32,32,32,32768,4.061661e+00,3.436684e+00,4.467876e-06,4.228252e+00,4.196013e+00,1.649530e-01,diffusion/results/miyabi/kokkos-team-cpu-chunk-sweep.log
Kokkos,miyabi,gpu,cpp,kokkos,team/cpu-chunk-sweep,kokkos-default,chunk-sweep,chunk8,32,32,32,32,32768,4.055521e+00,3.441887e+00,4.467876e-06,4.218378e+00,4.197139e+00,1.546850e-01,diffusion/results/miyabi/kokkos-team-cpu-chunk-sweep.log
Kokkos,miyabi,gpu,cpp,kokkos,team/cpu-chunk-sweep,kokkos-default,chunk-sweep,chunk8,32,64,64,64,262144,3.753313e+00,7.438039e+00,1.146017e-05,3.921055e+00,3.616701e+00,4.378570e-01,diffusion/results/miyabi/kokkos-team-cpu-chunk-sweep.log
Kokkos,miyabi,gpu,cpp,kokkos,team/cpu-chunk-sweep,kokkos-default,chunk-sweep,chunk8,32,64,64,64,262144,3.753181e+00,7.438300e+00,1.146017e-05,3.916143e+00,3.887130e+00,1.654090e-01,diffusion/results/miyabi/kokkos-team-cpu-chunk-sweep.log
Kokkos,miyabi,gpu,cpp,kokkos,team/cpu-chunk-sweep,kokkos-default,chunk-sweep,chunk8,32,64,64,64,262144,3.752251e+00,7.440144e+00,1.146017e-05,3.914259e+00,3.605542e+00,4.437590e-01,diffusion/results/miyabi/kokkos-team-cpu-chunk-sweep.log
Kokkos,miyabi,gpu,cpp,kokkos,team/cpu-chunk-sweep,kokkos-default,chunk-sweep,chunk8,32,128,128,128,2097152,3.812725e+00,1.464427e+01,4.642701e-06,3.977338e+00,3.973842e+00,1.763840e-01,diffusion/results/miyabi/kokkos-team-cpu-chunk-sweep.log
Kokkos,miyabi,gpu,cpp,kokkos,team/cpu-chunk-sweep,kokkos-default,chunk-sweep,chunk8,32,128,128,128,2097152,3.729900e+00,1.496946e+01,4.642701e-06,3.898175e+00,3.866411e+00,1.654070e-01,diffusion/results/miyabi/kokkos-team-cpu-chunk-sweep.log
Kokkos,miyabi,gpu,cpp,kokkos,team/cpu-chunk-sweep,kokkos-default,chunk-sweep,chunk8,32,128,128,128,2097152,3.809114e+00,1.465815e+01,4.642701e-06,3.975072e+00,3.945799e+00,1.657020e-01,diffusion/results/miyabi/kokkos-team-cpu-chunk-sweep.log
Kokkos,miyabi,gpu,cpp,kokkos,team/cpu-chunk-sweep,kokkos-default,chunk-sweep,chunk8,32,256,256,256,16777216,4.646202e+00,2.403450e+01,9.780909e-07,4.817224e+00,4.476490e+00,4.764130e-01,diffusion/results/miyabi/kokkos-team-cpu-chunk-sweep.log
Kokkos,miyabi,gpu,cpp,kokkos,team/cpu-chunk-sweep,kokkos-default,chunk-sweep,chunk8,32,256,256,256,16777216,4.674790e+00,2.388752e+01,9.780909e-07,4.850026e+00,4.547116e+00,4.394640e-01,diffusion/results/miyabi/kokkos-team-cpu-chunk-sweep.log
Kokkos,miyabi,gpu,cpp,kokkos,team/cpu-chunk-sweep,kokkos-default,chunk-sweep,chunk8,32,256,256,256,16777216,4.626490e+00,2.413691e+01,9.780909e-07,4.799307e+00,4.779357e+00,1.541720e-01,diffusion/results/miyabi/kokkos-team-cpu-chunk-sweep.log
Kokkos,miyabi,gpu,cpp,kokkos,team/cpu-chunk-sweep,kokkos-default,chunk-sweep,chunk8,32,512,512,512,134217728,4.954546e+00,4.507745e+01,2.556756e-07,5.157396e+00,5.107239e+00,1.844850e-01,diffusion/results/miyabi/kokkos-team-cpu-chunk-sweep.log
Kokkos,miyabi,gpu,cpp,kokkos,team/cpu-chunk-sweep,kokkos-default,chunk-sweep,chunk8,32,512,512,512,134217728,4.958764e+00,4.503911e+01,2.556756e-07,5.163975e+00,5.046209e+00,5.017800e-01,diffusion/results/miyabi/kokkos-team-cpu-chunk-sweep.log
Kokkos,miyabi,gpu,cpp,kokkos,team/cpu-chunk-sweep,kokkos-default,chunk-sweep,chunk8,32,512,512,512,134217728,4.972784e+00,4.491213e+01,2.556756e-07,5.175201e+00,5.135369e+00,1.753320e-01,diffusion/results/miyabi/kokkos-team-cpu-chunk-sweep.log
Kokkos,miyabi,gpu,cpp,kokkos,team/uvm-chunk-sweep,kokkos-uvm,chunk-sweep,chunk8,32,32,32,32,32768,4.050529e+00,3.446129e+00,4.467876e-06,4.317181e+00,3.947005e+00,4.863600e-01,diffusion/results/miyabi/kokkos-team-uvm-chunk-sweep.log
Kokkos,miyabi,gpu,cpp,kokkos,team/uvm-chunk-sweep,kokkos-uvm,chunk-sweep,chunk8,32,32,32,32,32768,4.051259e+00,3.445508e+00,4.467876e-06,4.221126e+00,4.178570e+00,1.753960e-01,diffusion/results/miyabi/kokkos-team-uvm-chunk-sweep.log
Kokkos,miyabi,gpu,cpp,kokkos,team/uvm-chunk-sweep,kokkos-uvm,chunk-sweep,chunk8,32,32,32,32,32768,4.050918e+00,3.445798e+00,4.467876e-06,4.211834e+00,4.179444e+00,1.647070e-01,diffusion/results/miyabi/kokkos-team-uvm-chunk-sweep.log
Kokkos,miyabi,gpu,cpp,kokkos,team/uvm-chunk-sweep,kokkos-uvm,chunk-sweep,chunk8,32,64,64,64,262144,3.742456e+00,7.459617e+00,1.146017e-05,3.903157e+00,3.870245e+00,1.663910e-01,diffusion/results/miyabi/kokkos-team-uvm-chunk-sweep.log
Kokkos,miyabi,gpu,cpp,kokkos,team/uvm-chunk-sweep,kokkos-uvm,chunk-sweep,chunk8,32,64,64,64,262144,3.743346e+00,7.457843e+00,1.146017e-05,3.907301e+00,3.872360e+00,1.652200e-01,diffusion/results/miyabi/kokkos-team-uvm-chunk-sweep.log
Kokkos,miyabi,gpu,cpp,kokkos,team/uvm-chunk-sweep,kokkos-uvm,chunk-sweep,chunk8,32,64,64,64,262144,3.742704e+00,7.459122e+00,1.146017e-05,3.905155e+00,3.894064e+00,1.446070e-01,diffusion/results/miyabi/kokkos-team-uvm-chunk-sweep.log
Kokkos,miyabi,gpu,cpp,kokkos,team/uvm-chunk-sweep,kokkos-uvm,chunk-sweep,chunk8,32,128,128,128,2097152,3.808112e+00,1.466201e+01,4.642701e-06,3.974523e+00,3.524811e+00,5.830510e-01,diffusion/results/miyabi/kokkos-team-uvm-chunk-sweep.log
Kokkos,miyabi,gpu,cpp,kokkos,team/uvm-chunk-sweep,kokkos-uvm,chunk-sweep,chunk8,32,128,128,128,2097152,3.810795e+00,1.465169e+01,4.642701e-06,3.976551e+00,3.934124e+00,1.755380e-01,diffusion/results/miyabi/kokkos-team-uvm-chunk-sweep.log
Kokkos,miyabi,gpu,cpp,kokkos,team/uvm-chunk-sweep,kokkos-uvm,chunk-sweep,chunk8,32,128,128,128,2097152,3.810811e+00,1.465163e+01,4.642701e-06,3.974861e+00,3.947952e+00,1.546190e-01,diffusion/results/miyabi/kokkos-team-uvm-chunk-sweep.log
Kokkos,miyabi,gpu,cpp,kokkos,team/uvm-chunk-sweep,kokkos-uvm,chunk-sweep,chunk8,32,256,256,256,16777216,4.460431e+00,2.503551e+01,9.780909e-07,4.633934e+00,4.596448e+00,1.691260e-01,diffusion/results/miyabi/kokkos-team-uvm-chunk-sweep.log
Kokkos,miyabi,gpu,cpp,kokkos,team/uvm-chunk-sweep,kokkos-uvm,chunk-sweep,chunk8,32,256,256,256,16777216,4.468255e+00,2.499167e+01,9.780909e-07,4.644716e+00,4.603383e+00,1.742920e-01,diffusion/results/miyabi/kokkos-team-uvm-chunk-sweep.log
Kokkos,miyabi,gpu,cpp,kokkos,team/uvm-chunk-sweep,kokkos-uvm,chunk-sweep,chunk8,32,256,256,256,16777216,4.480700e+00,2.492226e+01,9.780909e-07,4.660612e+00,4.453270e+00,3.395730e-01,diffusion/results/miyabi/kokkos-team-uvm-chunk-sweep.log
Kokkos,miyabi,gpu,cpp,kokkos,team/uvm-chunk-sweep,kokkos-uvm,chunk-sweep,chunk8,32,512,512,512,134217728,4.932454e+00,4.527935e+01,2.556756e-07,5.170495e+00,5.149745e+00,1.538760e-01,diffusion/results/miyabi/kokkos-team-uvm-chunk-sweep.log
Kokkos,miyabi,gpu,cpp,kokkos,team/uvm-chunk-sweep,kokkos-uvm,chunk-sweep,chunk8,32,512,512,512,134217728,4.751877e+00,4.700002e+01,2.556756e-07,4.988000e+00,4.956288e+00,1.638440e-01,diffusion/results/miyabi/kokkos-team-uvm-chunk-sweep.log
Kokkos,miyabi,gpu,cpp,kokkos,team/uvm-chunk-sweep,kokkos-uvm,chunk-sweep,chunk8,32,512,512,512,134217728,4.920692e+00,4.538758e+01,2.556756e-07,5.156439e+00,5.145285e+00,1.439600e-01,diffusion/results/miyabi/kokkos-team-uvm-chunk-sweep.log
Kokkos,miyabi,gpu,cpp,kokkos,team/uvm,kokkos-uvm,baseline,,32,32,32,32,32768,1.022018e+01,1.365792e+00,4.467876e-06,1.048840e+01,1.037283e+01,2.332110e-01,diffusion/results/miyabi/kokkos-team-uvm.log
Kokkos,miyabi,gpu,cpp,kokkos,team/uvm,kokkos-uvm,baseline,,32,32,32,32,32768,1.020693e+01,1.367565e+00,4.467876e-06,1.037330e+01,9.967053e+00,5.400390e-01,diffusion/results/miyabi/kokkos-team-uvm.log
Kokkos,miyabi,gpu,cpp,kokkos,team/uvm,kokkos-uvm,baseline,,32,32,32,32,32768,1.020815e+01,1.367403e+00,4.467876e-06,1.037122e+01,9.895333e+00,6.095290e-01,diffusion/results/miyabi/kokkos-team-uvm.log
Kokkos,miyabi,gpu,cpp,kokkos,team/uvm,kokkos-uvm,baseline,,32,64,64,64,262144,1.014418e+01,2.752051e+00,1.146017e-05,1.030678e+01,9.973466e+00,4.634330e-01,diffusion/results/miyabi/kokkos-team-uvm.log
Kokkos,miyabi,gpu,cpp,kokkos,team/uvm,kokkos-uvm,baseline,,32,64,64,64,262144,1.014472e+01,2.751903e+00,1.146017e-05,1.030849e+01,1.027054e+01,1.720180e-01,diffusion/results/miyabi/kokkos-team-uvm.log
Kokkos,miyabi,gpu,cpp,kokkos,team/uvm,kokkos-uvm,baseline,,32,64,64,64,262144,1.014432e+01,2.752011e+00,1.146017e-05,1.030713e+01,1.027821e+01,1.620210e-01,diffusion/results/miyabi/kokkos-team-uvm.log
Kokkos,miyabi,gpu,cpp,kokkos,team/uvm,kokkos-uvm,baseline,,32,128,128,128,2097152,1.010134e+01,5.527441e+00,4.642701e-06,1.026478e+01,1.025215e+01,1.449740e-01,diffusion/results/miyabi/kokkos-team-uvm.log
Kokkos,miyabi,gpu,cpp,kokkos,team/uvm,kokkos-uvm,baseline,,32,128,128,128,2097152,1.010237e+01,5.526879e+00,4.642701e-06,1.026772e+01,1.022784e+01,1.719810e-01,diffusion/results/miyabi/kokkos-team-uvm.log
Kokkos,miyabi,gpu,cpp,kokkos,team/uvm,kokkos-uvm,baseline,,32,128,128,128,2097152,1.010042e+01,5.527947e+00,4.642701e-06,1.026459e+01,1.024511e+01,1.520040e-01,diffusion/results/miyabi/kokkos-team-uvm.log
Kokkos,miyabi,gpu,cpp,kokkos,team/uvm,kokkos-uvm,baseline,,32,256,256,256,16777216,1.100295e+01,1.014902e+01,9.780909e-07,1.117776e+01,1.116611e+01,1.426290e-01,diffusion/results/miyabi/kokkos-team-uvm.log
Kokkos,miyabi,gpu,cpp,kokkos,team/uvm,kokkos-uvm,baseline,,32,256,256,256,16777216,1.099017e+01,1.016082e+01,9.780909e-07,1.116673e+01,1.114784e+01,1.517400e-01,diffusion/results/miyabi/kokkos-team-uvm.log
Kokkos,miyabi,gpu,cpp,kokkos,team/uvm,kokkos-uvm,baseline,,32,256,256,256,16777216,1.099624e+01,1.015521e+01,9.780909e-07,1.117850e+01,1.112713e+01,1.819140e-01,diffusion/results/miyabi/kokkos-team-uvm.log
Kokkos,miyabi,gpu,cpp,kokkos,team/uvm,kokkos-uvm,baseline,,32,512,512,512,134217728,1.125968e+01,1.983522e+01,2.556756e-07,1.149461e+01,1.148899e+01,1.415890e-01,diffusion/results/miyabi/kokkos-team-uvm.log
Kokkos,miyabi,gpu,cpp,kokkos,team/uvm,kokkos-uvm,baseline,,32,512,512,512,134217728,1.124615e+01,1.985909e+01,2.556756e-07,1.148100e+01,1.105219e+01,5.621370e-01,diffusion/results/miyabi/kokkos-team-uvm.log
Kokkos,miyabi,gpu,cpp,kokkos,team/uvm,kokkos-uvm,baseline,,32,512,512,512,134217728,1.125329e+01,1.984649e+01,2.556756e-07,1.148840e+01,1.147285e+01,1.495680e-01,diffusion/results/miyabi/kokkos-team-uvm.log
Kokkos,miyabi,gpu,cpp,kokkos,mdrange/cpu-tile-sweep,kokkos-default,tile-sweep,x2y4z16,32,32,32,32,32768,2.913530e-01,4.790973e+01,4.467876e-06,5.638769e-01,2.990130e-01,3.879090e-01,diffusion/results/miyabi/kokkos-mdrange-cpu-tile-sweep.log
Kokkos,miyabi,gpu,cpp,kokkos,mdrange/cpu-tile-sweep,kokkos-default,tile-sweep,x2y4z16,32,32,32,32,32768,2.868010e-01,4.867014e+01,4.467876e-06,4.586689e-01,4.017070e-01,1.943740e-01,diffusion/results/miyabi/kokkos-mdrange-cpu-tile-sweep.log
Kokkos,miyabi,gpu,cpp,kokkos,mdrange/cpu-tile-sweep,kokkos-default,tile-sweep,x2y4z16,32,32,32,32,32768,2.913600e-01,4.790858e+01,4.467876e-06,4.582970e-01,3.891790e-01,2.075620e-01,diffusion/results/miyabi/kokkos-mdrange-cpu-tile-sweep.log
Kokkos,miyabi,gpu,cpp,kokkos,mdrange/cpu-tile-sweep,kokkos-default,tile-sweep,x2y4z16,32,64,64,64,262144,9.136400e-02,3.055611e+02,1.146017e-05,2.587700e-01,1.615470e-01,3.129970e-01,diffusion/results/miyabi/kokkos-mdrange-cpu-tile-sweep.log
Kokkos,miyabi,gpu,cpp,kokkos,mdrange/cpu-tile-sweep,kokkos-default,tile-sweep,x2y4z16,32,64,64,64,262144,9.151800e-02,3.050470e+02,1.146017e-05,2.616179e-01,1.469370e-01,2.497930e-01,diffusion/results/miyabi/kokkos-mdrange-cpu-tile-sweep.log
Kokkos,miyabi,gpu,cpp,kokkos,mdrange/cpu-tile-sweep,kokkos-default,tile-sweep,x2y4z16,32,64,64,64,262144,9.172000e-02,3.043751e+02,1.146017e-05,2.607400e-01,1.528710e-01,2.445940e-01,diffusion/results/miyabi/kokkos-mdrange-cpu-tile-sweep.log
Kokkos,miyabi,gpu,cpp,kokkos,mdrange/cpu-tile-sweep,kokkos-default,tile-sweep,x2y4z16,32,128,128,128,2097152,5.731600e-02,9.741534e+02,4.642701e-06,2.240028e-01,1.352850e-01,2.254760e-01,diffusion/results/miyabi/kokkos-mdrange-cpu-tile-sweep.log
Kokkos,miyabi,gpu,cpp,kokkos,mdrange/cpu-tile-sweep,kokkos-default,tile-sweep,x2y4z16,32,128,128,128,2097152,5.692100e-02,9.809135e+02,4.642701e-06,1.518919e-01,1.343110e-01,1.534990e-01,diffusion/results/miyabi/kokkos-mdrange-cpu-tile-sweep.log
Kokkos,miyabi,gpu,cpp,kokkos,mdrange/cpu-tile-sweep,kokkos-default,tile-sweep,x2y4z16,32,128,128,128,2097152,5.684300e-02,9.822595e+02,4.642701e-06,1.530259e-01,1.421530e-01,1.421530e-01,diffusion/results/miyabi/kokkos-mdrange-cpu-tile-sweep.log
Kokkos,miyabi,gpu,cpp,kokkos,mdrange/cpu-tile-sweep,kokkos-default,tile-sweep,x2y4z16,32,256,256,256,16777216,7.994700e-02,1.396790e+03,9.780909e-07,1.714292e-01,1.542660e-01,1.542660e-01,diffusion/results/miyabi/kokkos-mdrange-cpu-tile-sweep.log
Kokkos,miyabi,gpu,cpp,kokkos,mdrange/cpu-tile-sweep,kokkos-default,tile-sweep,x2y4z16,32,256,256,256,16777216,8.012700e-02,1.393652e+03,9.780909e-07,1.753290e-01,1.662280e-01,1.477580e-01,diffusion/results/miyabi/kokkos-mdrange-cpu-tile-sweep.log
Kokkos,miyabi,gpu,cpp,kokkos,mdrange/cpu-tile-sweep,kokkos-default,tile-sweep,x2y4z16,32,256,256,256,16777216,8.002800e-02,1.395376e+03,9.780909e-07,1.840980e-01,1.525260e-01,1.694740e-01,diffusion/results/miyabi/kokkos-mdrange-cpu-tile-sweep.log
Kokkos,miyabi,gpu,cpp,kokkos,mdrange/cpu-tile-sweep,kokkos-default,tile-sweep,x2y4z16,32,512,512,512,134217728,1.515840e-01,1.473363e+03,2.556756e-07,2.523739e-01,2.812080e-01,1.093580e-01,diffusion/results/miyabi/kokkos-mdrange-cpu-tile-sweep.log
Kokkos,miyabi,gpu,cpp,kokkos,mdrange/cpu-tile-sweep,kokkos-default,tile-sweep,x2y4z16,32,512,512,512,134217728,1.514780e-01,1.474394e+03,2.556756e-07,3.257461e-01,2.461410e-01,2.171830e-01,diffusion/results/miyabi/kokkos-mdrange-cpu-tile-sweep.log
Kokkos,miyabi,gpu,cpp,kokkos,mdrange/cpu-tile-sweep,kokkos-default,tile-sweep,x2y4z16,32,512,512,512,134217728,1.516810e-01,1.472421e+03,2.556756e-07,3.288169e-01,2.397000e-01,2.256000e-01,diffusion/results/miyabi/kokkos-mdrange-cpu-tile-sweep.log
Kokkos,miyabi,gpu,cpp,kokkos,mdrange/uvm-tile-sweep,kokkos-uvm,tile-sweep,x2y4z16,32,32,32,32,32768,2.954370e-01,4.724745e+01,4.467876e-06,5.703139e-01,3.189950e-01,3.686170e-01,diffusion/results/miyabi/kokkos-mdrange-uvm-tile-sweep.log
Kokkos,miyabi,gpu,cpp,kokkos,mdrange/uvm-tile-sweep,kokkos-uvm,tile-sweep,x2y4z16,32,32,32,32,32768,2.904760e-01,4.805438e+01,4.467876e-06,4.594641e-01,3.889420e-01,2.074360e-01,diffusion/results/miyabi/kokkos-mdrange-uvm-tile-sweep.log
Kokkos,miyabi,gpu,cpp,kokkos,mdrange/uvm-tile-sweep,kokkos-uvm,tile-sweep,x2y4z16,32,32,32,32,32768,2.952390e-01,4.727913e+01,4.467876e-06,4.674540e-01,3.861420e-01,2.188130e-01,diffusion/results/miyabi/kokkos-mdrange-uvm-tile-sweep.log
Kokkos,miyabi,gpu,cpp,kokkos,mdrange/uvm-tile-sweep,kokkos-uvm,tile-sweep,x2y4z16,32,64,64,64,262144,9.093900e-02,3.069892e+02,1.146017e-05,2.609601e-01,1.373920e-01,2.595180e-01,diffusion/results/miyabi/kokkos-mdrange-uvm-tile-sweep.log
Kokkos,miyabi,gpu,cpp,kokkos,mdrange/uvm-tile-sweep,kokkos-uvm,tile-sweep,x2y4z16,32,64,64,64,262144,9.252000e-02,3.017433e+02,1.146017e-05,1.919811e-01,2.061800e-01,1.202710e-01,diffusion/results/miyabi/kokkos-mdrange-uvm-tile-sweep.log
Kokkos,miyabi,gpu,cpp,kokkos,mdrange/uvm-tile-sweep,kokkos-uvm,tile-sweep,x2y4z16,32,64,64,64,262144,9.198700e-02,3.034917e+02,1.146017e-05,1.900060e-01,1.729880e-01,1.545850e-01,diffusion/results/miyabi/kokkos-mdrange-uvm-tile-sweep.log
Kokkos,miyabi,gpu,cpp,kokkos,mdrange/uvm-tile-sweep,kokkos-uvm,tile-sweep,x2y4z16,32,128,128,128,2097152,5.698000e-02,9.798978e+02,4.642701e-06,2.281861e-01,9.140100e-02,2.742050e-01,diffusion/results/miyabi/kokkos-mdrange-uvm-tile-sweep.log
Kokkos,miyabi,gpu,cpp,kokkos,mdrange/uvm-tile-sweep,kokkos-uvm,tile-sweep,x2y4z16,32,128,128,128,2097152,5.696800e-02,9.801042e+02,4.642701e-06,2.243440e-01,1.147090e-01,2.458060e-01,diffusion/results/miyabi/kokkos-mdrange-uvm-tile-sweep.log
Kokkos,miyabi,gpu,cpp,kokkos,mdrange/uvm-tile-sweep,kokkos-uvm,tile-sweep,x2y4z16,32,128,128,128,2097152,5.686500e-02,9.818794e+02,4.642701e-06,2.211931e-01,1.246140e-01,2.336510e-01,diffusion/results/miyabi/kokkos-mdrange-uvm-tile-sweep.log
Kokkos,miyabi,gpu,cpp,kokkos,mdrange/uvm-tile-sweep,kokkos-uvm,tile-sweep,x2y4z16,32,256,256,256,16777216,7.995700e-02,1.396615e+03,9.780909e-07,2.528079e-01,1.563940e-01,2.345920e-01,diffusion/results/miyabi/kokkos-mdrange-uvm-tile-sweep.log
Kokkos,miyabi,gpu,cpp,kokkos,mdrange/uvm-tile-sweep,kokkos-uvm,tile-sweep,x2y4z16,32,256,256,256,16777216,7.996200e-02,1.396528e+03,9.780909e-07,2.705951e-01,1.742910e-01,2.323890e-01,diffusion/results/miyabi/kokkos-mdrange-uvm-tile-sweep.log
Kokkos,miyabi,gpu,cpp,kokkos,mdrange/uvm-tile-sweep,kokkos-uvm,tile-sweep,x2y4z16,32,256,256,256,16777216,7.997100e-02,1.396371e+03,9.780909e-07,2.503490e-01,1.412090e-01,2.471160e-01,diffusion/results/miyabi/kokkos-mdrange-uvm-tile-sweep.log
Kokkos,miyabi,gpu,cpp,kokkos,mdrange/uvm-tile-sweep,kokkos-uvm,tile-sweep,x2y4z16,32,512,512,512,134217728,1.514300e-01,1.474862e+03,2.556756e-07,4.218881e-01,5.457880e-01,5.457880e-01,diffusion/results/miyabi/kokkos-mdrange-uvm-tile-sweep.log
Kokkos,miyabi,gpu,cpp,kokkos,mdrange/uvm-tile-sweep,kokkos-uvm,tile-sweep,x2y4z16,32,512,512,512,134217728,1.514650e-01,1.474521e+03,2.556756e-07,3.589621e-01,1.967840e-01,2.998610e-01,diffusion/results/miyabi/kokkos-mdrange-uvm-tile-sweep.log
Kokkos,miyabi,gpu,cpp,kokkos,mdrange/uvm-tile-sweep,kokkos-uvm,tile-sweep,x2y4z16,32,512,512,512,134217728,1.514050e-01,1.475105e+03,2.556756e-07,3.561471e-01,2.876190e-01,2.054420e-01,diffusion/results/miyabi/kokkos-mdrange-uvm-tile-sweep.log
Kokkos,miyabi,gpu,cpp,kokkos,mdrange/baseline,kokkos-default,baseline,,64,32,32,32,32768,3.325260e-01,4.197760e+01,2.677097e-09,6.101201e-01,3.507850e-01,3.786250e-01,diffusion//tmp/claude-16304/dlogs/kokkos-mdrange-baseline-fp64.log
Kokkos,miyabi,gpu,cpp,kokkos,mdrange/baseline,kokkos-default,baseline,,64,32,32,32,32768,3.285250e-01,4.248883e+01,2.677097e-09,5.006070e-01,4.317180e-01,2.031610e-01,diffusion//tmp/claude-16304/dlogs/kokkos-mdrange-baseline-fp64.log
Kokkos,miyabi,gpu,cpp,kokkos,mdrange/baseline,kokkos-default,baseline,,64,32,32,32,32768,3.322050e-01,4.201816e+01,2.677097e-09,5.012710e-01,4.371180e-01,1.998250e-01,diffusion//tmp/claude-16304/dlogs/kokkos-mdrange-baseline-fp64.log
Kokkos,miyabi,gpu,cpp,kokkos,mdrange/baseline,kokkos-default,baseline,,64,64,64,64,262144,1.482710e-01,1.882856e+02,1.448939e-07,3.120670e-01,1.860260e-01,2.630030e-01,diffusion//tmp/claude-16304/dlogs/kokkos-mdrange-baseline-fp64.log
Kokkos,miyabi,gpu,cpp,kokkos,mdrange/baseline,kokkos-default,baseline,,64,64,64,64,262144,1.484520e-01,1.880560e+02,1.448939e-07,3.148451e-01,2.377870e-01,2.098120e-01,diffusion//tmp/claude-16304/dlogs/kokkos-mdrange-baseline-fp64.log
Kokkos,miyabi,gpu,cpp,kokkos,mdrange/baseline,kokkos-default,baseline,,64,64,64,64,262144,1.482660e-01,1.882919e+02,1.448939e-07,3.115470e-01,2.439540e-01,2.009040e-01,diffusion//tmp/claude-16304/dlogs/kokkos-mdrange-baseline-fp64.log
Kokkos,miyabi,gpu,cpp,kokkos,mdrange/baseline,kokkos-default,baseline,,64,128,128,128,2097152,1.650110e-01,3.383688e+02,4.691762e-06,3.285251e-01,2.447660e-01,2.175690e-01,diffusion//tmp/claude-16304/dlogs/kokkos-mdrange-baseline-fp64.log
Kokkos,miyabi,gpu,cpp,kokkos,mdrange/baseline,kokkos-default,baseline,,64,128,128,128,2097152,1.647030e-01,3.390016e+02,4.691762e-06,3.360810e-01,2.243670e-01,2.468040e-01,diffusion//tmp/claude-16304/dlogs/kokkos-mdrange-baseline-fp64.log
Kokkos,miyabi,gpu,cpp,kokkos,mdrange/baseline,kokkos-default,baseline,,64,128,128,128,2097152,1.651890e-01,3.380042e+02,4.691762e-06,3.291211e-01,2.326930e-01,2.326930e-01,diffusion//tmp/claude-16304/dlogs/kokkos-mdrange-baseline-fp64.log
Kokkos,miyabi,gpu,cpp,kokkos,mdrange/baseline,kokkos-default,baseline,,64,256,256,256,16777216,3.036480e-01,3.677586e+02,1.890133e-07,4.746730e-01,3.864120e-01,2.243680e-01,diffusion//tmp/claude-16304/dlogs/kokkos-mdrange-baseline-fp64.log
Kokkos,miyabi,gpu,cpp,kokkos,mdrange/baseline,kokkos-default,baseline,,64,256,256,256,16777216,3.039520e-01,3.673907e+02,1.890133e-07,4.724829e-01,4.053390e-01,2.026690e-01,diffusion//tmp/claude-16304/dlogs/kokkos-mdrange-baseline-fp64.log
Kokkos,miyabi,gpu,cpp,kokkos,mdrange/baseline,kokkos-default,baseline,,64,256,256,256,16777216,3.039530e-01,3.673895e+02,1.890133e-07,4.996829e-01,3.986370e-01,2.366910e-01,diffusion//tmp/claude-16304/dlogs/kokkos-mdrange-baseline-fp64.log
Kokkos,miyabi,gpu,cpp,kokkos,mdrange/baseline,kokkos-default,baseline,,64,512,512,512,134217728,1.128126e+00,1.979728e+02,2.312551e-08,1.325545e+00,1.250968e+00,2.084940e-01,diffusion//tmp/claude-16304/dlogs/kokkos-mdrange-baseline-fp64.log
Kokkos,miyabi,gpu,cpp,kokkos,mdrange/baseline,kokkos-default,baseline,,64,512,512,512,134217728,1.139497e+00,1.959973e+02,2.312551e-08,1.315675e+00,1.275114e+00,1.758770e-01,diffusion//tmp/claude-16304/dlogs/kokkos-mdrange-baseline-fp64.log
Kokkos,miyabi,gpu,cpp,kokkos,mdrange/baseline,kokkos-default,baseline,,64,512,512,512,134217728,1.127879e+00,1.980162e+02,2.312551e-08,1.300200e+00,1.265283e+00,1.650360e-01,diffusion//tmp/claude-16304/dlogs/kokkos-mdrange-baseline-fp64.log
Kokkos,miyabi,gpu,cpp,kokkos,mdrange/cpu-tile-sweep,kokkos-default,tile-sweep,x2y4z16,64,32,32,32,32768,3.006420e-01,4.642945e+01,2.677097e-09,5.727921e-01,2.995000e-01,3.916540e-01,diffusion//tmp/claude-16304/dlogs/kokkos-mdrange-cpu-tile-sweep-fp64.log
Kokkos,miyabi,gpu,cpp,kokkos,mdrange/cpu-tile-sweep,kokkos-default,tile-sweep,x2y4z16,64,32,32,32,32768,3.007150e-01,4.641818e+01,2.677097e-09,4.757271e-01,3.078640e-01,3.027330e-01,diffusion//tmp/claude-16304/dlogs/kokkos-mdrange-cpu-tile-sweep-fp64.log
Kokkos,miyabi,gpu,cpp,kokkos,mdrange/cpu-tile-sweep,kokkos-default,tile-sweep,x2y4z16,64,32,32,32,32768,3.009410e-01,4.638332e+01,2.677097e-09,4.711671e-01,3.904710e-01,2.141290e-01,diffusion//tmp/claude-16304/dlogs/kokkos-mdrange-cpu-tile-sweep-fp64.log
Kokkos,miyabi,gpu,cpp,kokkos,mdrange/cpu-tile-sweep,kokkos-default,tile-sweep,x2y4z16,64,64,64,64,262144,1.099550e-01,2.538974e+02,1.448939e-07,2.761629e-01,1.752450e-01,2.336600e-01,diffusion//tmp/claude-16304/dlogs/kokkos-mdrange-cpu-tile-sweep-fp64.log
Kokkos,miyabi,gpu,cpp,kokkos,mdrange/cpu-tile-sweep,kokkos-default,tile-sweep,x2y4z16,64,64,64,64,262144,1.087920e-01,2.566116e+02,1.448939e-07,2.873909e-01,1.583370e-01,2.590970e-01,diffusion//tmp/claude-16304/dlogs/kokkos-mdrange-cpu-tile-sweep-fp64.log
Kokkos,miyabi,gpu,cpp,kokkos,mdrange/cpu-tile-sweep,kokkos-default,tile-sweep,x2y4z16,64,64,64,64,262144,1.093280e-01,2.553535e+02,1.448939e-07,2.062111e-01,1.781410e-01,1.619460e-01,diffusion//tmp/claude-16304/dlogs/kokkos-mdrange-cpu-tile-sweep-fp64.log
Kokkos,miyabi,gpu,cpp,kokkos,mdrange/cpu-tile-sweep,kokkos-default,tile-sweep,x2y4z16,64,128,128,128,2097152,9.195800e-02,6.071747e+02,4.691762e-06,2.025511e-01,1.674840e-01,1.674840e-01,diffusion//tmp/claude-16304/dlogs/kokkos-mdrange-cpu-tile-sweep-fp64.log
Kokkos,miyabi,gpu,cpp,kokkos,mdrange/cpu-tile-sweep,kokkos-default,tile-sweep,x2y4z16,64,128,128,128,2097152,9.186200e-02,6.078093e+02,4.691762e-06,1.920829e-01,1.791460e-01,1.465740e-01,diffusion//tmp/claude-16304/dlogs/kokkos-mdrange-cpu-tile-sweep-fp64.log
Kokkos,miyabi,gpu,cpp,kokkos,mdrange/cpu-tile-sweep,kokkos-default,tile-sweep,x2y4z16,64,128,128,128,2097152,9.147500e-02,6.103807e+02,4.691762e-06,1.934140e-01,1.522780e-01,1.691980e-01,diffusion//tmp/claude-16304/dlogs/kokkos-mdrange-cpu-tile-sweep-fp64.log
Kokkos,miyabi,gpu,cpp,kokkos,mdrange/cpu-tile-sweep,kokkos-default,tile-sweep,x2y4z16,64,256,256,256,16777216,1.482660e-01,7.531676e+02,1.890133e-07,2.435961e-01,2.262760e-01,1.508500e-01,diffusion//tmp/claude-16304/dlogs/kokkos-mdrange-cpu-tile-sweep-fp64.log
Kokkos,miyabi,gpu,cpp,kokkos,mdrange/cpu-tile-sweep,kokkos-default,tile-sweep,x2y4z16,64,256,256,256,16777216,1.479470e-01,7.547916e+02,1.890133e-07,2.631710e-01,2.280560e-01,1.672410e-01,diffusion//tmp/claude-16304/dlogs/kokkos-mdrange-cpu-tile-sweep-fp64.log
Kokkos,miyabi,gpu,cpp,kokkos,mdrange/cpu-tile-sweep,kokkos-default,tile-sweep,x2y4z16,64,256,256,256,16777216,1.479980e-01,7.545315e+02,1.890133e-07,3.691161e-01,2.256080e-01,2.773090e-01,diffusion//tmp/claude-16304/dlogs/kokkos-mdrange-cpu-tile-sweep-fp64.log
Kokkos,miyabi,gpu,cpp,kokkos,mdrange/cpu-tile-sweep,kokkos-default,tile-sweep,x2y4z16,64,512,512,512,134217728,2.875050e-01,7.768154e+02,2.312551e-08,4.965451e-01,3.885000e-01,2.381130e-01,diffusion//tmp/claude-16304/dlogs/kokkos-mdrange-cpu-tile-sweep-fp64.log
Kokkos,miyabi,gpu,cpp,kokkos,mdrange/cpu-tile-sweep,kokkos-default,tile-sweep,x2y4z16,64,512,512,512,134217728,2.876010e-01,7.765561e+02,2.312551e-08,5.090730e-01,3.917070e-01,2.527140e-01,diffusion//tmp/claude-16304/dlogs/kokkos-mdrange-cpu-tile-sweep-fp64.log
Kokkos,miyabi,gpu,cpp,kokkos,mdrange/cpu-tile-sweep,kokkos-default,tile-sweep,x2y4z16,64,512,512,512,134217728,2.873810e-01,7.771505e+02,2.312551e-08,4.621320e-01,3.141510e-01,2.837500e-01,diffusion//tmp/claude-16304/dlogs/kokkos-mdrange-cpu-tile-sweep-fp64.log
Kokkos,miyabi,gpu,cpp,kokkos,mdrange/uvm,kokkos-uvm,baseline,,64,32,32,32,32768,3.291080e-01,4.241357e+01,2.677097e-09,5.976949e-01,4.328940e-01,2.801080e-01,diffusion//tmp/claude-16304/dlogs/kokkos-mdrange-uvm-fp64.log
Kokkos,miyabi,gpu,cpp,kokkos,mdrange/uvm,kokkos-uvm,baseline,,64,32,32,32,32768,3.271240e-01,4.267080e+01,2.677097e-09,4.914062e-01,3.183570e-01,3.024400e-01,diffusion//tmp/claude-16304/dlogs/kokkos-mdrange-uvm-fp64.log
Kokkos,miyabi,gpu,cpp,kokkos,mdrange/uvm,kokkos-uvm,baseline,,64,32,32,32,32768,3.269610e-01,4.269208e+01,2.677097e-09,4.881160e-01,4.283650e-01,1.889840e-01,diffusion//tmp/claude-16304/dlogs/kokkos-mdrange-uvm-fp64.log
Kokkos,miyabi,gpu,cpp,kokkos,mdrange/uvm,kokkos-uvm,baseline,,64,64,64,64,262144,1.494930e-01,1.867465e+02,1.448939e-07,3.095629e-01,2.283780e-01,2.141040e-01,diffusion//tmp/claude-16304/dlogs/kokkos-mdrange-uvm-fp64.log
Kokkos,miyabi,gpu,cpp,kokkos,mdrange/uvm,kokkos-uvm,baseline,,64,64,64,64,262144,1.486450e-01,1.878118e+02,1.448939e-07,3.132820e-01,2.293640e-01,2.150290e-01,diffusion//tmp/claude-16304/dlogs/kokkos-mdrange-uvm-fp64.log
Kokkos,miyabi,gpu,cpp,kokkos,mdrange/uvm,kokkos-uvm,baseline,,64,64,64,64,262144,1.503800e-01,1.856449e+02,1.448939e-07,3.102369e-01,2.068210e-01,2.343970e-01,diffusion//tmp/claude-16304/dlogs/kokkos-mdrange-uvm-fp64.log
Kokkos,miyabi,gpu,cpp,kokkos,mdrange/uvm,kokkos-uvm,baseline,,64,128,128,128,2097152,1.655880e-01,3.371897e+02,4.691762e-06,3.348989e-01,4.719380e-01,5.533070e-01,diffusion//tmp/claude-16304/dlogs/kokkos-mdrange-uvm-fp64.log
Kokkos,miyabi,gpu,cpp,kokkos,mdrange/uvm,kokkos-uvm,baseline,,64,128,128,128,2097152,1.662670e-01,3.358127e+02,4.691762e-06,3.393650e-01,2.290990e-01,2.425750e-01,diffusion//tmp/claude-16304/dlogs/kokkos-mdrange-uvm-fp64.log
Kokkos,miyabi,gpu,cpp,kokkos,mdrange/uvm,kokkos-uvm,baseline,,64,128,128,128,2097152,1.657310e-01,3.368988e+02,4.691762e-06,3.311582e-01,1.791770e-01,2.848450e-01,diffusion//tmp/claude-16304/dlogs/kokkos-mdrange-uvm-fp64.log
Kokkos,miyabi,gpu,cpp,kokkos,mdrange/uvm,kokkos-uvm,baseline,,64,256,256,256,16777216,3.034730e-01,3.679706e+02,1.890133e-07,4.805350e-01,3.246410e-01,2.885700e-01,diffusion//tmp/claude-16304/dlogs/kokkos-mdrange-uvm-fp64.log
Kokkos,miyabi,gpu,cpp,kokkos,mdrange/uvm,kokkos-uvm,baseline,,64,256,256,256,16777216,3.032940e-01,3.681878e+02,1.890133e-07,4.797740e-01,3.248650e-01,2.887690e-01,diffusion//tmp/claude-16304/dlogs/kokkos-mdrange-uvm-fp64.log
Kokkos,miyabi,gpu,cpp,kokkos,mdrange/uvm,kokkos-uvm,baseline,,64,256,256,256,16777216,3.037840e-01,3.675939e+02,1.890133e-07,4.804981e-01,3.156420e-01,2.987330e-01,diffusion//tmp/claude-16304/dlogs/kokkos-mdrange-uvm-fp64.log
Kokkos,miyabi,gpu,cpp,kokkos,mdrange/uvm,kokkos-uvm,baseline,,64,512,512,512,134217728,1.126763e+00,1.982123e+02,2.312551e-08,1.383282e+00,1.214878e+00,3.012890e-01,diffusion//tmp/claude-16304/dlogs/kokkos-mdrange-uvm-fp64.log
Kokkos,miyabi,gpu,cpp,kokkos,mdrange/uvm,kokkos-uvm,baseline,,64,512,512,512,134217728,1.131759e+00,1.973373e+02,2.312551e-08,1.378042e+00,1.345962e+00,1.641410e-01,diffusion//tmp/claude-16304/dlogs/kokkos-mdrange-uvm-fp64.log
Kokkos,miyabi,gpu,cpp,kokkos,mdrange/uvm,kokkos-uvm,baseline,,64,512,512,512,134217728,1.126742e+00,1.982160e+02,2.312551e-08,1.397406e+00,1.318605e+00,2.109760e-01,diffusion//tmp/claude-16304/dlogs/kokkos-mdrange-uvm-fp64.log
Kokkos,miyabi,gpu,cpp,kokkos,mdrange/uvm-tile-sweep,kokkos-uvm,tile-sweep,x2y4z16,64,32,32,32,32768,2.994500e-01,4.661427e+01,2.677097e-09,5.710499e-01,3.748040e-01,3.123370e-01,diffusion//tmp/claude-16304/dlogs/kokkos-mdrange-uvm-tile-sweep-fp64.log
Kokkos,miyabi,gpu,cpp,kokkos,mdrange/uvm-tile-sweep,kokkos-uvm,tile-sweep,x2y4z16,64,32,32,32,32768,2.980590e-01,4.683181e+01,2.677097e-09,4.638069e-01,3.890320e-01,2.074830e-01,diffusion//tmp/claude-16304/dlogs/kokkos-mdrange-uvm-tile-sweep-fp64.log
Kokkos,miyabi,gpu,cpp,kokkos,mdrange/uvm-tile-sweep,kokkos-uvm,tile-sweep,x2y4z16,64,32,32,32,32768,2.993260e-01,4.663358e+01,2.677097e-09,4.636030e-01,4.156950e-01,1.818660e-01,diffusion//tmp/claude-16304/dlogs/kokkos-mdrange-uvm-tile-sweep-fp64.log
Kokkos,miyabi,gpu,cpp,kokkos,mdrange/uvm-tile-sweep,kokkos-uvm,tile-sweep,x2y4z16,64,64,64,64,262144,1.089890e-01,2.561478e+02,1.448939e-07,2.841570e-01,1.788380e-01,2.384510e-01,diffusion//tmp/claude-16304/dlogs/kokkos-mdrange-uvm-tile-sweep-fp64.log
Kokkos,miyabi,gpu,cpp,kokkos,mdrange/uvm-tile-sweep,kokkos-uvm,tile-sweep,x2y4z16,64,64,64,64,262144,1.099830e-01,2.538328e+02,1.448939e-07,2.751532e-01,1.897720e-01,2.189670e-01,diffusion//tmp/claude-16304/dlogs/kokkos-mdrange-uvm-tile-sweep-fp64.log
Kokkos,miyabi,gpu,cpp,kokkos,mdrange/uvm-tile-sweep,kokkos-uvm,tile-sweep,x2y4z16,64,64,64,64,262144,1.103720e-01,2.529381e+02,1.448939e-07,2.791290e-01,1.919870e-01,2.215240e-01,diffusion//tmp/claude-16304/dlogs/kokkos-mdrange-uvm-tile-sweep-fp64.log
Kokkos,miyabi,gpu,cpp,kokkos,mdrange/uvm-tile-sweep,kokkos-uvm,tile-sweep,x2y4z16,64,128,128,128,2097152,9.240900e-02,6.042114e+02,4.691762e-06,2.603650e-01,1.600520e-01,2.328040e-01,diffusion//tmp/claude-16304/dlogs/kokkos-mdrange-uvm-tile-sweep-fp64.log
Kokkos,miyabi,gpu,cpp,kokkos,mdrange/uvm-tile-sweep,kokkos-uvm,tile-sweep,x2y4z16,64,128,128,128,2097152,9.287000e-02,6.012122e+02,4.691762e-06,2.604260e-01,1.579610e-01,2.342180e-01,diffusion//tmp/claude-16304/dlogs/kokkos-mdrange-uvm-tile-sweep-fp64.log
Kokkos,miyabi,gpu,cpp,kokkos,mdrange/uvm-tile-sweep,kokkos-uvm,tile-sweep,x2y4z16,64,128,128,128,2097152,9.238700e-02,6.043553e+02,4.691762e-06,2.573221e-01,1.498740e-01,2.397980e-01,diffusion//tmp/claude-16304/dlogs/kokkos-mdrange-uvm-tile-sweep-fp64.log
Kokkos,miyabi,gpu,cpp,kokkos,mdrange/uvm-tile-sweep,kokkos-uvm,tile-sweep,x2y4z16,64,256,256,256,16777216,1.492190e-01,7.483574e+02,1.890133e-07,3.214760e-01,2.038540e-01,2.526010e-01,diffusion//tmp/claude-16304/dlogs/kokkos-mdrange-uvm-tile-sweep-fp64.log
Kokkos,miyabi,gpu,cpp,kokkos,mdrange/uvm-tile-sweep,kokkos-uvm,tile-sweep,x2y4z16,64,256,256,256,16777216,1.491980e-01,7.484628e+02,1.890133e-07,3.255079e-01,2.230400e-01,2.369800e-01,diffusion//tmp/claude-16304/dlogs/kokkos-mdrange-uvm-tile-sweep-fp64.log
Kokkos,miyabi,gpu,cpp,kokkos,mdrange/uvm-tile-sweep,kokkos-uvm,tile-sweep,x2y4z16,64,256,256,256,16777216,1.490190e-01,7.493618e+02,1.890133e-07,3.268070e-01,2.369530e-01,2.230150e-01,diffusion//tmp/claude-16304/dlogs/kokkos-mdrange-uvm-tile-sweep-fp64.log
Kokkos,miyabi,gpu,cpp,kokkos,mdrange/uvm-tile-sweep,kokkos-uvm,tile-sweep,x2y4z16,64,512,512,512,134217728,2.896760e-01,7.709935e+02,2.312551e-08,5.395138e-01,4.769970e-01,1.956910e-01,diffusion//tmp/claude-16304/dlogs/kokkos-mdrange-uvm-tile-sweep-fp64.log
Kokkos,miyabi,gpu,cpp,kokkos,mdrange/uvm-tile-sweep,kokkos-uvm,tile-sweep,x2y4z16,64,512,512,512,134217728,2.897500e-01,7.707965e+02,2.312551e-08,5.504539e-01,4.608010e-01,2.182740e-01,diffusion//tmp/claude-16304/dlogs/kokkos-mdrange-uvm-tile-sweep-fp64.log
Kokkos,miyabi,gpu,cpp,kokkos,mdrange/uvm-tile-sweep,kokkos-uvm,tile-sweep,x2y4z16,64,512,512,512,134217728,2.896120e-01,7.711638e+02,2.312551e-08,5.339391e-01,3.770040e-01,2.908320e-01,diffusion//tmp/claude-16304/dlogs/kokkos-mdrange-uvm-tile-sweep-fp64.log
Kokkos,miyabi,gpu,cpp,kokkos,range/baseline,kokkos-default,baseline,,64,32,32,32,32768,1.029382e+01,1.356022e+00,2.677097e-09,1.056067e+01,1.044701e+01,2.348880e-01,diffusion//tmp/claude-16304/dlogs/kokkos-range-baseline-fp64.log
Kokkos,miyabi,gpu,cpp,kokkos,range/baseline,kokkos-default,baseline,,64,32,32,32,32768,1.028290e+01,1.357461e+00,2.677097e-09,1.045496e+01,1.005577e+01,5.373310e-01,diffusion//tmp/claude-16304/dlogs/kokkos-range-baseline-fp64.log
Kokkos,miyabi,gpu,cpp,kokkos,range/baseline,kokkos-default,baseline,,64,32,32,32,32768,1.028449e+01,1.357252e+00,2.677097e-09,1.044493e+01,1.043565e+01,1.417060e-01,diffusion//tmp/claude-16304/dlogs/kokkos-range-baseline-fp64.log
Kokkos,miyabi,gpu,cpp,kokkos,range/baseline,kokkos-default,baseline,,64,64,64,64,262144,1.374422e+01,2.031202e+00,1.448939e-07,1.390613e+01,1.387117e+01,1.714980e-01,diffusion//tmp/claude-16304/dlogs/kokkos-range-baseline-fp64.log
Kokkos,miyabi,gpu,cpp,kokkos,range/baseline,kokkos-default,baseline,,64,64,64,64,262144,1.374533e+01,2.031037e+00,1.448939e-07,1.390666e+01,1.389075e+01,1.514250e-01,diffusion//tmp/claude-16304/dlogs/kokkos-range-baseline-fp64.log
Kokkos,miyabi,gpu,cpp,kokkos,range/baseline,kokkos-default,baseline,,64,64,64,64,262144,1.373749e+01,2.032197e+00,1.448939e-07,1.389738e+01,1.389033e+01,1.422880e-01,diffusion//tmp/claude-16304/dlogs/kokkos-range-baseline-fp64.log
Kokkos,miyabi,gpu,cpp,kokkos,range/baseline,kokkos-default,baseline,,64,128,128,128,2097152,2.614854e+01,2.135285e+00,4.691762e-06,2.631375e+01,2.629829e+01,1.507350e-01,diffusion//tmp/claude-16304/dlogs/kokkos-range-baseline-fp64.log
Kokkos,miyabi,gpu,cpp,kokkos,range/baseline,kokkos-default,baseline,,64,128,128,128,2097152,2.614926e+01,2.135226e+00,4.691762e-06,2.631231e+01,2.626050e+01,1.879590e-01,diffusion//tmp/claude-16304/dlogs/kokkos-range-baseline-fp64.log
Kokkos,miyabi,gpu,cpp,kokkos,range/baseline,kokkos-default,baseline,,64,128,128,128,2097152,2.614767e+01,2.135356e+00,4.691762e-06,2.631064e+01,2.629416e+01,1.512450e-01,diffusion//tmp/claude-16304/dlogs/kokkos-range-baseline-fp64.log
Kokkos,miyabi,gpu,cpp,kokkos,range/baseline,kokkos-default,baseline,,64,256,256,256,16777216,2.675309e+01,4.174065e+00,1.890133e-07,2.692974e+01,2.690458e+01,1.607440e-01,diffusion//tmp/claude-16304/dlogs/kokkos-range-baseline-fp64.log
Kokkos,miyabi,gpu,cpp,kokkos,range/baseline,kokkos-default,baseline,,64,256,256,256,16777216,2.675995e+01,4.172995e+00,1.890133e-07,2.693608e+01,2.691730e+01,1.529000e-01,diffusion//tmp/claude-16304/dlogs/kokkos-range-baseline-fp64.log
Kokkos,miyabi,gpu,cpp,kokkos,range/baseline,kokkos-default,baseline,,64,256,256,256,16777216,2.676081e+01,4.172861e+00,1.890133e-07,2.693648e+01,2.691202e+01,1.607880e-01,diffusion//tmp/claude-16304/dlogs/kokkos-range-baseline-fp64.log
Kokkos,miyabi,gpu,cpp,kokkos,range/baseline,kokkos-default,baseline,,64,512,512,512,134217728,2.662164e+01,8.389352e+00,2.312551e-08,2.684082e+01,2.633623e+01,6.375620e-01,diffusion//tmp/claude-16304/dlogs/kokkos-range-baseline-fp64.log
Kokkos,miyabi,gpu,cpp,kokkos,range/baseline,kokkos-default,baseline,,64,512,512,512,134217728,2.667607e+01,8.372236e+00,2.312551e-08,2.688660e+01,2.686922e+01,1.506680e-01,diffusion//tmp/claude-16304/dlogs/kokkos-range-baseline-fp64.log
Kokkos,miyabi,gpu,cpp,kokkos,range/baseline,kokkos-default,baseline,,64,512,512,512,134217728,2.662320e+01,8.388861e+00,2.312551e-08,2.683570e+01,2.680958e+01,1.620030e-01,diffusion//tmp/claude-16304/dlogs/kokkos-range-baseline-fp64.log
Kokkos,miyabi,gpu,cpp,kokkos,range/baseline-fused,kokkos-default,fused,,64,32,32,32,32768,3.193620e-01,4.370790e+01,2.677097e-09,5.865571e-01,4.064530e-01,2.988620e-01,diffusion//tmp/claude-16304/dlogs/kokkos-range-baseline-fused-fp64.log
Kokkos,miyabi,gpu,cpp,kokkos,range/baseline-fused,kokkos-default,fused,,64,32,32,32,32768,3.191970e-01,4.373050e+01,2.677097e-09,4.948680e-01,4.152720e-01,2.139280e-01,diffusion//tmp/claude-16304/dlogs/kokkos-range-baseline-fused-fp64.log
Kokkos,miyabi,gpu,cpp,kokkos,range/baseline-fused,kokkos-default,fused,,64,32,32,32,32768,3.177990e-01,4.392287e+01,2.677097e-09,4.828942e-01,4.250420e-01,1.932010e-01,diffusion//tmp/claude-16304/dlogs/kokkos-range-baseline-fused-fp64.log
Kokkos,miyabi,gpu,cpp,kokkos,range/baseline-fused,kokkos-default,fused,,64,64,64,64,262144,9.169400e-02,3.044614e+02,1.448939e-07,2.607081e-01,1.609310e-01,2.340820e-01,diffusion//tmp/claude-16304/dlogs/kokkos-range-baseline-fused-fp64.log
Kokkos,miyabi,gpu,cpp,kokkos,range/baseline-fused,kokkos-default,fused,,64,64,64,64,262144,9.147900e-02,3.051770e+02,1.448939e-07,2.597640e-01,1.517890e-01,2.428630e-01,diffusion//tmp/claude-16304/dlogs/kokkos-range-baseline-fused-fp64.log
Kokkos,miyabi,gpu,cpp,kokkos,range/baseline-fused,kokkos-default,fused,,64,64,64,64,262144,9.169900e-02,3.044448e+02,1.448939e-07,2.565489e-01,1.808870e-01,2.110350e-01,diffusion//tmp/claude-16304/dlogs/kokkos-range-baseline-fused-fp64.log
Kokkos,miyabi,gpu,cpp,kokkos,range/baseline-fused,kokkos-default,fused,,64,128,128,128,2097152,4.784300e-02,1.167037e+03,4.691762e-06,2.166278e-01,1.184290e-01,2.330380e-01,diffusion//tmp/claude-16304/dlogs/kokkos-range-baseline-fused-fp64.log
Kokkos,miyabi,gpu,cpp,kokkos,range/baseline-fused,kokkos-default,fused,,64,128,128,128,2097152,4.760300e-02,1.172921e+03,4.691762e-06,1.430569e-01,1.021240e-01,1.736110e-01,diffusion//tmp/claude-16304/dlogs/kokkos-range-baseline-fused-fp64.log
Kokkos,miyabi,gpu,cpp,kokkos,range/baseline-fused,kokkos-default,fused,,64,128,128,128,2097152,4.709300e-02,1.185624e+03,4.691762e-06,1.421058e-01,1.184130e-01,1.578850e-01,diffusion//tmp/claude-16304/dlogs/kokkos-range-baseline-fused-fp64.log
Kokkos,miyabi,gpu,cpp,kokkos,range/baseline-fused,kokkos-default,fused,,64,256,256,256,16777216,5.963400e-02,1.872575e+03,1.890133e-07,1.528099e-01,1.345520e-01,1.537740e-01,diffusion//tmp/claude-16304/dlogs/kokkos-range-baseline-fused-fp64.log
Kokkos,miyabi,gpu,cpp,kokkos,range/baseline-fused,kokkos-default,fused,,64,256,256,256,16777216,5.831400e-02,1.914963e+03,1.890133e-07,1.561530e-01,1.265090e-01,1.626550e-01,diffusion//tmp/claude-16304/dlogs/kokkos-range-baseline-fused-fp64.log
Kokkos,miyabi,gpu,cpp,kokkos,range/baseline-fused,kokkos-default,fused,,64,256,256,256,16777216,5.829700e-02,1.915521e+03,1.890133e-07,1.566589e-01,1.269490e-01,1.632200e-01,diffusion//tmp/claude-16304/dlogs/kokkos-range-baseline-fused-fp64.log
Kokkos,miyabi,gpu,cpp,kokkos,range/baseline-fused,kokkos-default,fused,,64,512,512,512,134217728,1.188200e-01,1.879636e+03,2.312551e-08,2.631719e-01,1.906210e-01,2.052840e-01,diffusion//tmp/claude-16304/dlogs/kokkos-range-baseline-fused-fp64.log
Kokkos,miyabi,gpu,cpp,kokkos,range/baseline-fused,kokkos-default,fused,,64,512,512,512,134217728,1.184480e-01,1.885539e+03,2.312551e-08,2.920330e-01,1.763290e-01,2.498000e-01,diffusion//tmp/claude-16304/dlogs/kokkos-range-baseline-fused-fp64.log
Kokkos,miyabi,gpu,cpp,kokkos,range/baseline-fused,kokkos-default,fused,,64,512,512,512,134217728,1.193300e-01,1.871602e+03,2.312551e-08,2.968931e-01,1.864500e-01,2.438190e-01,diffusion//tmp/claude-16304/dlogs/kokkos-range-baseline-fused-fp64.log
Kokkos,miyabi,gpu,cpp,kokkos,range/cpu-sweep,kokkos-default,opt-level-sweep,fast,64,32,32,32,32768,1.016619e+01,1.373046e+00,2.677097e-09,1.043382e+01,1.030683e+01,2.427510e-01,diffusion//tmp/claude-16304/dlogs/kokkos-range-cpu-sweep-fp64.log
Kokkos,miyabi,gpu,cpp,kokkos,range/cpu-sweep,kokkos-default,opt-level-sweep,fast,64,32,32,32,32768,1.023556e+01,1.363740e+00,2.677097e-09,1.040439e+01,1.036492e+01,1.739120e-01,diffusion//tmp/claude-16304/dlogs/kokkos-range-cpu-sweep-fp64.log
Kokkos,miyabi,gpu,cpp,kokkos,range/cpu-sweep,kokkos-default,opt-level-sweep,fast,64,32,32,32,32768,1.023841e+01,1.363360e+00,2.677097e-09,1.040209e+01,1.035961e+01,1.767430e-01,diffusion//tmp/claude-16304/dlogs/kokkos-range-cpu-sweep-fp64.log
Kokkos,miyabi,gpu,cpp,kokkos,range/cpu-sweep,kokkos-default,opt-level-sweep,fast,64,64,64,64,262144,1.373632e+01,2.032370e+00,1.448939e-07,1.389951e+01,1.387194e+01,1.625890e-01,diffusion//tmp/claude-16304/dlogs/kokkos-range-cpu-sweep-fp64.log
Kokkos,miyabi,gpu,cpp,kokkos,range/cpu-sweep,kokkos-default,opt-level-sweep,fast,64,64,64,64,262144,1.373732e+01,2.032222e+00,1.448939e-07,1.390105e+01,1.353277e+01,5.048090e-01,diffusion//tmp/claude-16304/dlogs/kokkos-range-cpu-sweep-fp64.log
Kokkos,miyabi,gpu,cpp,kokkos,range/cpu-sweep,kokkos-default,opt-level-sweep,fast,64,64,64,64,262144,1.374105e+01,2.031670e+00,1.448939e-07,1.390641e+01,1.352287e+01,5.190010e-01,diffusion//tmp/claude-16304/dlogs/kokkos-range-cpu-sweep-fp64.log
Kokkos,miyabi,gpu,cpp,kokkos,range/cpu-sweep,kokkos-default,opt-level-sweep,fast,64,128,128,128,2097152,2.615570e+01,2.134700e+00,4.691762e-06,2.632099e+01,2.629582e+01,1.607690e-01,diffusion//tmp/claude-16304/dlogs/kokkos-range-cpu-sweep-fp64.log
Kokkos,miyabi,gpu,cpp,kokkos,range/cpu-sweep,kokkos-default,opt-level-sweep,fast,64,128,128,128,2097152,2.615658e+01,2.134628e+00,4.691762e-06,2.632182e+01,2.627186e+01,1.844490e-01,diffusion//tmp/claude-16304/dlogs/kokkos-range-cpu-sweep-fp64.log
Kokkos,miyabi,gpu,cpp,kokkos,range/cpu-sweep,kokkos-default,opt-level-sweep,fast,64,128,128,128,2097152,2.615678e+01,2.134612e+00,4.691762e-06,2.633113e+01,2.596013e+01,5.092140e-01,diffusion//tmp/claude-16304/dlogs/kokkos-range-cpu-sweep-fp64.log
Kokkos,miyabi,gpu,cpp,kokkos,range/cpu-sweep,kokkos-default,opt-level-sweep,fast,64,256,256,256,16777216,2.679977e+01,4.166795e+00,1.890133e-07,2.698076e+01,2.696242e+01,1.506840e-01,diffusion//tmp/claude-16304/dlogs/kokkos-range-cpu-sweep-fp64.log
Kokkos,miyabi,gpu,cpp,kokkos,range/cpu-sweep,kokkos-default,opt-level-sweep,fast,64,256,256,256,16777216,2.679758e+01,4.167136e+00,1.890133e-07,2.704356e+01,2.694945e+01,1.623990e-01,diffusion//tmp/claude-16304/dlogs/kokkos-range-cpu-sweep-fp64.log
Kokkos,miyabi,gpu,cpp,kokkos,range/cpu-sweep,kokkos-default,opt-level-sweep,fast,64,256,256,256,16777216,2.680086e+01,4.166626e+00,1.890133e-07,2.697679e+01,2.696154e+01,1.507350e-01,diffusion//tmp/claude-16304/dlogs/kokkos-range-cpu-sweep-fp64.log
Kokkos,miyabi,gpu,cpp,kokkos,range/cpu-sweep,kokkos-default,opt-level-sweep,fast,64,512,512,512,134217728,2.662489e+01,8.388328e+00,2.312551e-08,2.683844e+01,2.678315e+01,1.932990e-01,diffusion//tmp/claude-16304/dlogs/kokkos-range-cpu-sweep-fp64.log
Kokkos,miyabi,gpu,cpp,kokkos,range/cpu-sweep,kokkos-default,opt-level-sweep,fast,64,512,512,512,134217728,2.670249e+01,8.363950e+00,2.312551e-08,2.691383e+01,2.689472e+01,1.531640e-01,diffusion//tmp/claude-16304/dlogs/kokkos-range-cpu-sweep-fp64.log
Kokkos,miyabi,gpu,cpp,kokkos,range/cpu-sweep,kokkos-default,opt-level-sweep,fast,64,512,512,512,134217728,2.670622e+01,8.362782e+00,2.312551e-08,2.691827e+01,2.689114e+01,1.620350e-01,diffusion//tmp/claude-16304/dlogs/kokkos-range-cpu-sweep-fp64.log
Kokkos,miyabi,gpu,cpp,kokkos,range/uvm,kokkos-uvm,baseline,,64,32,32,32,32768,1.019908e+01,1.368618e+00,2.677097e-09,1.048310e+01,1.033186e+01,2.644350e-01,diffusion//tmp/claude-16304/dlogs/kokkos-range-uvm-fp64.log
Kokkos,miyabi,gpu,cpp,kokkos,range/uvm,kokkos-uvm,baseline,,64,32,32,32,32768,1.020101e+01,1.368359e+00,2.677097e-09,1.036732e+01,1.034985e+01,1.519050e-01,diffusion//tmp/claude-16304/dlogs/kokkos-range-uvm-fp64.log
Kokkos,miyabi,gpu,cpp,kokkos,range/uvm,kokkos-uvm,baseline,,64,32,32,32,32768,1.019612e+01,1.369015e+00,2.677097e-09,1.036507e+01,1.034332e+01,1.563450e-01,diffusion//tmp/claude-16304/dlogs/kokkos-range-uvm-fp64.log
Kokkos,miyabi,gpu,cpp,kokkos,range/uvm,kokkos-uvm,baseline,,64,64,64,64,262144,1.426888e+01,1.956515e+00,1.448939e-07,1.443169e+01,1.404739e+01,5.177410e-01,diffusion//tmp/claude-16304/dlogs/kokkos-range-uvm-fp64.log
Kokkos,miyabi,gpu,cpp,kokkos,range/uvm,kokkos-uvm,baseline,,64,64,64,64,262144,1.430108e+01,1.952111e+00,1.448939e-07,1.446407e+01,1.433965e+01,2.573170e-01,diffusion//tmp/claude-16304/dlogs/kokkos-range-uvm-fp64.log
Kokkos,miyabi,gpu,cpp,kokkos,range/uvm,kokkos-uvm,baseline,,64,64,64,64,262144,1.437678e+01,1.941832e+00,1.448939e-07,1.454158e+01,1.418547e+01,4.911460e-01,diffusion//tmp/claude-16304/dlogs/kokkos-range-uvm-fp64.log
Kokkos,miyabi,gpu,cpp,kokkos,range/uvm,kokkos-uvm,baseline,,64,128,128,128,2097152,2.617906e+01,2.132796e+00,4.691762e-06,2.634509e+01,2.634031e+01,1.406960e-01,diffusion//tmp/claude-16304/dlogs/kokkos-range-uvm-fp64.log
Kokkos,miyabi,gpu,cpp,kokkos,range/uvm,kokkos-uvm,baseline,,64,128,128,128,2097152,2.615222e+01,2.134984e+00,4.691762e-06,2.631914e+01,2.628188e+01,1.730560e-01,diffusion//tmp/claude-16304/dlogs/kokkos-range-uvm-fp64.log
Kokkos,miyabi,gpu,cpp,kokkos,range/uvm,kokkos-uvm,baseline,,64,128,128,128,2097152,2.615201e+01,2.135001e+00,4.691762e-06,2.631745e+01,2.597441e+01,4.795570e-01,diffusion//tmp/claude-16304/dlogs/kokkos-range-uvm-fp64.log
Kokkos,miyabi,gpu,cpp,kokkos,range/uvm,kokkos-uvm,baseline,,64,256,256,256,16777216,2.665293e+01,4.189751e+00,1.890133e-07,2.683500e+01,2.641489e+01,5.580600e-01,diffusion//tmp/claude-16304/dlogs/kokkos-range-uvm-fp64.log
Kokkos,miyabi,gpu,cpp,kokkos,range/uvm,kokkos-uvm,baseline,,64,256,256,256,16777216,2.663001e+01,4.193358e+00,1.890133e-07,2.681337e+01,2.680810e+01,1.413460e-01,diffusion//tmp/claude-16304/dlogs/kokkos-range-uvm-fp64.log
Kokkos,miyabi,gpu,cpp,kokkos,range/uvm,kokkos-uvm,baseline,,64,256,256,256,16777216,2.664926e+01,4.190329e+00,1.890133e-07,2.683449e+01,2.679924e+01,1.708230e-01,diffusion//tmp/claude-16304/dlogs/kokkos-range-uvm-fp64.log
Kokkos,miyabi,gpu,cpp,kokkos,range/uvm,kokkos-uvm,baseline,,64,512,512,512,134217728,2.662129e+01,8.389461e+00,2.312551e-08,2.690291e+01,2.641953e+01,6.166840e-01,diffusion//tmp/claude-16304/dlogs/kokkos-range-uvm-fp64.log
Kokkos,miyabi,gpu,cpp,kokkos,range/uvm,kokkos-uvm,baseline,,64,512,512,512,134217728,2.668662e+01,8.368924e+00,2.312551e-08,2.697008e+01,2.694485e+01,1.607440e-01,diffusion//tmp/claude-16304/dlogs/kokkos-range-uvm-fp64.log
Kokkos,miyabi,gpu,cpp,kokkos,range/uvm,kokkos-uvm,baseline,,64,512,512,512,134217728,2.668241e+01,8.370245e+00,2.312551e-08,2.696363e+01,2.692867e+01,1.712490e-01,diffusion//tmp/claude-16304/dlogs/kokkos-range-uvm-fp64.log
Kokkos,miyabi,gpu,cpp,kokkos,range/uvm-fused,kokkos-uvm,fused,,64,32,32,32,32768,3.169080e-01,4.404636e+01,2.677097e-09,6.027091e-01,3.943940e-01,3.231840e-01,diffusion//tmp/claude-16304/dlogs/kokkos-range-uvm-fused-fp64.log
Kokkos,miyabi,gpu,cpp,kokkos,range/uvm-fused,kokkos-uvm,fused,,64,32,32,32,32768,3.151890e-01,4.428658e+01,2.677097e-09,4.851379e-01,3.924210e-01,2.242400e-01,diffusion//tmp/claude-16304/dlogs/kokkos-range-uvm-fused-fp64.log
Kokkos,miyabi,gpu,cpp,kokkos,range/uvm-fused,kokkos-uvm,fused,,64,32,32,32,32768,3.211160e-01,4.346916e+01,2.677097e-09,4.859052e-01,4.159790e-01,2.016870e-01,diffusion//tmp/claude-16304/dlogs/kokkos-range-uvm-fused-fp64.log
Kokkos,miyabi,gpu,cpp,kokkos,range/uvm-fused,kokkos-uvm,fused,,64,64,64,64,262144,9.124200e-02,3.059697e+02,1.448939e-07,2.577190e-01,1.354300e-01,2.558130e-01,diffusion//tmp/claude-16304/dlogs/kokkos-range-uvm-fused-fp64.log
Kokkos,miyabi,gpu,cpp,kokkos,range/uvm-fused,kokkos-uvm,fused,,64,64,64,64,262144,9.143900e-02,3.053105e+02,1.448939e-07,2.562139e-01,1.493230e-01,2.389160e-01,diffusion//tmp/claude-16304/dlogs/kokkos-range-uvm-fused-fp64.log
Kokkos,miyabi,gpu,cpp,kokkos,range/uvm-fused,kokkos-uvm,fused,,64,64,64,64,262144,9.139700e-02,3.054508e+02,1.448939e-07,2.561178e-01,1.074950e-01,2.794870e-01,diffusion//tmp/claude-16304/dlogs/kokkos-range-uvm-fused-fp64.log
Kokkos,miyabi,gpu,cpp,kokkos,range/uvm-fused,kokkos-uvm,fused,,64,128,128,128,2097152,4.727300e-02,1.181109e+03,4.691762e-06,2.148900e-01,9.935600e-02,2.483900e-01,diffusion//tmp/claude-16304/dlogs/kokkos-range-uvm-fused-fp64.log
Kokkos,miyabi,gpu,cpp,kokkos,range/uvm-fused,kokkos-uvm,fused,,64,128,128,128,2097152,4.726800e-02,1.181234e+03,4.691762e-06,1.444530e-01,1.372640e-01,1.414240e-01,diffusion//tmp/claude-16304/dlogs/kokkos-range-uvm-fused-fp64.log
Kokkos,miyabi,gpu,cpp,kokkos,range/uvm-fused,kokkos-uvm,fused,,64,128,128,128,2097152,4.719800e-02,1.182986e+03,4.691762e-06,1.458352e-01,1.292780e-01,1.477470e-01,diffusion//tmp/claude-16304/dlogs/kokkos-range-uvm-fused-fp64.log
Kokkos,miyabi,gpu,cpp,kokkos,range/uvm-fused,kokkos-uvm,fused,,64,256,256,256,16777216,5.917600e-02,1.887068e+03,1.890133e-07,1.659701e-01,1.400520e-01,1.575580e-01,diffusion//tmp/claude-16304/dlogs/kokkos-range-uvm-fused-fp64.log
Kokkos,miyabi,gpu,cpp,kokkos,range/uvm-fused,kokkos-uvm,fused,,64,256,256,256,16777216,5.839700e-02,1.912241e+03,1.890133e-07,1.658399e-01,1.399450e-01,1.574390e-01,diffusion//tmp/claude-16304/dlogs/kokkos-range-uvm-fused-fp64.log
Kokkos,miyabi,gpu,cpp,kokkos,range/uvm-fused,kokkos-uvm,fused,,64,256,256,256,16777216,5.878900e-02,1.899491e+03,1.890133e-07,2.388949e-01,1.744290e-01,1.982150e-01,diffusion//tmp/claude-16304/dlogs/kokkos-range-uvm-fused-fp64.log
Kokkos,miyabi,gpu,cpp,kokkos,range/uvm-fused,kokkos-uvm,fused,,64,512,512,512,134217728,1.173970e-01,1.902419e+03,2.312551e-08,2.888999e-01,2.749540e-01,1.447120e-01,diffusion//tmp/claude-16304/dlogs/kokkos-range-uvm-fused-fp64.log
Kokkos,miyabi,gpu,cpp,kokkos,range/uvm-fused,kokkos-uvm,fused,,64,512,512,512,134217728,1.155500e-01,1.932828e+03,2.312551e-08,3.688469e-01,2.843950e-01,2.166820e-01,diffusion//tmp/claude-16304/dlogs/kokkos-range-uvm-fused-fp64.log
Kokkos,miyabi,gpu,cpp,kokkos,range/uvm-fused,kokkos-uvm,fused,,64,512,512,512,134217728,1.131270e-01,1.974226e+03,2.312551e-08,3.557432e-01,2.575860e-01,2.304720e-01,diffusion//tmp/claude-16304/dlogs/kokkos-range-uvm-fused-fp64.log
Kokkos,miyabi,gpu,cpp,kokkos,range/uvm-sweep,kokkos-uvm,opt-level-sweep,fast,64,32,32,32,32768,1.014372e+01,1.376088e+00,2.677097e-09,1.048452e+01,1.027451e+01,2.575170e-01,diffusion//tmp/claude-16304/dlogs/kokkos-range-uvm-sweep-fp64.log
Kokkos,miyabi,gpu,cpp,kokkos,range/uvm-sweep,kokkos-uvm,opt-level-sweep,fast,64,32,32,32,32768,1.014578e+01,1.375808e+00,2.677097e-09,1.031263e+01,1.028397e+01,1.619520e-01,diffusion//tmp/claude-16304/dlogs/kokkos-range-uvm-sweep-fp64.log
Kokkos,miyabi,gpu,cpp,kokkos,range/uvm-sweep,kokkos-uvm,opt-level-sweep,fast,64,32,32,32,32768,1.014459e+01,1.375970e+00,2.677097e-09,1.030829e+01,1.024829e+01,1.942020e-01,diffusion//tmp/claude-16304/dlogs/kokkos-range-uvm-sweep-fp64.log
Kokkos,miyabi,gpu,cpp,kokkos,range/uvm-sweep,kokkos-uvm,opt-level-sweep,fast,64,64,64,64,262144,1.425579e+01,1.958312e+00,1.448939e-07,1.441745e+01,1.439015e+01,1.617610e-01,diffusion//tmp/claude-16304/dlogs/kokkos-range-uvm-sweep-fp64.log
Kokkos,miyabi,gpu,cpp,kokkos,range/uvm-sweep,kokkos-uvm,opt-level-sweep,fast,64,64,64,64,262144,1.425774e+01,1.958044e+00,1.448939e-07,1.442080e+01,1.437135e+01,1.814050e-01,diffusion//tmp/claude-16304/dlogs/kokkos-range-uvm-sweep-fp64.log
Kokkos,miyabi,gpu,cpp,kokkos,range/uvm-sweep,kokkos-uvm,opt-level-sweep,fast,64,64,64,64,262144,1.425320e+01,1.958668e+00,1.448939e-07,1.441560e+01,1.439583e+01,1.518800e-01,diffusion//tmp/claude-16304/dlogs/kokkos-range-uvm-sweep-fp64.log
Kokkos,miyabi,gpu,cpp,kokkos,range/uvm-sweep,kokkos-uvm,opt-level-sweep,fast,64,128,128,128,2097152,2.596815e+01,2.150117e+00,4.691762e-06,2.613624e+01,2.589307e+01,3.766980e-01,diffusion//tmp/claude-16304/dlogs/kokkos-range-uvm-sweep-fp64.log
Kokkos,miyabi,gpu,cpp,kokkos,range/uvm-sweep,kokkos-uvm,opt-level-sweep,fast,64,128,128,128,2097152,2.596828e+01,2.150107e+00,4.691762e-06,2.613381e+01,2.571310e+01,5.574920e-01,diffusion//tmp/claude-16304/dlogs/kokkos-range-uvm-sweep-fp64.log
Kokkos,miyabi,gpu,cpp,kokkos,range/uvm-sweep,kokkos-uvm,opt-level-sweep,fast,64,128,128,128,2097152,2.596875e+01,2.150068e+00,4.691762e-06,2.613689e+01,2.610276e+01,1.687220e-01,diffusion//tmp/claude-16304/dlogs/kokkos-range-uvm-sweep-fp64.log
Kokkos,miyabi,gpu,cpp,kokkos,range/uvm-sweep,kokkos-uvm,opt-level-sweep,fast,64,256,256,256,16777216,2.645376e+01,4.221295e+00,1.890133e-07,2.663568e+01,2.662981e+01,1.406850e-01,diffusion//tmp/claude-16304/dlogs/kokkos-range-uvm-sweep-fp64.log
Kokkos,miyabi,gpu,cpp,kokkos,range/uvm-sweep,kokkos-uvm,opt-level-sweep,fast,64,256,256,256,16777216,2.643096e+01,4.224938e+00,1.890133e-07,2.669384e+01,2.620469e+01,5.579630e-01,diffusion//tmp/claude-16304/dlogs/kokkos-range-uvm-sweep-fp64.log
Kokkos,miyabi,gpu,cpp,kokkos,range/uvm-sweep,kokkos-uvm,opt-level-sweep,fast,64,256,256,256,16777216,2.643709e+01,4.223957e+00,1.890133e-07,2.662352e+01,2.658758e+01,1.708190e-01,diffusion//tmp/claude-16304/dlogs/kokkos-range-uvm-sweep-fp64.log
Kokkos,miyabi,gpu,cpp,kokkos,range/uvm-sweep,kokkos-uvm,opt-level-sweep,fast,64,512,512,512,134217728,2.648236e+01,8.433475e+00,2.312551e-08,2.676556e+01,2.631594e+01,5.874090e-01,diffusion//tmp/claude-16304/dlogs/kokkos-range-uvm-sweep-fp64.log
Kokkos,miyabi,gpu,cpp,kokkos,range/uvm-sweep,kokkos-uvm,opt-level-sweep,fast,64,512,512,512,134217728,2.646686e+01,8.438414e+00,2.312551e-08,2.674844e+01,2.671387e+01,1.707910e-01,diffusion//tmp/claude-16304/dlogs/kokkos-range-uvm-sweep-fp64.log
Kokkos,miyabi,gpu,cpp,kokkos,range/uvm-sweep,kokkos-uvm,opt-level-sweep,fast,64,512,512,512,134217728,2.647133e+01,8.436988e+00,2.312551e-08,2.675581e+01,2.671962e+01,1.713650e-01,diffusion//tmp/claude-16304/dlogs/kokkos-range-uvm-sweep-fp64.log
Kokkos,miyabi,gpu,cpp,kokkos,team/baseline,kokkos-default,baseline,,64,32,32,32,32768,1.021690e+01,1.366231e+00,2.677097e-09,1.048624e+01,1.034043e+01,2.630630e-01,diffusion//tmp/claude-16304/dlogs/kokkos-team-baseline-fp64.log
Kokkos,miyabi,gpu,cpp,kokkos,team/baseline,kokkos-default,baseline,,64,32,32,32,32768,1.021093e+01,1.367029e+00,2.677097e-09,1.038111e+01,1.035123e+01,1.638900e-01,diffusion//tmp/claude-16304/dlogs/kokkos-team-baseline-fp64.log
Kokkos,miyabi,gpu,cpp,kokkos,team/baseline,kokkos-default,baseline,,64,32,32,32,32768,1.022411e+01,1.365268e+00,2.677097e-09,1.038555e+01,1.035791e+01,1.620000e-01,diffusion//tmp/claude-16304/dlogs/kokkos-team-baseline-fp64.log
Kokkos,miyabi,gpu,cpp,kokkos,team/baseline,kokkos-default,baseline,,64,64,64,64,262144,1.018898e+01,2.739950e+00,1.448939e-07,1.035155e+01,1.032599e+01,1.528350e-01,diffusion//tmp/claude-16304/dlogs/kokkos-team-baseline-fp64.log
Kokkos,miyabi,gpu,cpp,kokkos,team/baseline,kokkos-default,baseline,,64,64,64,64,262144,1.018976e+01,2.739739e+00,1.448939e-07,1.035274e+01,1.034014e+01,1.417840e-01,diffusion//tmp/claude-16304/dlogs/kokkos-team-baseline-fp64.log
Kokkos,miyabi,gpu,cpp,kokkos,team/baseline,kokkos-default,baseline,,64,64,64,64,262144,1.019031e+01,2.739591e+00,1.448939e-07,1.035316e+01,1.035445e+01,1.315810e-01,diffusion//tmp/claude-16304/dlogs/kokkos-team-baseline-fp64.log
Kokkos,miyabi,gpu,cpp,kokkos,team/baseline,kokkos-default,baseline,,64,128,128,128,2097152,1.094874e+01,5.099636e+00,4.691762e-06,1.111216e+01,1.073342e+01,5.142890e-01,diffusion//tmp/claude-16304/dlogs/kokkos-team-baseline-fp64.log
Kokkos,miyabi,gpu,cpp,kokkos,team/baseline,kokkos-default,baseline,,64,128,128,128,2097152,1.098147e+01,5.084436e+00,4.691762e-06,1.114569e+01,1.111852e+01,1.618710e-01,diffusion//tmp/claude-16304/dlogs/kokkos-team-baseline-fp64.log
Kokkos,miyabi,gpu,cpp,kokkos,team/baseline,kokkos-default,baseline,,64,128,128,128,2097152,1.097202e+01,5.088816e+00,4.691762e-06,1.113600e+01,1.080394e+01,4.660150e-01,diffusion//tmp/claude-16304/dlogs/kokkos-team-baseline-fp64.log
Kokkos,miyabi,gpu,cpp,kokkos,team/baseline,kokkos-default,baseline,,64,256,256,256,16777216,1.270140e+01,8.791879e+00,1.890133e-07,1.287456e+01,1.285245e+01,1.537880e-01,diffusion//tmp/claude-16304/dlogs/kokkos-team-baseline-fp64.log
Kokkos,miyabi,gpu,cpp,kokkos,team/baseline,kokkos-default,baseline,,64,256,256,256,16777216,1.270076e+01,8.792324e+00,1.890133e-07,1.287658e+01,1.285646e+01,1.514900e-01,diffusion//tmp/claude-16304/dlogs/kokkos-team-baseline-fp64.log
Kokkos,miyabi,gpu,cpp,kokkos,team/baseline,kokkos-default,baseline,,64,256,256,256,16777216,1.269267e+01,8.797922e+00,1.890133e-07,1.287853e+01,1.286167e+01,1.515510e-01,diffusion//tmp/claude-16304/dlogs/kokkos-team-baseline-fp64.log
Kokkos,miyabi,gpu,cpp,kokkos,team/baseline,kokkos-default,baseline,,64,512,512,512,134217728,1.305671e+01,1.710525e+01,2.312551e-08,1.326900e+01,1.324012e+01,1.634630e-01,diffusion//tmp/claude-16304/dlogs/kokkos-team-baseline-fp64.log
Kokkos,miyabi,gpu,cpp,kokkos,team/baseline,kokkos-default,baseline,,64,512,512,512,134217728,1.305528e+01,1.710712e+01,2.312551e-08,1.326569e+01,1.324897e+01,1.514740e-01,diffusion//tmp/claude-16304/dlogs/kokkos-team-baseline-fp64.log
Kokkos,miyabi,gpu,cpp,kokkos,team/baseline,kokkos-default,baseline,,64,512,512,512,134217728,1.305114e+01,1.711255e+01,2.312551e-08,1.326234e+01,1.324525e+01,1.515470e-01,diffusion//tmp/claude-16304/dlogs/kokkos-team-baseline-fp64.log
Kokkos,miyabi,gpu,cpp,kokkos,team/cpu-chunk-sweep,kokkos-default,chunk-sweep,chunk8,64,32,32,32,32768,4.799129e+00,2.908579e+00,2.677097e-09,5.063906e+00,4.934990e+00,2.457250e-01,diffusion//tmp/claude-16304/dlogs/kokkos-team-cpu-chunk-sweep-fp64.log
Kokkos,miyabi,gpu,cpp,kokkos,team/cpu-chunk-sweep,kokkos-default,chunk-sweep,chunk8,64,32,32,32,32768,4.804120e+00,2.905557e+00,2.677097e-09,4.970617e+00,4.927772e+00,1.745250e-01,diffusion//tmp/claude-16304/dlogs/kokkos-team-cpu-chunk-sweep-fp64.log
Kokkos,miyabi,gpu,cpp,kokkos,team/cpu-chunk-sweep,kokkos-default,chunk-sweep,chunk8,64,32,32,32,32768,4.797369e+00,2.909646e+00,2.677097e-09,4.958575e+00,4.928958e+00,1.639570e-01,diffusion//tmp/claude-16304/dlogs/kokkos-team-cpu-chunk-sweep-fp64.log
Kokkos,miyabi,gpu,cpp,kokkos,team/cpu-chunk-sweep,kokkos-default,chunk-sweep,chunk8,64,64,64,64,262144,4.496825e+00,6.208222e+00,1.448939e-07,4.660804e+00,4.312756e+00,4.833260e-01,diffusion//tmp/claude-16304/dlogs/kokkos-team-cpu-chunk-sweep-fp64.log
Kokkos,miyabi,gpu,cpp,kokkos,team/cpu-chunk-sweep,kokkos-default,chunk-sweep,chunk8,64,64,64,64,262144,4.496810e+00,6.208243e+00,1.448939e-07,4.658964e+00,4.372660e+00,4.202760e-01,diffusion//tmp/claude-16304/dlogs/kokkos-team-cpu-chunk-sweep-fp64.log
Kokkos,miyabi,gpu,cpp,kokkos,team/cpu-chunk-sweep,kokkos-default,chunk-sweep,chunk8,64,64,64,64,262144,4.496946e+00,6.208055e+00,1.448939e-07,4.659680e+00,4.619825e+00,1.745260e-01,diffusion//tmp/claude-16304/dlogs/kokkos-team-cpu-chunk-sweep-fp64.log
Kokkos,miyabi,gpu,cpp,kokkos,team/cpu-chunk-sweep,kokkos-default,chunk-sweep,chunk8,64,128,128,128,2097152,5.216470e+00,1.070352e+01,4.691762e-06,5.381163e+00,5.010068e+00,5.845070e-01,diffusion//tmp/claude-16304/dlogs/kokkos-team-cpu-chunk-sweep-fp64.log
Kokkos,miyabi,gpu,cpp,kokkos,team/cpu-chunk-sweep,kokkos-default,chunk-sweep,chunk8,64,128,128,128,2097152,5.248854e+00,1.063748e+01,4.691762e-06,5.415462e+00,5.398785e+00,1.784210e-01,diffusion//tmp/claude-16304/dlogs/kokkos-team-cpu-chunk-sweep-fp64.log
Kokkos,miyabi,gpu,cpp,kokkos,team/cpu-chunk-sweep,kokkos-default,chunk-sweep,chunk8,64,128,128,128,2097152,5.030027e+00,1.110025e+01,4.691762e-06,5.194682e+00,4.905300e+00,4.238030e-01,diffusion//tmp/claude-16304/dlogs/kokkos-team-cpu-chunk-sweep-fp64.log
Kokkos,miyabi,gpu,cpp,kokkos,team/cpu-chunk-sweep,kokkos-default,chunk-sweep,chunk8,64,256,256,256,16777216,6.282264e+00,1.777530e+01,1.890133e-07,6.455286e+00,6.432331e+00,1.529080e-01,diffusion//tmp/claude-16304/dlogs/kokkos-team-cpu-chunk-sweep-fp64.log
Kokkos,miyabi,gpu,cpp,kokkos,team/cpu-chunk-sweep,kokkos-default,chunk-sweep,chunk8,64,256,256,256,16777216,6.336871e+00,1.762213e+01,1.890133e-07,6.512078e+00,6.502564e+00,1.431380e-01,diffusion//tmp/claude-16304/dlogs/kokkos-team-cpu-chunk-sweep-fp64.log
Kokkos,miyabi,gpu,cpp,kokkos,team/cpu-chunk-sweep,kokkos-default,chunk-sweep,chunk8,64,256,256,256,16777216,6.320411e+00,1.766802e+01,1.890133e-07,6.497359e+00,6.488948e+00,1.428380e-01,diffusion//tmp/claude-16304/dlogs/kokkos-team-cpu-chunk-sweep-fp64.log
Kokkos,miyabi,gpu,cpp,kokkos,team/cpu-chunk-sweep,kokkos-default,chunk-sweep,chunk8,64,512,512,512,134217728,6.728886e+00,3.319098e+01,2.312551e-08,6.939701e+00,6.750657e+00,3.223900e-01,diffusion//tmp/claude-16304/dlogs/kokkos-team-cpu-chunk-sweep-fp64.log
Kokkos,miyabi,gpu,cpp,kokkos,team/cpu-chunk-sweep,kokkos-default,chunk-sweep,chunk8,64,512,512,512,134217728,6.729498e+00,3.318796e+01,2.312551e-08,6.941111e+00,6.893299e+00,1.832780e-01,diffusion//tmp/claude-16304/dlogs/kokkos-team-cpu-chunk-sweep-fp64.log
Kokkos,miyabi,gpu,cpp,kokkos,team/cpu-chunk-sweep,kokkos-default,chunk-sweep,chunk8,64,512,512,512,134217728,6.742904e+00,3.312198e+01,2.312551e-08,6.953847e+00,6.626897e+00,4.621260e-01,diffusion//tmp/claude-16304/dlogs/kokkos-team-cpu-chunk-sweep-fp64.log
Kokkos,miyabi,gpu,cpp,kokkos,team/uvm-chunk-sweep,kokkos-uvm,chunk-sweep,chunk8,64,32,32,32,32768,4.800359e+00,2.907833e+00,2.677097e-09,5.071022e+00,4.941759e+00,2.460620e-01,diffusion//tmp/claude-16304/dlogs/kokkos-team-uvm-chunk-sweep-fp64.log
Kokkos,miyabi,gpu,cpp,kokkos,team/uvm-chunk-sweep,kokkos-uvm,chunk-sweep,chunk8,64,32,32,32,32768,4.792836e+00,2.912398e+00,2.677097e-09,4.959559e+00,4.941218e+00,1.540920e-01,diffusion//tmp/claude-16304/dlogs/kokkos-team-uvm-chunk-sweep-fp64.log
Kokkos,miyabi,gpu,cpp,kokkos,team/uvm-chunk-sweep,kokkos-uvm,chunk-sweep,chunk8,64,32,32,32,32768,4.799896e+00,2.908114e+00,2.677097e-09,4.964367e+00,4.910570e+00,1.859790e-01,diffusion//tmp/claude-16304/dlogs/kokkos-team-uvm-chunk-sweep-fp64.log
Kokkos,miyabi,gpu,cpp,kokkos,team/uvm-chunk-sweep,kokkos-uvm,chunk-sweep,chunk8,64,64,64,64,262144,4.498928e+00,6.205320e+00,1.448939e-07,4.664142e+00,4.613141e+00,1.838220e-01,diffusion//tmp/claude-16304/dlogs/kokkos-team-uvm-chunk-sweep-fp64.log
Kokkos,miyabi,gpu,cpp,kokkos,team/uvm-chunk-sweep,kokkos-uvm,chunk-sweep,chunk8,64,64,64,64,262144,4.498291e+00,6.206199e+00,1.448939e-07,4.664019e+00,4.612488e+00,1.836830e-01,diffusion//tmp/claude-16304/dlogs/kokkos-team-uvm-chunk-sweep-fp64.log
Kokkos,miyabi,gpu,cpp,kokkos,team/uvm-chunk-sweep,kokkos-uvm,chunk-sweep,chunk8,64,64,64,64,262144,4.494473e+00,6.211471e+00,1.448939e-07,4.658666e+00,4.533269e+00,2.607630e-01,diffusion//tmp/claude-16304/dlogs/kokkos-team-uvm-chunk-sweep-fp64.log
Kokkos,miyabi,gpu,cpp,kokkos,team/uvm-chunk-sweep,kokkos-uvm,chunk-sweep,chunk8,64,128,128,128,2097152,4.889303e+00,1.141974e+01,4.691762e-06,5.060345e+00,5.026578e+00,1.641330e-01,diffusion//tmp/claude-16304/dlogs/kokkos-team-uvm-chunk-sweep-fp64.log
Kokkos,miyabi,gpu,cpp,kokkos,team/uvm-chunk-sweep,kokkos-uvm,chunk-sweep,chunk8,64,128,128,128,2097152,4.742264e+00,1.177382e+01,4.691762e-06,4.911476e+00,4.890095e+00,1.552270e-01,diffusion//tmp/claude-16304/dlogs/kokkos-team-uvm-chunk-sweep-fp64.log
Kokkos,miyabi,gpu,cpp,kokkos,team/uvm-chunk-sweep,kokkos-uvm,chunk-sweep,chunk8,64,128,128,128,2097152,4.867209e+00,1.147158e+01,4.691762e-06,5.105012e+00,4.994087e+00,1.743310e-01,diffusion//tmp/claude-16304/dlogs/kokkos-team-uvm-chunk-sweep-fp64.log
Kokkos,miyabi,gpu,cpp,kokkos,team/uvm-chunk-sweep,kokkos-uvm,chunk-sweep,chunk8,64,256,256,256,16777216,6.203118e+00,1.800210e+01,1.890133e-07,6.389373e+00,6.350871e+00,1.732980e-01,diffusion//tmp/claude-16304/dlogs/kokkos-team-uvm-chunk-sweep-fp64.log
Kokkos,miyabi,gpu,cpp,kokkos,team/uvm-chunk-sweep,kokkos-uvm,chunk-sweep,chunk8,64,256,256,256,16777216,6.195476e+00,1.802431e+01,1.890133e-07,6.384056e+00,6.363382e+00,1.529650e-01,diffusion//tmp/claude-16304/dlogs/kokkos-team-uvm-chunk-sweep-fp64.log
Kokkos,miyabi,gpu,cpp,kokkos,team/uvm-chunk-sweep,kokkos-uvm,chunk-sweep,chunk8,64,256,256,256,16777216,6.192229e+00,1.803376e+01,1.890133e-07,6.376063e+00,6.359143e+00,1.533550e-01,diffusion//tmp/claude-16304/dlogs/kokkos-team-uvm-chunk-sweep-fp64.log
Kokkos,miyabi,gpu,cpp,kokkos,team/uvm-chunk-sweep,kokkos-uvm,chunk-sweep,chunk8,64,512,512,512,134217728,6.676831e+00,3.344975e+01,2.312551e-08,6.960852e+00,6.935857e+00,1.593970e-01,diffusion//tmp/claude-16304/dlogs/kokkos-team-uvm-chunk-sweep-fp64.log
Kokkos,miyabi,gpu,cpp,kokkos,team/uvm-chunk-sweep,kokkos-uvm,chunk-sweep,chunk8,64,512,512,512,134217728,6.707101e+00,3.329878e+01,2.312551e-08,6.990842e+00,6.961559e+00,1.630810e-01,diffusion//tmp/claude-16304/dlogs/kokkos-team-uvm-chunk-sweep-fp64.log
Kokkos,miyabi,gpu,cpp,kokkos,team/uvm-chunk-sweep,kokkos-uvm,chunk-sweep,chunk8,64,512,512,512,134217728,6.677771e+00,3.344504e+01,2.312551e-08,6.961372e+00,6.688158e+00,4.059280e-01,diffusion//tmp/claude-16304/dlogs/kokkos-team-uvm-chunk-sweep-fp64.log
Kokkos,miyabi,gpu,cpp,kokkos,team/uvm,kokkos-uvm,baseline,,64,32,32,32,32768,1.012536e+01,1.378582e+00,2.677097e-09,1.041249e+01,1.025125e+01,2.755450e-01,diffusion//tmp/claude-16304/dlogs/kokkos-team-uvm-fp64.log
Kokkos,miyabi,gpu,cpp,kokkos,team/uvm,kokkos-uvm,baseline,,64,32,32,32,32768,1.012934e+01,1.378041e+00,2.677097e-09,1.029538e+01,1.026212e+01,1.641780e-01,diffusion//tmp/claude-16304/dlogs/kokkos-team-uvm-fp64.log
Kokkos,miyabi,gpu,cpp,kokkos,team/uvm,kokkos-uvm,baseline,,64,32,32,32,32768,1.020331e+01,1.368051e+00,2.677097e-09,1.036500e+01,1.032673e+01,1.721120e-01,diffusion//tmp/claude-16304/dlogs/kokkos-team-uvm-fp64.log
Kokkos,miyabi,gpu,cpp,kokkos,team/uvm,kokkos-uvm,baseline,,64,64,64,64,262144,1.021493e+01,2.732990e+00,1.448939e-07,1.037854e+01,1.002912e+01,4.839020e-01,diffusion//tmp/claude-16304/dlogs/kokkos-team-uvm-fp64.log
Kokkos,miyabi,gpu,cpp,kokkos,team/uvm,kokkos-uvm,baseline,,64,64,64,64,262144,1.021029e+01,2.734230e+00,1.448939e-07,1.037313e+01,1.034313e+01,1.620860e-01,diffusion//tmp/claude-16304/dlogs/kokkos-team-uvm-fp64.log
Kokkos,miyabi,gpu,cpp,kokkos,team/uvm,kokkos-uvm,baseline,,64,64,64,64,262144,1.020422e+01,2.735856e+00,1.448939e-07,1.037215e+01,1.034582e+01,1.519950e-01,diffusion//tmp/claude-16304/dlogs/kokkos-team-uvm-fp64.log
Kokkos,miyabi,gpu,cpp,kokkos,team/uvm,kokkos-uvm,baseline,,64,128,128,128,2097152,1.102861e+01,5.062704e+00,4.691762e-06,1.119316e+01,1.116557e+01,1.574610e-01,diffusion//tmp/claude-16304/dlogs/kokkos-team-uvm-fp64.log
Kokkos,miyabi,gpu,cpp,kokkos,team/uvm,kokkos-uvm,baseline,,64,128,128,128,2097152,1.102852e+01,5.062744e+00,4.691762e-06,1.119383e+01,1.115472e+01,1.719220e-01,diffusion//tmp/claude-16304/dlogs/kokkos-team-uvm-fp64.log
Kokkos,miyabi,gpu,cpp,kokkos,team/uvm,kokkos-uvm,baseline,,64,128,128,128,2097152,1.097751e+01,5.086269e+00,4.691762e-06,1.114299e+01,1.078995e+01,4.852620e-01,diffusion//tmp/claude-16304/dlogs/kokkos-team-uvm-fp64.log
Kokkos,miyabi,gpu,cpp,kokkos,team/uvm,kokkos-uvm,baseline,,64,256,256,256,16777216,1.265377e+01,8.824972e+00,1.890133e-07,1.283603e+01,1.279072e+01,1.771620e-01,diffusion//tmp/claude-16304/dlogs/kokkos-team-uvm-fp64.log
Kokkos,miyabi,gpu,cpp,kokkos,team/uvm,kokkos-uvm,baseline,,64,256,256,256,16777216,1.268315e+01,8.804527e+00,1.890133e-07,1.286743e+01,1.282139e+01,1.817200e-01,diffusion//tmp/claude-16304/dlogs/kokkos-team-uvm-fp64.log
Kokkos,miyabi,gpu,cpp,kokkos,team/uvm,kokkos-uvm,baseline,,64,256,256,256,16777216,1.266395e+01,8.817880e+00,1.890133e-07,1.284862e+01,1.256229e+01,4.144660e-01,diffusion//tmp/claude-16304/dlogs/kokkos-team-uvm-fp64.log
Kokkos,miyabi,gpu,cpp,kokkos,team/uvm,kokkos-uvm,baseline,,64,512,512,512,134217728,1.304521e+01,1.712033e+01,2.312551e-08,1.332769e+01,1.329655e+01,1.636390e-01,diffusion//tmp/claude-16304/dlogs/kokkos-team-uvm-fp64.log
Kokkos,miyabi,gpu,cpp,kokkos,team/uvm,kokkos-uvm,baseline,,64,512,512,512,134217728,1.304819e+01,1.711642e+01,2.312551e-08,1.333075e+01,1.331191e+01,1.515010e-01,diffusion//tmp/claude-16304/dlogs/kokkos-team-uvm-fp64.log
Kokkos,miyabi,gpu,cpp,kokkos,team/uvm,kokkos-uvm,baseline,,64,512,512,512,134217728,1.305917e+01,1.710203e+01,2.312551e-08,1.334189e+01,1.331249e+01,1.616080e-01,diffusion//tmp/claude-16304/dlogs/kokkos-team-uvm-fp64.log
non-Kokkos,wisteria,gpu,cpp,stdpar,auto.def,managed,baseline,,32,32,32,32,32768,3.577540e-01,3.901744e+01,4.777080e-06,2.166794e+00,3.702230e-01,1.631691e+00,../results/wisteria/nonkokkos-stdpar-auto.def.log
non-Kokkos,wisteria,gpu,cpp,stdpar,auto.def,managed,baseline,,32,64,64,64,262144,1.167780e-01,2.390629e+02,1.214079e-05,1.822587e+00,1.272200e-01,1.546535e+00,../results/wisteria/nonkokkos-stdpar-auto.def.log
non-Kokkos,wisteria,gpu,cpp,stdpar,auto.def,managed,baseline,,32,128,128,128,2097152,7.722800e-02,7.229836e+02,4.813459e-06,1.805709e+00,9.111200e-02,1.556794e+00,../results/wisteria/nonkokkos-stdpar-auto.def.log
non-Kokkos,wisteria,gpu,cpp,stdpar,auto.def,managed,baseline,,32,256,256,256,16777216,1.178390e-01,9.476417e+02,1.186536e-06,1.907555e+00,1.342070e-01,1.544433e+00,../results/wisteria/nonkokkos-stdpar-auto.def.log
non-Kokkos,wisteria,gpu,cpp,stdpar,auto.def,managed,baseline,,32,512,512,512,134217728,2.077750e-01,1.074905e+03,3.065428e-07,1.958305e+00,2.496530e-01,1.558630e+00,../results/wisteria/nonkokkos-stdpar-auto.def.log
non-Kokkos,wisteria,gpu,cpp,stdpar,auto.def,managed,baseline,,64,32,32,32,32768,3.700180e-01,3.772423e+01,4.342730e-15,2.126386e+00,3.859640e-01,1.527669e+00,../results/wisteria/nonkokkos-stdpar-auto.def.log
non-Kokkos,wisteria,gpu,cpp,stdpar,auto.def,managed,baseline,,64,64,64,64,262144,1.266810e-01,2.203747e+02,1.448847e-07,1.825154e+00,1.355620e-01,1.538167e+00,../results/wisteria/nonkokkos-stdpar-auto.def.log
non-Kokkos,wisteria,gpu,cpp,stdpar,auto.def,managed,baseline,,64,128,128,128,2097152,9.385700e-02,5.948898e+02,4.691528e-06,1.859096e+00,1.132540e-01,1.549945e+00,../results/wisteria/nonkokkos-stdpar-auto.def.log
non-Kokkos,wisteria,gpu,cpp,stdpar,auto.def,managed,baseline,,64,256,256,256,16777216,1.469560e-01,7.598815e+02,1.877011e-07,1.856259e+00,1.714140e-01,1.538522e+00,../results/wisteria/nonkokkos-stdpar-auto.def.log
non-Kokkos,wisteria,gpu,cpp,stdpar,auto.def,managed,baseline,,64,512,512,512,134217728,2.763800e-01,8.080842e+02,7.088435e-09,2.032271e+00,3.444850e-01,1.529754e+00,../results/wisteria/nonkokkos-stdpar-auto.def.log
non-Kokkos,wisteria,gpu,cpp,stdpar,auto.opt,managed,nthreads,NTHREADS=128,32,32,32,32,32768,3.623540e-01,3.852212e+01,4.777080e-06,2.061805e+00,3.723760e-01,1.531939e+00,../results/wisteria/nonkokkos-stdpar-auto.opt.log
non-Kokkos,wisteria,gpu,cpp,stdpar,auto.opt,managed,nthreads,NTHREADS=128,32,64,64,64,262144,1.168970e-01,2.388195e+02,1.214079e-05,1.835908e+00,1.300570e-01,1.545519e+00,../results/wisteria/nonkokkos-stdpar-auto.opt.log
non-Kokkos,wisteria,gpu,cpp,stdpar,auto.opt,managed,nthreads,NTHREADS=128,32,128,128,128,2097152,7.779100e-02,7.177511e+02,4.813459e-06,1.805336e+00,9.296000e-02,1.553303e+00,../results/wisteria/nonkokkos-stdpar-auto.opt.log
non-Kokkos,wisteria,gpu,cpp,stdpar,auto.opt,managed,nthreads,NTHREADS=128,32,256,256,256,16777216,1.177770e-01,9.481406e+02,1.186536e-06,1.849682e+00,1.356680e-01,1.552873e+00,../results/wisteria/nonkokkos-stdpar-auto.opt.log
non-Kokkos,wisteria,gpu,cpp,stdpar,auto.opt,managed,nthreads,NTHREADS=128,32,512,512,512,134217728,2.264930e-01,9.860715e+02,3.065428e-07,1.985515e+00,2.663560e-01,1.531192e+00,../results/wisteria/nonkokkos-stdpar-auto.opt.log
non-Kokkos,wisteria,gpu,cpp,stdpar,auto.opt,managed,nthreads,NTHREADS=128,64,32,32,32,32768,3.785280e-01,3.687612e+01,4.342730e-15,2.088573e+00,3.944150e-01,1.532469e+00,../results/wisteria/nonkokkos-stdpar-auto.opt.log
non-Kokkos,wisteria,gpu,cpp,stdpar,auto.opt,managed,nthreads,NTHREADS=128,64,64,64,64,262144,1.275040e-01,2.189522e+02,1.448847e-07,1.859748e+00,1.382500e-01,1.539817e+00,../results/wisteria/nonkokkos-stdpar-auto.opt.log
non-Kokkos,wisteria,gpu,cpp,stdpar,auto.opt,managed,nthreads,NTHREADS=128,64,128,128,128,2097152,9.464800e-02,5.899182e+02,4.691528e-06,1.813543e+00,1.099180e-01,1.546804e+00,../results/wisteria/nonkokkos-stdpar-auto.opt.log
non-Kokkos,wisteria,gpu,cpp,stdpar,auto.opt,managed,nthreads,NTHREADS=128,64,256,256,256,16777216,1.469090e-01,7.601246e+02,1.877011e-07,1.906192e+00,1.618920e-01,1.547811e+00,../results/wisteria/nonkokkos-stdpar-auto.opt.log
non-Kokkos,wisteria,gpu,cpp,stdpar,auto.opt,managed,nthreads,NTHREADS=128,64,512,512,512,134217728,2.956970e-01,7.552944e+02,7.088435e-09,2.049831e+00,3.628510e-01,1.532002e+00,../results/wisteria/nonkokkos-stdpar-auto.opt.log
Kokkos,wisteria,gpu,cpp,kokkos,mdrange/cpu-tile-sweep,kokkos-default,tile-sweep,x1y2z64,32,32,32,32,32768,4.126920e-01,3.382339e+01,4.467876e-06,2.344181e+00,1.089706e+00,1.623229e+00,../results/wisteria/kokkos-mdrange-cpu-tile-sweep-x1y2z64.log
Kokkos,wisteria,gpu,cpp,kokkos,mdrange/cpu-tile-sweep,kokkos-default,tile-sweep,x1y2z64,32,64,64,64,262144,1.190280e-01,2.345439e+02,1.146017e-05,1.847981e+00,5.020610e-01,1.557384e+00,../results/wisteria/kokkos-mdrange-cpu-tile-sweep-x1y2z64.log
Kokkos,wisteria,gpu,cpp,kokkos,mdrange/cpu-tile-sweep,kokkos-default,tile-sweep,x1y2z64,32,256,256,256,16777216,8.943100e-02,1.248663e+03,9.780909e-07,1.872782e+00,7.717070e-01,1.550348e+00,../results/wisteria/kokkos-mdrange-cpu-tile-sweep-x1y2z64.log
Kokkos,wisteria,gpu,cpp,kokkos,mdrange/cpu-tile-sweep,kokkos-default,tile-sweep,x1y2z64,32,512,512,512,134217728,1.675340e-01,1.333092e+03,2.556756e-07,1.888101e+00,5.335410e-01,1.581790e+00,../results/wisteria/kokkos-mdrange-cpu-tile-sweep-x1y2z64.log
Kokkos,wisteria,gpu,cpp,kokkos,mdrange/cpu-tile-sweep,kokkos-default,tile-sweep,x2y2z64,32,32,32,32,32768,4.106130e-01,3.399465e+01,4.467876e-06,2.125427e+00,8.050600e-01,1.548121e+00,../results/wisteria/kokkos-mdrange-cpu-tile-sweep-x2y2z64.log
Kokkos,wisteria,gpu,cpp,kokkos,mdrange/cpu-tile-sweep,kokkos-default,tile-sweep,x2y2z64,32,64,64,64,262144,1.227020e-01,2.275210e+02,1.146017e-05,1.851543e+00,4.841390e-01,1.573046e+00,../results/wisteria/kokkos-mdrange-cpu-tile-sweep-x2y2z64.log
Kokkos,wisteria,gpu,cpp,kokkos,mdrange/cpu-tile-sweep,kokkos-default,tile-sweep,x2y2z64,32,256,256,256,16777216,9.956800e-02,1.121537e+03,9.780909e-07,1.834105e+00,4.841870e-01,1.561286e+00,../results/wisteria/kokkos-mdrange-cpu-tile-sweep-x2y2z64.log
Kokkos,wisteria,gpu,cpp,kokkos,mdrange/cpu-tile-sweep,kokkos-default,tile-sweep,x2y2z64,32,512,512,512,134217728,1.713050e-01,1.303747e+03,2.556756e-07,1.899362e+00,5.678610e-01,1.546360e+00,../results/wisteria/kokkos-mdrange-cpu-tile-sweep-x2y2z64.log
Kokkos,wisteria,gpu,cpp,kokkos,mdrange/cpu-tile-sweep,kokkos-default,tile-sweep,x2y2z32,32,32,32,32,32768,4.109190e-01,3.396933e+01,4.467876e-06,2.120132e+00,8.209990e-01,1.519062e+00,../results/wisteria/kokkos-mdrange-cpu-tile-sweep-x2y2z32.log
Kokkos,wisteria,gpu,cpp,kokkos,mdrange/cpu-tile-sweep,kokkos-default,tile-sweep,x2y2z32,32,64,64,64,262144,1.230650e-01,2.268499e+02,1.146017e-05,1.837834e+00,4.867280e-01,1.572883e+00,../results/wisteria/kokkos-mdrange-cpu-tile-sweep-x2y2z32.log
Kokkos,wisteria,gpu,cpp,kokkos,mdrange/cpu-tile-sweep,kokkos-default,tile-sweep,x2y2z32,32,256,256,256,16777216,1.008140e-01,1.107675e+03,9.780909e-07,1.825653e+00,4.913850e-01,1.545644e+00,../results/wisteria/kokkos-mdrange-cpu-tile-sweep-x2y2z32.log
Kokkos,wisteria,gpu,cpp,kokkos,mdrange/cpu-tile-sweep,kokkos-default,tile-sweep,x2y2z32,32,512,512,512,134217728,1.885320e-01,1.184617e+03,2.556756e-07,1.898153e+00,6.052740e-01,1.510229e+00,../results/wisteria/kokkos-mdrange-cpu-tile-sweep-x2y2z32.log
Kokkos,wisteria,gpu,cpp,kokkos,mdrange/uvm-tile-sweep,kokkos-uvm,tile-sweep,x1y2z64,32,32,32,32,32768,4.103090e-01,3.401983e+01,4.467876e-06,2.117278e+00,8.067460e-01,1.531091e+00,../results/wisteria/kokkos-mdrange-uvm-tile-sweep-x1y2z64.log
Kokkos,wisteria,gpu,cpp,kokkos,mdrange/uvm-tile-sweep,kokkos-uvm,tile-sweep,x1y2z64,32,64,64,64,262144,1.188830e-01,2.348299e+02,1.146017e-05,1.836822e+00,5.187240e-01,1.536035e+00,../results/wisteria/kokkos-mdrange-uvm-tile-sweep-x1y2z64.log
Kokkos,wisteria,gpu,cpp,kokkos,mdrange/uvm-tile-sweep,kokkos-uvm,tile-sweep,x1y2z64,32,256,256,256,16777216,8.929900e-02,1.250508e+03,9.780909e-07,1.822821e+00,4.851470e-01,1.545517e+00,../results/wisteria/kokkos-mdrange-uvm-tile-sweep-x1y2z64.log
Kokkos,wisteria,gpu,cpp,kokkos,mdrange/uvm-tile-sweep,kokkos-uvm,tile-sweep,x1y2z64,32,512,512,512,134217728,1.675920e-01,1.332631e+03,2.556756e-07,1.996894e+00,6.299500e-01,1.537697e+00,../results/wisteria/kokkos-mdrange-uvm-tile-sweep-x1y2z64.log
Kokkos,wisteria,gpu,cpp,kokkos,mdrange/uvm-tile-sweep,kokkos-uvm,tile-sweep,x2y2z64,32,32,32,32,32768,4.125220e-01,3.383733e+01,4.467876e-06,2.111967e+00,7.932190e-01,1.550236e+00,../results/wisteria/kokkos-mdrange-uvm-tile-sweep-x2y2z64.log
Kokkos,wisteria,gpu,cpp,kokkos,mdrange/uvm-tile-sweep,kokkos-uvm,tile-sweep,x2y2z64,32,64,64,64,262144,1.222660e-01,2.283324e+02,1.146017e-05,1.883328e+00,8.073150e-01,1.543256e+00,../results/wisteria/kokkos-mdrange-uvm-tile-sweep-x2y2z64.log
Kokkos,wisteria,gpu,cpp,kokkos,mdrange/uvm-tile-sweep,kokkos-uvm,tile-sweep,x2y2z64,32,256,256,256,16777216,1.000580e-01,1.116044e+03,9.780909e-07,1.904724e+00,4.564520e-01,1.603528e+00,../results/wisteria/kokkos-mdrange-uvm-tile-sweep-x2y2z64.log
Kokkos,wisteria,gpu,cpp,kokkos,mdrange/uvm-tile-sweep,kokkos-uvm,tile-sweep,x2y2z64,32,512,512,512,134217728,1.857990e-01,1.202043e+03,2.556756e-07,2.040828e+00,6.282790e-01,1.566347e+00,../results/wisteria/kokkos-mdrange-uvm-tile-sweep-x2y2z64.log
Kokkos,wisteria,gpu,cpp,kokkos,mdrange/uvm-tile-sweep,kokkos-uvm,tile-sweep,x1y4z64,32,32,32,32,32768,4.090080e-01,3.412805e+01,4.467876e-06,2.113919e+00,8.017970e-01,1.536012e+00,../results/wisteria/kokkos-mdrange-uvm-tile-sweep-x1y4z64.log
Kokkos,wisteria,gpu,cpp,kokkos,mdrange/uvm-tile-sweep,kokkos-uvm,tile-sweep,x1y4z64,32,64,64,64,262144,1.224420e-01,2.280042e+02,1.146017e-05,1.849329e+00,8.121970e-01,1.533143e+00,../results/wisteria/kokkos-mdrange-uvm-tile-sweep-x1y4z64.log
Kokkos,wisteria,gpu,cpp,kokkos,mdrange/uvm-tile-sweep,kokkos-uvm,tile-sweep,x1y4z64,32,256,256,256,16777216,1.003230e-01,1.113096e+03,9.780909e-07,1.839821e+00,4.867160e-01,1.565633e+00,../results/wisteria/kokkos-mdrange-uvm-tile-sweep-x1y4z64.log
Kokkos,wisteria,gpu,cpp,kokkos,mdrange/uvm-tile-sweep,kokkos-uvm,tile-sweep,x1y4z64,32,512,512,512,134217728,1.780340e-01,1.254470e+03,2.556756e-07,2.007128e+00,6.296510e-01,1.542663e+00,../results/wisteria/kokkos-mdrange-uvm-tile-sweep-x1y4z64.log
Kokkos,wisteria,gpu,cpp,kokkos,team/uvm-chunk-sweep,kokkos-uvm,chunk-sweep,chunk1,32,32,32,32,32768,3.832195e+00,3.642467e+00,4.467876e-06,5.534147e+00,4.224417e+00,1.532410e+00,../results/wisteria/kokkos-team-uvm-chunk-sweep-chunk1.log
Kokkos,wisteria,gpu,cpp,kokkos,team/uvm-chunk-sweep,kokkos-uvm,chunk-sweep,chunk1,32,64,64,64,262144,3.469401e+00,8.046717e+00,1.146017e-05,5.174133e+00,3.863040e+00,1.529412e+00,../results/wisteria/kokkos-team-uvm-chunk-sweep-chunk1.log
Kokkos,wisteria,gpu,cpp,kokkos,team/uvm-chunk-sweep,kokkos-uvm,chunk-sweep,chunk1,32,256,256,256,16777216,4.106312e+00,2.719451e+01,9.780909e-07,5.882036e+00,4.775834e+00,1.534509e+00,../results/wisteria/kokkos-team-uvm-chunk-sweep-chunk1.log
Kokkos,wisteria,gpu,cpp,kokkos,team/uvm-chunk-sweep,kokkos-uvm,chunk-sweep,chunk1,32,512,512,512,134217728,4.310789e+00,5.180915e+01,2.556756e-07,6.164229e+00,4.822312e+00,1.544350e+00,../results/wisteria/kokkos-team-uvm-chunk-sweep-chunk1.log
Kokkos,wisteria,gpu,cpp,kokkos,team/uvm-chunk-sweep,kokkos-uvm,chunk-sweep,chunk2,32,32,32,32,32768,3.932019e+00,3.549994e+00,4.467876e-06,5.647356e+00,4.343809e+00,1.541242e+00,../results/wisteria/kokkos-team-uvm-chunk-sweep-chunk2.log
Kokkos,wisteria,gpu,cpp,kokkos,team/uvm-chunk-sweep,kokkos-uvm,chunk-sweep,chunk2,32,64,64,64,262144,3.539486e+00,7.887385e+00,1.146017e-05,5.256220e+00,3.913223e+00,1.550133e+00,../results/wisteria/kokkos-team-uvm-chunk-sweep-chunk2.log
Kokkos,wisteria,gpu,cpp,kokkos,team/uvm-chunk-sweep,kokkos-uvm,chunk-sweep,chunk2,32,256,256,256,16777216,4.144589e+00,2.694336e+01,9.780909e-07,5.894892e+00,4.555077e+00,1.524920e+00,../results/wisteria/kokkos-team-uvm-chunk-sweep-chunk2.log
Kokkos,wisteria,gpu,cpp,kokkos,team/uvm-chunk-sweep,kokkos-uvm,chunk-sweep,chunk2,32,512,512,512,134217728,4.389808e+00,5.087655e+01,2.556756e-07,6.207781e+00,4.881174e+00,1.551990e+00,../results/wisteria/kokkos-team-uvm-chunk-sweep-chunk2.log
Kokkos,wisteria,gpu,cpp,kokkos,team/uvm-chunk-sweep,kokkos-uvm,chunk-sweep,chunk4,32,32,32,32,32768,4.248646e+00,3.285433e+00,4.467876e-06,5.957942e+00,4.631113e+00,1.543163e+00,../results/wisteria/kokkos-team-uvm-chunk-sweep-chunk4.log
Kokkos,wisteria,gpu,cpp,kokkos,team/uvm-chunk-sweep,kokkos-uvm,chunk-sweep,chunk4,32,64,64,64,262144,3.962566e+00,7.045255e+00,1.146017e-05,5.676905e+00,4.328616e+00,1.550640e+00,../results/wisteria/kokkos-team-uvm-chunk-sweep-chunk4.log
Kokkos,wisteria,gpu,cpp,kokkos,team/uvm-chunk-sweep,kokkos-uvm,chunk-sweep,chunk4,32,256,256,256,16777216,4.402098e+00,2.536726e+01,9.780909e-07,6.144994e+00,4.798120e+00,1.538168e+00,../results/wisteria/kokkos-team-uvm-chunk-sweep-chunk4.log
Kokkos,wisteria,gpu,cpp,kokkos,team/uvm-chunk-sweep,kokkos-uvm,chunk-sweep,chunk4,32,512,512,512,134217728,4.829941e+00,4.624038e+01,2.556756e-07,6.675747e+00,5.315073e+00,1.545215e+00,../results/wisteria/kokkos-team-uvm-chunk-sweep-chunk4.log
Kokkos,wisteria,gpu,cpp,kokkos,range/uvm-sweep,kokkos-uvm,opt-level-sweep,fast,32,32,32,32,32768,1.387841e+01,1.005782e+00,4.874412e-06,1.563643e+01,1.422544e+01,1.545310e+00,../results/wisteria/kokkos-range-uvm-sweep-fast.log
Kokkos,wisteria,gpu,cpp,kokkos,range/uvm-sweep,kokkos-uvm,opt-level-sweep,fast,32,64,64,64,262144,2.156718e+01,1.294434e+00,1.478721e-05,2.328001e+01,2.190918e+01,1.549668e+00,../results/wisteria/kokkos-range-uvm-sweep-fast.log
Kokkos,wisteria,gpu,cpp,kokkos,range/uvm-sweep,kokkos-uvm,opt-level-sweep,fast,32,256,256,256,16777216,4.140655e+01,2.696896e+00,2.156782e-06,4.313014e+01,4.172863e+01,1.530008e+00,../results/wisteria/kokkos-range-uvm-sweep-fast.log
Kokkos,wisteria,gpu,cpp,kokkos,range/uvm-sweep,kokkos-uvm,opt-level-sweep,fast,32,512,512,512,134217728,4.139016e+01,5.395928e+00,5.853053e-07,4.320486e+01,4.178706e+01,1.555401e+00,../results/wisteria/kokkos-range-uvm-sweep-fast.log
Kokkos,wisteria,gpu,cpp,kokkos,range/uvm-sweep,kokkos-uvm,opt-level-sweep,O4,32,32,32,32,32768,1.385885e+01,1.007201e+00,4.467876e-06,1.556128e+01,1.422779e+01,1.534222e+00,../results/wisteria/kokkos-range-uvm-sweep-O4.log
Kokkos,wisteria,gpu,cpp,kokkos,range/uvm-sweep,kokkos-uvm,opt-level-sweep,O4,32,64,64,64,262144,2.157216e+01,1.294135e+00,1.146017e-05,2.333164e+01,2.220265e+01,1.530112e+00,../results/wisteria/kokkos-range-uvm-sweep-O4.log
Kokkos,wisteria,gpu,cpp,kokkos,range/uvm-sweep,kokkos-uvm,opt-level-sweep,O4,32,256,256,256,16777216,4.147802e+01,2.692249e+00,9.780909e-07,4.326727e+01,4.178904e+01,1.535695e+00,../results/wisteria/kokkos-range-uvm-sweep-O4.log
Kokkos,wisteria,gpu,cpp,kokkos,range/uvm-sweep,kokkos-uvm,opt-level-sweep,O4,32,512,512,512,134217728,4.137806e+01,5.397506e+00,2.556756e-07,4.317479e+01,4.178730e+01,1.537884e+00,../results/wisteria/kokkos-range-uvm-sweep-O4.log
Kokkos,wisteria,gpu,cpp,kokkos,range/uvm-sweep,kokkos-uvm,opt-level-sweep,O3,32,32,32,32,32768,1.386509e+01,1.006748e+00,4.467876e-06,1.557869e+01,1.422349e+01,1.543754e+00,../results/wisteria/kokkos-range-uvm-sweep-O3.log
Kokkos,wisteria,gpu,cpp,kokkos,range/uvm-sweep,kokkos-uvm,opt-level-sweep,O3,32,64,64,64,262144,2.154840e+01,1.295562e+00,1.146017e-05,2.328798e+01,2.188966e+01,1.531146e+00,../results/wisteria/kokkos-range-uvm-sweep-O3.log
Kokkos,wisteria,gpu,cpp,kokkos,range/uvm-sweep,kokkos-uvm,opt-level-sweep,O3,32,256,256,256,16777216,4.139696e+01,2.697521e+00,9.780909e-07,4.313520e+01,4.170640e+01,1.530387e+00,../results/wisteria/kokkos-range-uvm-sweep-O3.log
Kokkos,wisteria,gpu,cpp,kokkos,range/uvm-sweep,kokkos-uvm,opt-level-sweep,O3,32,512,512,512,134217728,4.138844e+01,5.396151e+00,2.556756e-07,4.327115e+01,4.179564e+01,1.536463e+00,../results/wisteria/kokkos-range-uvm-sweep-O3.log
