category,machine,mode,language,impl,variant,memory_model,optimization_type,optimization_param,fp,N,time_sec,performance_gflops,error,real_sec,user_sec,sys_sec,source_file
non-Kokkos,wisteria,gpu,cpp,openacc,manu.opt,separate,nthreads,NTHREADS=128,32,4913,0.012589,1.491611,1736.643,,,,mizuho/Wisteria/A4.C++.acc.manu.opt/log/bench.gpu.32_run.csv
non-Kokkos,wisteria,gpu,cpp,openacc,manu.opt,separate,nthreads,NTHREADS=128,32,35937,0.028375,10.08608,13887.51,,,,mizuho/Wisteria/A4.C++.acc.manu.opt/log/bench.gpu.32_run.csv
non-Kokkos,wisteria,gpu,cpp,openacc,manu.opt,separate,nthreads,NTHREADS=128,32,274625,0.12923,34.71389,111089.4,,,,mizuho/Wisteria/A4.C++.acc.manu.opt/log/bench.gpu.32_run.csv
non-Kokkos,wisteria,gpu,cpp,openacc,manu.opt,separate,nthreads,NTHREADS=128,64,4913,0.010448,1.37485,1736.636,,,,mizuho/Wisteria/A4.C++.acc.manu.opt/log/bench.gpu.64_run.csv
non-Kokkos,wisteria,gpu,cpp,openacc,manu.opt,separate,nthreads,NTHREADS=128,64,35937,0.022274,10.01209,13887.39,,,,mizuho/Wisteria/A4.C++.acc.manu.opt/log/bench.gpu.64_run.csv
non-Kokkos,wisteria,gpu,cpp,openacc,manu.opt,separate,nthreads,NTHREADS=128,64,274625,0.098412,35.52771,111087.8,,,,mizuho/Wisteria/A4.C++.acc.manu.opt/log/bench.gpu.64_run.csv
non-Kokkos,wisteria,gpu,cpp,openacc,auto.def,managed,baseline,,32,4913,0.010824,1.626132,1736.626,,,,mizuho/Wisteria/A1.C++.acc.auto.def/log/bench.gpu.32_run.csv
non-Kokkos,wisteria,gpu,cpp,openacc,auto.def,managed,baseline,,32,35937,0.027021,9.004738,13887.06,,,,mizuho/Wisteria/A1.C++.acc.auto.def/log/bench.gpu.32_run.csv
non-Kokkos,wisteria,gpu,cpp,openacc,auto.def,managed,baseline,,32,274625,0.219986,21.51732,111080.7,,,,mizuho/Wisteria/A1.C++.acc.auto.def/log/bench.gpu.32_run.csv
non-Kokkos,wisteria,gpu,cpp,openacc,auto.def,managed,baseline,,64,4913,0.009134,1.572662,1736.636,,,,mizuho/Wisteria/A1.C++.acc.auto.def/log/bench.gpu.64_run.csv
non-Kokkos,wisteria,gpu,cpp,openacc,auto.def,managed,baseline,,64,35937,0.026804,8.319928,13887.39,,,,mizuho/Wisteria/A1.C++.acc.auto.def/log/bench.gpu.64_run.csv
non-Kokkos,wisteria,gpu,cpp,openacc,auto.def,managed,baseline,,64,274625,0.185924,18.80531,111087.8,,,,mizuho/Wisteria/A1.C++.acc.auto.def/log/bench.gpu.64_run.csv
non-Kokkos,wisteria,gpu,f90,openacc,auto.opt,managed,nthreads,NTHREADS=128,32,4913,0.011267,1.588281,1736.644,,,,mizuho/Wisteria/D2.F90.acc.auto.opt/log/bench.gpu.32_run.csv
non-Kokkos,wisteria,gpu,f90,openacc,auto.opt,managed,nthreads,NTHREADS=128,32,35937,0.027516,10.40096,13887.5,,,,mizuho/Wisteria/D2.F90.acc.auto.opt/log/bench.gpu.32_run.csv
non-Kokkos,wisteria,gpu,f90,openacc,auto.opt,managed,nthreads,NTHREADS=128,32,274625,0.116133,40.60711,111089.4,,,,mizuho/Wisteria/D2.F90.acc.auto.opt/log/bench.gpu.32_run.csv
non-Kokkos,wisteria,gpu,f90,openacc,auto.opt,managed,nthreads,NTHREADS=128,64,4913,0.009182,1.564413,1736.636,,,,mizuho/Wisteria/D2.F90.acc.auto.opt/log/bench.gpu.64_run.csv
non-Kokkos,wisteria,gpu,f90,openacc,auto.opt,managed,nthreads,NTHREADS=128,64,35937,0.022259,10.01874,13887.39,,,,mizuho/Wisteria/D2.F90.acc.auto.opt/log/bench.gpu.64_run.csv
non-Kokkos,wisteria,gpu,f90,openacc,auto.opt,managed,nthreads,NTHREADS=128,64,274625,0.097081,36.01484,111087.8,,,,mizuho/Wisteria/D2.F90.acc.auto.opt/log/bench.gpu.64_run.csv
non-Kokkos,wisteria,gpu,f90,do-concurrent,auto.def,managed,baseline,,32,4913,0.010781,1.74178,1736.632,,,,mizuho/Wisteria/F1.F90.std.auto.def/log/bench.gpu.32_run.csv
non-Kokkos,wisteria,gpu,f90,do-concurrent,auto.def,managed,baseline,,32,35937,0.022542,12.89614,13887.11,,,,mizuho/Wisteria/F1.F90.std.auto.def/log/bench.gpu.32_run.csv
non-Kokkos,wisteria,gpu,f90,do-concurrent,auto.def,managed,baseline,,32,274625,0.068125,69.22324,111081.5,,,,mizuho/Wisteria/F1.F90.std.auto.def/log/bench.gpu.32_run.csv
non-Kokkos,wisteria,gpu,f90,do-concurrent,auto.def,managed,baseline,,64,4913,0.008576,1.674923,1736.636,,,,mizuho/Wisteria/F1.F90.std.auto.def/log/bench.gpu.64_run.csv
non-Kokkos,wisteria,gpu,f90,do-concurrent,auto.def,managed,baseline,,64,35937,0.017871,12.47878,13887.39,,,,mizuho/Wisteria/F1.F90.std.auto.def/log/bench.gpu.64_run.csv
non-Kokkos,wisteria,gpu,f90,do-concurrent,auto.def,managed,baseline,,64,274625,0.058872,59.38911,111087.8,,,,mizuho/Wisteria/F1.F90.std.auto.def/log/bench.gpu.64_run.csv
non-Kokkos,wisteria,gpu,cpp,openacc,manu.def,separate,baseline,,32,4913,0.012736,1.381995,1736.626,,,,mizuho/Wisteria/A3.C++.acc.manu.def/log/bench.gpu.32_run.csv
non-Kokkos,wisteria,gpu,cpp,openacc,manu.def,separate,baseline,,32,35937,0.028937,8.408459,13887.06,,,,mizuho/Wisteria/A3.C++.acc.manu.def/log/bench.gpu.32_run.csv
non-Kokkos,wisteria,gpu,cpp,openacc,manu.def,separate,baseline,,32,274625,0.235825,20.07211,111080.7,,,,mizuho/Wisteria/A3.C++.acc.manu.def/log/bench.gpu.32_run.csv
non-Kokkos,wisteria,gpu,cpp,openacc,manu.def,separate,baseline,,64,4913,0.009789,1.467404,1736.636,,,,mizuho/Wisteria/A3.C++.acc.manu.def/log/bench.gpu.64_run.csv
non-Kokkos,wisteria,gpu,cpp,openacc,manu.def,separate,baseline,,64,35937,0.02667,8.361728,13887.39,,,,mizuho/Wisteria/A3.C++.acc.manu.def/log/bench.gpu.64_run.csv
non-Kokkos,wisteria,gpu,cpp,openacc,manu.def,separate,baseline,,64,274625,0.202842,17.23684,111087.8,,,,mizuho/Wisteria/A3.C++.acc.manu.def/log/bench.gpu.64_run.csv
non-Kokkos,wisteria,cpu,f90,openmp-cpu,,cpu-only,baseline,,64,4913,0.699797,0.02052652,1736.636,,,,mizuho/Wisteria/F/log/bench.cpu.64_run.csv
non-Kokkos,wisteria,cpu,f90,openmp-cpu,,cpu-only,baseline,,64,35937,0.449546,0.4960719,13887.39,,,,mizuho/Wisteria/F/log/bench.cpu.64_run.csv
non-Kokkos,wisteria,cpu,f90,openmp-cpu,,cpu-only,baseline,,64,274625,0.306174,11.41949,111087.8,,,,mizuho/Wisteria/F/log/bench.cpu.64_run.csv
non-Kokkos,wisteria,cpu,f90,openmp-cpu,,cpu-only,baseline,,32,4913,0.342622,0.05480742,1736.631,,,,mizuho/Wisteria/F/log/bench.cpu.32_run.csv
non-Kokkos,wisteria,cpu,f90,openmp-cpu,,cpu-only,baseline,,32,35937,0.403977,0.7419508,13887.1,,,,mizuho/Wisteria/F/log/bench.cpu.32_run.csv
non-Kokkos,wisteria,cpu,f90,openmp-cpu,,cpu-only,baseline,,32,274625,2.128305,2.614366,111081.1,,,,mizuho/Wisteria/F/log/bench.cpu.32_run.csv
non-Kokkos,wisteria,gpu,cpp,openmp-target,auto.opt,managed,nthreads,NTHREADS=128,32,4913,0.009929,1.89126,1736.632,,,,mizuho/Wisteria/B2.C++.omp.auto.opt/log/bench.gpu.32_run.csv
non-Kokkos,wisteria,gpu,cpp,openmp-target,auto.opt,managed,nthreads,NTHREADS=128,32,35937,0.02144,14.08523,13887.1,,,,mizuho/Wisteria/B2.C++.omp.auto.opt/log/bench.gpu.32_run.csv
non-Kokkos,wisteria,gpu,cpp,openmp-target,auto.opt,managed,nthreads,NTHREADS=128,32,274625,0.068704,71.72691,111081.5,,,,mizuho/Wisteria/B2.C++.omp.auto.opt/log/bench.gpu.32_run.csv
non-Kokkos,wisteria,gpu,cpp,openmp-target,auto.opt,managed,nthreads,NTHREADS=128,64,4913,0.007447,1.928883,1736.636,,,,mizuho/Wisteria/B2.C++.omp.auto.opt/log/bench.gpu.64_run.csv
non-Kokkos,wisteria,gpu,cpp,openmp-target,auto.opt,managed,nthreads,NTHREADS=128,64,35937,0.016398,13.59969,13887.39,,,,mizuho/Wisteria/B2.C++.omp.auto.opt/log/bench.gpu.64_run.csv
non-Kokkos,wisteria,gpu,cpp,openmp-target,auto.opt,managed,nthreads,NTHREADS=128,64,274625,0.053565,65.27309,111087.8,,,,mizuho/Wisteria/B2.C++.omp.auto.opt/log/bench.gpu.64_run.csv
non-Kokkos,wisteria,gpu,cpp,openmp-target,manu.opt,separate,nthreads,NTHREADS=128,32,4913,0.010674,1.759248,1736.632,,,,mizuho/Wisteria/B4.C++.omp.manu.opt/log/bench.gpu.32_run.csv
non-Kokkos,wisteria,gpu,cpp,openmp-target,manu.opt,separate,nthreads,NTHREADS=128,32,35937,0.023151,13.04431,13887.11,,,,mizuho/Wisteria/B4.C++.omp.manu.opt/log/bench.gpu.32_run.csv
non-Kokkos,wisteria,gpu,cpp,openmp-target,manu.opt,separate,nthreads,NTHREADS=128,32,274625,0.093536,52.68464,111081.4,,,,mizuho/Wisteria/B4.C++.omp.manu.opt/log/bench.gpu.32_run.csv
non-Kokkos,wisteria,gpu,cpp,openmp-target,manu.opt,separate,nthreads,NTHREADS=128,64,4913,0.008318,1.726917,1736.636,,,,mizuho/Wisteria/B4.C++.omp.manu.opt/log/bench.gpu.64_run.csv
non-Kokkos,wisteria,gpu,cpp,openmp-target,manu.opt,separate,nthreads,NTHREADS=128,64,35937,0.017907,12.45353,13887.39,,,,mizuho/Wisteria/B4.C++.omp.manu.opt/log/bench.gpu.64_run.csv
non-Kokkos,wisteria,gpu,cpp,openmp-target,manu.opt,separate,nthreads,NTHREADS=128,64,274625,0.059504,58.75828,111087.8,,,,mizuho/Wisteria/B4.C++.omp.manu.opt/log/bench.gpu.64_run.csv
non-Kokkos,wisteria,gpu,f90,openmp-target,manu.def,separate,baseline,,32,4913,0.010836,1.732927,1736.631,,,,mizuho/Wisteria/E3.F90.omp.manu.def/log/bench.gpu.32_run.csv
non-Kokkos,wisteria,gpu,f90,openmp-target,manu.def,separate,baseline,,32,35937,0.023418,12.89557,13887.1,,,,mizuho/Wisteria/E3.F90.omp.manu.def/log/bench.gpu.32_run.csv
non-Kokkos,wisteria,gpu,f90,openmp-target,manu.def,separate,baseline,,32,274625,0.084727,58.16227,111081.4,,,,mizuho/Wisteria/E3.F90.omp.manu.def/log/bench.gpu.32_run.csv
non-Kokkos,wisteria,gpu,f90,openmp-target,manu.def,separate,baseline,,64,4913,0.008481,1.693711,1736.636,,,,mizuho/Wisteria/E3.F90.omp.manu.def/log/bench.gpu.64_run.csv
non-Kokkos,wisteria,gpu,f90,openmp-target,manu.def,separate,baseline,,64,35937,0.018006,12.38526,13887.39,,,,mizuho/Wisteria/E3.F90.omp.manu.def/log/bench.gpu.64_run.csv
non-Kokkos,wisteria,gpu,f90,openmp-target,manu.def,separate,baseline,,64,274625,0.088747,39.39687,111087.8,,,,mizuho/Wisteria/E3.F90.omp.manu.def/log/bench.gpu.64_run.csv
non-Kokkos,wisteria,gpu,f90,openmp-target,manu.opt,separate,nthreads,NTHREADS=128,32,4913,0.011408,1.646043,1736.631,,,,mizuho/Wisteria/E4.F90.omp.manu.opt/log/bench.gpu.32_run.csv
non-Kokkos,wisteria,gpu,f90,openmp-target,manu.opt,separate,nthreads,NTHREADS=128,32,35937,0.024007,12.57924,13887.1,,,,mizuho/Wisteria/E4.F90.omp.manu.opt/log/bench.gpu.32_run.csv
non-Kokkos,wisteria,gpu,f90,openmp-target,manu.opt,separate,nthreads,NTHREADS=128,32,274625,0.085017,57.96393,111081.5,,,,mizuho/Wisteria/E4.F90.omp.manu.opt/log/bench.gpu.32_run.csv
non-Kokkos,wisteria,gpu,f90,openmp-target,manu.opt,separate,nthreads,NTHREADS=128,64,4913,0.008761,1.639554,1736.636,,,,mizuho/Wisteria/E4.F90.omp.manu.opt/log/bench.gpu.64_run.csv
non-Kokkos,wisteria,gpu,f90,openmp-target,manu.opt,separate,nthreads,NTHREADS=128,64,35937,0.018239,12.22692,13887.39,,,,mizuho/Wisteria/E4.F90.omp.manu.opt/log/bench.gpu.64_run.csv
non-Kokkos,wisteria,gpu,f90,openmp-target,manu.opt,separate,nthreads,NTHREADS=128,64,274625,0.09399,37.19919,111087.8,,,,mizuho/Wisteria/E4.F90.omp.manu.opt/log/bench.gpu.64_run.csv
non-Kokkos,wisteria,cpu,cpp,openmp-cpu,,cpu-only,baseline,,64,4913,0.479058,0.02998471,1736.636,,,,mizuho/Wisteria/C/log/bench.cpu.64_run.csv
non-Kokkos,wisteria,cpu,cpp,openmp-cpu,,cpu-only,baseline,,64,35937,0.205033,1.087666,13887.39,,,,mizuho/Wisteria/C/log/bench.cpu.64_run.csv
non-Kokkos,wisteria,cpu,cpp,openmp-cpu,,cpu-only,baseline,,64,274625,0.247814,14.10876,111087.8,,,,mizuho/Wisteria/C/log/bench.cpu.64_run.csv
non-Kokkos,wisteria,cpu,cpp,openmp-cpu,,cpu-only,baseline,,32,4913,0.608257,0.03087215,1736.631,,,,mizuho/Wisteria/C/log/bench.cpu.32_run.csv
non-Kokkos,wisteria,cpu,cpp,openmp-cpu,,cpu-only,baseline,,32,35937,0.906118,0.3307861,13887.1,,,,mizuho/Wisteria/C/log/bench.cpu.32_run.csv
non-Kokkos,wisteria,cpu,cpp,openmp-cpu,,cpu-only,baseline,,32,274625,1.713075,3.248059,111081.2,,,,mizuho/Wisteria/C/log/bench.cpu.32_run.csv
non-Kokkos,wisteria,gpu,cpp,openmp-target,auto.def,managed,baseline,,32,4913,0.009903,1.896178,1736.632,,,,mizuho/Wisteria/B1.C++.omp.auto.def/log/bench.gpu.32_run.csv
non-Kokkos,wisteria,gpu,cpp,openmp-target,auto.def,managed,baseline,,32,35937,0.021457,14.07396,13887.12,,,,mizuho/Wisteria/B1.C++.omp.auto.def/log/bench.gpu.32_run.csv
non-Kokkos,wisteria,gpu,cpp,openmp-target,auto.def,managed,baseline,,32,274625,0.069111,71.30452,111081.5,,,,mizuho/Wisteria/B1.C++.omp.auto.def/log/bench.gpu.32_run.csv
non-Kokkos,wisteria,gpu,cpp,openmp-target,auto.def,managed,baseline,,64,4913,0.00763,1.882595,1736.636,,,,mizuho/Wisteria/B1.C++.omp.auto.def/log/bench.gpu.64_run.csv
non-Kokkos,wisteria,gpu,cpp,openmp-target,auto.def,managed,baseline,,64,35937,0.016146,13.81196,13887.39,,,,mizuho/Wisteria/B1.C++.omp.auto.def/log/bench.gpu.64_run.csv
non-Kokkos,wisteria,gpu,cpp,openmp-target,auto.def,managed,baseline,,64,274625,0.053995,64.75343,111087.8,,,,mizuho/Wisteria/B1.C++.omp.auto.def/log/bench.gpu.64_run.csv
non-Kokkos,wisteria,gpu,f90,openmp-target,auto.def,managed,baseline,,32,4913,0.010876,1.726583,1736.631,,,,mizuho/Wisteria/E1.F90.omp.auto.def/log/bench.gpu.32_run.csv
non-Kokkos,wisteria,gpu,f90,openmp-target,auto.def,managed,baseline,,32,35937,0.023244,12.99213,13887.1,,,,mizuho/Wisteria/E1.F90.omp.auto.def/log/bench.gpu.32_run.csv
non-Kokkos,wisteria,gpu,f90,openmp-target,auto.def,managed,baseline,,32,274625,0.078396,60.15395,111081.4,,,,mizuho/Wisteria/E1.F90.omp.auto.def/log/bench.gpu.32_run.csv
non-Kokkos,wisteria,gpu,f90,openmp-target,auto.def,managed,baseline,,64,4913,0.008683,1.65432,1736.636,,,,mizuho/Wisteria/E1.F90.omp.auto.def/log/bench.gpu.64_run.csv
non-Kokkos,wisteria,gpu,f90,openmp-target,auto.def,managed,baseline,,64,35937,0.017828,12.50882,13887.39,,,,mizuho/Wisteria/E1.F90.omp.auto.def/log/bench.gpu.64_run.csv
non-Kokkos,wisteria,gpu,f90,openmp-target,auto.def,managed,baseline,,64,274625,0.086279,40.52386,111087.8,,,,mizuho/Wisteria/E1.F90.omp.auto.def/log/bench.gpu.64_run.csv
non-Kokkos,wisteria,gpu,f90,do-concurrent,auto.opt,managed,baseline,,32,4913,0.010748,1.747111,1736.632,,,,mizuho/Wisteria/F2.F90.std.auto.opt/log/bench.gpu.32_run.csv
non-Kokkos,wisteria,gpu,f90,do-concurrent,auto.opt,managed,baseline,,32,35937,0.022629,12.84655,13887.11,,,,mizuho/Wisteria/F2.F90.std.auto.opt/log/bench.gpu.32_run.csv
non-Kokkos,wisteria,gpu,f90,do-concurrent,auto.opt,managed,baseline,,32,274625,0.068016,69.33413,111081.5,,,,mizuho/Wisteria/F2.F90.std.auto.opt/log/bench.gpu.32_run.csv
non-Kokkos,wisteria,gpu,f90,do-concurrent,auto.opt,managed,baseline,,64,4913,0.008488,1.692331,1736.636,,,,mizuho/Wisteria/F2.F90.std.auto.opt/log/bench.gpu.64_run.csv
non-Kokkos,wisteria,gpu,f90,do-concurrent,auto.opt,managed,baseline,,64,35937,0.017773,12.54758,13887.39,,,,mizuho/Wisteria/F2.F90.std.auto.opt/log/bench.gpu.64_run.csv
non-Kokkos,wisteria,gpu,f90,do-concurrent,auto.opt,managed,baseline,,64,274625,0.05893,59.33072,111087.8,,,,mizuho/Wisteria/F2.F90.std.auto.opt/log/bench.gpu.64_run.csv
non-Kokkos,wisteria,gpu,f90,openacc,auto.def,managed,baseline,,32,4913,0.011506,1.529762,1736.626,,,,mizuho/Wisteria/D1.F90.acc.auto.def/log/bench.gpu.32_run.csv
non-Kokkos,wisteria,gpu,f90,openacc,auto.def,managed,baseline,,32,35937,0.026466,9.193501,13887.06,,,,mizuho/Wisteria/D1.F90.acc.auto.def/log/bench.gpu.32_run.csv
non-Kokkos,wisteria,gpu,f90,openacc,auto.def,managed,baseline,,32,274625,0.201327,23.51156,111080.7,,,,mizuho/Wisteria/D1.F90.acc.auto.def/log/bench.gpu.32_run.csv
non-Kokkos,wisteria,gpu,f90,openacc,auto.def,managed,baseline,,64,4913,0.009761,1.471597,1736.636,,,,mizuho/Wisteria/D1.F90.acc.auto.def/log/bench.gpu.64_run.csv
non-Kokkos,wisteria,gpu,f90,openacc,auto.def,managed,baseline,,64,35937,0.025415,8.774645,13887.39,,,,mizuho/Wisteria/D1.F90.acc.auto.def/log/bench.gpu.64_run.csv
non-Kokkos,wisteria,gpu,f90,openacc,auto.def,managed,baseline,,64,274625,0.166844,20.95581,111087.8,,,,mizuho/Wisteria/D1.F90.acc.auto.def/log/bench.gpu.64_run.csv
non-Kokkos,wisteria,gpu,f90,openmp-target,auto.opt,managed,nthreads,NTHREADS=128,32,4913,0.010509,1.786908,1736.631,,,,mizuho/Wisteria/E2.F90.omp.auto.opt/log/bench.gpu.32_run.csv
non-Kokkos,wisteria,gpu,f90,openmp-target,auto.opt,managed,nthreads,NTHREADS=128,32,35937,0.023416,12.89675,13887.11,,,,mizuho/Wisteria/E2.F90.omp.auto.opt/log/bench.gpu.32_run.csv
non-Kokkos,wisteria,gpu,f90,openmp-target,auto.opt,managed,nthreads,NTHREADS=128,32,274625,0.075066,63.05807,111081.4,,,,mizuho/Wisteria/E2.F90.omp.auto.opt/log/bench.gpu.32_run.csv
non-Kokkos,wisteria,gpu,f90,openmp-target,auto.opt,managed,nthreads,NTHREADS=128,64,4913,0.008444,1.701123,1736.636,,,,mizuho/Wisteria/E2.F90.omp.auto.opt/log/bench.gpu.64_run.csv
non-Kokkos,wisteria,gpu,f90,openmp-target,auto.opt,managed,nthreads,NTHREADS=128,64,35937,0.018594,11.99348,13887.39,,,,mizuho/Wisteria/E2.F90.omp.auto.opt/log/bench.gpu.64_run.csv
non-Kokkos,wisteria,gpu,f90,openmp-target,auto.opt,managed,nthreads,NTHREADS=128,64,274625,0.085157,41.05779,111087.8,,,,mizuho/Wisteria/E2.F90.omp.auto.opt/log/bench.gpu.64_run.csv
non-Kokkos,wisteria,gpu,f90,openacc,manu.opt,separate,nthreads,NTHREADS=128,32,4913,0.010732,1.667458,1736.644,,,,mizuho/Wisteria/D4.F90.acc.manu.opt/log/bench.gpu.32_run.csv
non-Kokkos,wisteria,gpu,f90,openacc,manu.opt,separate,nthreads,NTHREADS=128,32,35937,0.027406,10.44267,13887.5,,,,mizuho/Wisteria/D4.F90.acc.manu.opt/log/bench.gpu.32_run.csv
non-Kokkos,wisteria,gpu,f90,openacc,manu.opt,separate,nthreads,NTHREADS=128,32,274625,0.123432,38.20588,111089.4,,,,mizuho/Wisteria/D4.F90.acc.manu.opt/log/bench.gpu.32_run.csv
non-Kokkos,wisteria,gpu,f90,openacc,manu.opt,separate,nthreads,NTHREADS=128,64,4913,0.008669,1.657004,1736.636,,,,mizuho/Wisteria/D4.F90.acc.manu.opt/log/bench.gpu.64_run.csv
non-Kokkos,wisteria,gpu,f90,openacc,manu.opt,separate,nthreads,NTHREADS=128,64,35937,0.022157,10.06488,13887.39,,,,mizuho/Wisteria/D4.F90.acc.manu.opt/log/bench.gpu.64_run.csv
non-Kokkos,wisteria,gpu,f90,openacc,manu.opt,separate,nthreads,NTHREADS=128,64,274625,0.098053,35.65781,111087.8,,,,mizuho/Wisteria/D4.F90.acc.manu.opt/log/bench.gpu.64_run.csv
non-Kokkos,wisteria,gpu,cpp,openacc,auto.opt,managed,nthreads,NTHREADS=128,32,4913,0.011241,1.670517,1736.643,,,,mizuho/Wisteria/A2.C++.acc.auto.opt/log/bench.gpu.32_run.csv
non-Kokkos,wisteria,gpu,cpp,openacc,auto.opt,managed,nthreads,NTHREADS=128,32,35937,0.027159,10.53764,13887.51,,,,mizuho/Wisteria/A2.C++.acc.auto.opt/log/bench.gpu.32_run.csv
non-Kokkos,wisteria,gpu,cpp,openacc,auto.opt,managed,nthreads,NTHREADS=128,32,274625,0.107388,41.77446,111089.4,,,,mizuho/Wisteria/A2.C++.acc.auto.opt/log/bench.gpu.32_run.csv
non-Kokkos,wisteria,gpu,cpp,openacc,auto.opt,managed,nthreads,NTHREADS=128,64,4913,0.008612,1.667968,1736.636,,,,mizuho/Wisteria/A2.C++.acc.auto.opt/log/bench.gpu.64_run.csv
non-Kokkos,wisteria,gpu,cpp,openacc,auto.opt,managed,nthreads,NTHREADS=128,64,35937,0.021339,10.45071,13887.39,,,,mizuho/Wisteria/A2.C++.acc.auto.opt/log/bench.gpu.64_run.csv
non-Kokkos,wisteria,gpu,cpp,openacc,auto.opt,managed,nthreads,NTHREADS=128,64,274625,0.083921,41.66247,111087.8,,,,mizuho/Wisteria/A2.C++.acc.auto.opt/log/bench.gpu.64_run.csv
non-Kokkos,wisteria,gpu,cpp,openmp-target,manu.def,separate,baseline,,32,4913,0.010543,1.781129,1736.632,,,,mizuho/Wisteria/B3.C++.omp.manu.def/log/bench.gpu.32_run.csv
non-Kokkos,wisteria,gpu,cpp,openmp-target,manu.def,separate,baseline,,32,35937,0.023248,12.8928,13887.12,,,,mizuho/Wisteria/B3.C++.omp.manu.def/log/bench.gpu.32_run.csv
non-Kokkos,wisteria,gpu,cpp,openmp-target,manu.def,separate,baseline,,32,274625,0.073735,64.91529,111081.4,,,,mizuho/Wisteria/B3.C++.omp.manu.def/log/bench.gpu.32_run.csv
non-Kokkos,wisteria,gpu,cpp,openmp-target,manu.def,separate,baseline,,64,4913,0.008192,1.753454,1736.636,,,,mizuho/Wisteria/B3.C++.omp.manu.def/log/bench.gpu.64_run.csv
non-Kokkos,wisteria,gpu,cpp,openmp-target,manu.def,separate,baseline,,64,35937,0.017652,12.63368,13887.39,,,,mizuho/Wisteria/B3.C++.omp.manu.def/log/bench.gpu.64_run.csv
non-Kokkos,wisteria,gpu,cpp,openmp-target,manu.def,separate,baseline,,64,274625,0.059837,58.43122,111087.8,,,,mizuho/Wisteria/B3.C++.omp.manu.def/log/bench.gpu.64_run.csv
non-Kokkos,wisteria,gpu,f90,openacc,manu.def,separate,baseline,,32,4913,0.010874,1.618645,1736.626,,,,mizuho/Wisteria/D3.F90.acc.manu.def/log/bench.gpu.32_run.csv
non-Kokkos,wisteria,gpu,f90,openacc,manu.def,separate,baseline,,32,35937,0.027843,8.738873,13887.06,,,,mizuho/Wisteria/D3.F90.acc.manu.def/log/bench.gpu.32_run.csv
non-Kokkos,wisteria,gpu,f90,openacc,manu.def,separate,baseline,,32,274625,0.208449,22.70822,111080.7,,,,mizuho/Wisteria/D3.F90.acc.manu.def/log/bench.gpu.32_run.csv
non-Kokkos,wisteria,gpu,f90,openacc,manu.def,separate,baseline,,64,4913,0.008879,1.617761,1736.636,,,,mizuho/Wisteria/D3.F90.acc.manu.def/log/bench.gpu.64_run.csv
non-Kokkos,wisteria,gpu,f90,openacc,manu.def,separate,baseline,,64,35937,0.026834,8.310614,13887.39,,,,mizuho/Wisteria/D3.F90.acc.manu.def/log/bench.gpu.64_run.csv
non-Kokkos,wisteria,gpu,f90,openacc,manu.def,separate,baseline,,64,274625,0.177946,19.64839,111087.8,,,,mizuho/Wisteria/D3.F90.acc.manu.def/log/bench.gpu.64_run.csv
non-Kokkos,miyabi,gpu,cpp,openacc,manu.opt,separate,nthreads,NTHREADS=128,32,4913,0.007897,2.377922,1736.643,,,,mizuho/Miyabi/A4.C++.acc.manu.opt/log/bench.gpu.32_run.csv
non-Kokkos,miyabi,gpu,cpp,openacc,manu.opt,separate,nthreads,NTHREADS=128,32,35937,0.018562,15.41808,13887.51,,,,mizuho/Miyabi/A4.C++.acc.manu.opt/log/bench.gpu.32_run.csv
non-Kokkos,miyabi,gpu,cpp,openacc,manu.opt,separate,nthreads,NTHREADS=128,32,274625,0.075227,59.63385,111089.4,,,,mizuho/Miyabi/A4.C++.acc.manu.opt/log/bench.gpu.32_run.csv
non-Kokkos,miyabi,gpu,cpp,openacc,manu.opt,separate,nthreads,NTHREADS=128,64,4913,0.006019,2.386559,1736.636,,,,mizuho/Miyabi/A4.C++.acc.manu.opt/log/bench.gpu.64_run.csv
non-Kokkos,miyabi,gpu,cpp,openacc,manu.opt,separate,nthreads,NTHREADS=128,64,35937,0.014559,15.31744,13887.39,,,,mizuho/Miyabi/A4.C++.acc.manu.opt/log/bench.gpu.64_run.csv
non-Kokkos,miyabi,gpu,cpp,openacc,manu.opt,separate,nthreads,NTHREADS=128,64,274625,0.062387,56.04301,111087.8,,,,mizuho/Miyabi/A4.C++.acc.manu.opt/log/bench.gpu.64_run.csv
non-Kokkos,miyabi,uni,cpp,stdpar,auto.opt,unified,baseline,,64,4913,0.005155,2.786452,1736.636,,,,mizuho/Miyabi/C2.C++.std.auto.opt/log/bench.uni.64_run.csv
non-Kokkos,miyabi,uni,cpp,stdpar,auto.opt,unified,baseline,,64,35937,0.010723,20.79686,13887.39,,,,mizuho/Miyabi/C2.C++.std.auto.opt/log/bench.uni.64_run.csv
non-Kokkos,miyabi,uni,cpp,stdpar,auto.opt,unified,baseline,,64,274625,0.030564,114.3943,111087.8,,,,mizuho/Miyabi/C2.C++.std.auto.opt/log/bench.uni.64_run.csv
non-Kokkos,miyabi,uni,cpp,stdpar,auto.opt,unified,baseline,,32,4913,0.006649,2.824209,1736.638,,,,mizuho/Miyabi/C2.C++.std.auto.opt/log/bench.uni.32_run.csv
non-Kokkos,miyabi,uni,cpp,stdpar,auto.opt,unified,baseline,,32,35937,0.013654,22.11679,13886.93,,,,mizuho/Miyabi/C2.C++.std.auto.opt/log/bench.uni.32_run.csv
non-Kokkos,miyabi,uni,cpp,stdpar,auto.opt,unified,baseline,,32,274625,0.03436,137.7615,111083.6,,,,mizuho/Miyabi/C2.C++.std.auto.opt/log/bench.uni.32_run.csv
non-Kokkos,miyabi,uni,cpp,openacc,auto.def,unified,baseline,,64,4913,0.003614,3.974711,1736.636,,,,mizuho/Miyabi/A1.C++.acc.auto.def/log/bench.uni.64_run.csv
non-Kokkos,miyabi,uni,cpp,openacc,auto.def,unified,baseline,,64,35937,0.011137,20.02397,13887.39,,,,mizuho/Miyabi/A1.C++.acc.auto.def/log/bench.uni.64_run.csv
non-Kokkos,miyabi,uni,cpp,openacc,auto.def,unified,baseline,,64,274625,0.086275,40.52576,111087.8,,,,mizuho/Miyabi/A1.C++.acc.auto.def/log/bench.uni.64_run.csv
non-Kokkos,miyabi,gpu,cpp,openacc,auto.def,managed,baseline,,32,4913,0.007079,2.486352,1736.626,,,,mizuho/Miyabi/A1.C++.acc.auto.def/log/bench.gpu.32_run.csv
non-Kokkos,miyabi,gpu,cpp,openacc,auto.def,managed,baseline,,32,35937,0.016436,14.80378,13887.06,,,,mizuho/Miyabi/A1.C++.acc.auto.def/log/bench.gpu.32_run.csv
non-Kokkos,miyabi,gpu,cpp,openacc,auto.def,managed,baseline,,32,274625,0.121346,39.00835,111080.7,,,,mizuho/Miyabi/A1.C++.acc.auto.def/log/bench.gpu.32_run.csv
non-Kokkos,miyabi,uni,cpp,openacc,auto.def,unified,baseline,,32,4913,0.004433,3.970354,1736.626,,,,mizuho/Miyabi/A1.C++.acc.auto.def/log/bench.uni.32_run.csv
non-Kokkos,miyabi,uni,cpp,openacc,auto.def,unified,baseline,,32,35937,0.011662,20.86403,13887.06,,,,mizuho/Miyabi/A1.C++.acc.auto.def/log/bench.uni.32_run.csv
non-Kokkos,miyabi,uni,cpp,openacc,auto.def,unified,baseline,,32,274625,0.109684,43.15587,111080.7,,,,mizuho/Miyabi/A1.C++.acc.auto.def/log/bench.uni.32_run.csv
non-Kokkos,miyabi,gpu,cpp,openacc,auto.def,managed,baseline,,64,4913,0.005772,2.488689,1736.636,,,,mizuho/Miyabi/A1.C++.acc.auto.def/log/bench.gpu.64_run.csv
non-Kokkos,miyabi,gpu,cpp,openacc,auto.def,managed,baseline,,64,35937,0.01533,14.54703,13887.39,,,,mizuho/Miyabi/A1.C++.acc.auto.def/log/bench.gpu.64_run.csv
non-Kokkos,miyabi,gpu,cpp,openacc,auto.def,managed,baseline,,64,274625,0.094244,37.09896,111087.8,,,,mizuho/Miyabi/A1.C++.acc.auto.def/log/bench.gpu.64_run.csv
non-Kokkos,miyabi,uni,f90,openacc,auto.opt,unified,nthreads,NTHREADS=128,64,4913,0.003518,4.083272,1736.636,,,,mizuho/Miyabi/D2.F90.acc.auto.opt/log/bench.uni.64_run.csv
non-Kokkos,miyabi,uni,f90,openacc,auto.opt,unified,nthreads,NTHREADS=128,64,35937,0.009967,22.37435,13887.39,,,,mizuho/Miyabi/D2.F90.acc.auto.opt/log/bench.uni.64_run.csv
non-Kokkos,miyabi,uni,f90,openacc,auto.opt,unified,nthreads,NTHREADS=128,64,274625,0.048275,72.42579,111087.8,,,,mizuho/Miyabi/D2.F90.acc.auto.opt/log/bench.uni.64_run.csv
non-Kokkos,miyabi,gpu,f90,openacc,auto.opt,managed,nthreads,NTHREADS=128,32,4913,0.007403,2.536522,1736.643,,,,mizuho/Miyabi/D2.F90.acc.auto.opt/log/bench.gpu.32_run.csv
non-Kokkos,miyabi,gpu,f90,openacc,auto.opt,managed,nthreads,NTHREADS=128,32,35937,0.017531,16.32474,13887.51,,,,mizuho/Miyabi/D2.F90.acc.auto.opt/log/bench.gpu.32_run.csv
non-Kokkos,miyabi,gpu,f90,openacc,auto.opt,managed,nthreads,NTHREADS=128,32,274625,0.068665,65.333,111089.4,,,,mizuho/Miyabi/D2.F90.acc.auto.opt/log/bench.gpu.32_run.csv
non-Kokkos,miyabi,uni,f90,openacc,auto.opt,unified,nthreads,NTHREADS=128,32,4913,0.004542,4.134246,1736.643,,,,mizuho/Miyabi/D2.F90.acc.auto.opt/log/bench.uni.32_run.csv
non-Kokkos,miyabi,uni,f90,openacc,auto.opt,unified,nthreads,NTHREADS=128,32,35937,0.012358,23.1585,13887.51,,,,mizuho/Miyabi/D2.F90.acc.auto.opt/log/bench.uni.32_run.csv
non-Kokkos,miyabi,uni,f90,openacc,auto.opt,unified,nthreads,NTHREADS=128,32,274625,0.058917,76.14257,111089.4,,,,mizuho/Miyabi/D2.F90.acc.auto.opt/log/bench.uni.32_run.csv
non-Kokkos,miyabi,gpu,f90,openacc,auto.opt,managed,nthreads,NTHREADS=128,64,4913,0.005717,2.51256,1736.636,,,,mizuho/Miyabi/D2.F90.acc.auto.opt/log/bench.gpu.64_run.csv
non-Kokkos,miyabi,gpu,f90,openacc,auto.opt,managed,nthreads,NTHREADS=128,64,35937,0.014013,15.91424,13887.39,,,,mizuho/Miyabi/D2.F90.acc.auto.opt/log/bench.gpu.64_run.csv
non-Kokkos,miyabi,gpu,f90,openacc,auto.opt,managed,nthreads,NTHREADS=128,64,274625,0.054368,64.30903,111087.8,,,,mizuho/Miyabi/D2.F90.acc.auto.opt/log/bench.gpu.64_run.csv
non-Kokkos,miyabi,uni,f90,do-concurrent,auto.def,unified,baseline,,64,4913,0.003407,4.216142,1736.636,,,,mizuho/Miyabi/F1.F90.std.auto.def/log/bench.uni.64_run.csv
non-Kokkos,miyabi,uni,f90,do-concurrent,auto.def,unified,baseline,,64,35937,0.007959,28.01988,13887.39,,,,mizuho/Miyabi/F1.F90.std.auto.def/log/bench.uni.64_run.csv
non-Kokkos,miyabi,uni,f90,do-concurrent,auto.def,unified,baseline,,64,274625,0.033635,103.9502,111087.8,,,,mizuho/Miyabi/F1.F90.std.auto.def/log/bench.uni.64_run.csv
non-Kokkos,miyabi,gpu,f90,do-concurrent,auto.def,managed,baseline,,32,4913,0.007238,2.594424,1736.632,,,,mizuho/Miyabi/F1.F90.std.auto.def/log/bench.gpu.32_run.csv
non-Kokkos,miyabi,gpu,f90,do-concurrent,auto.def,managed,baseline,,32,35937,0.015014,19.36233,13887.11,,,,mizuho/Miyabi/F1.F90.std.auto.def/log/bench.gpu.32_run.csv
non-Kokkos,miyabi,gpu,f90,do-concurrent,auto.def,managed,baseline,,32,274625,0.0425,110.9607,111081.5,,,,mizuho/Miyabi/F1.F90.std.auto.def/log/bench.gpu.32_run.csv
non-Kokkos,miyabi,uni,f90,do-concurrent,auto.def,unified,baseline,,32,4913,0.004372,4.29499,1736.632,,,,mizuho/Miyabi/F1.F90.std.auto.def/log/bench.uni.32_run.csv
non-Kokkos,miyabi,uni,f90,do-concurrent,auto.def,unified,baseline,,32,35937,0.009605,30.2662,13887.11,,,,mizuho/Miyabi/F1.F90.std.auto.def/log/bench.uni.32_run.csv
non-Kokkos,miyabi,uni,f90,do-concurrent,auto.def,unified,baseline,,32,274625,0.038915,121.1832,111081.5,,,,mizuho/Miyabi/F1.F90.std.auto.def/log/bench.uni.32_run.csv
non-Kokkos,miyabi,gpu,f90,do-concurrent,auto.def,managed,baseline,,64,4913,0.005639,2.547405,1736.636,,,,mizuho/Miyabi/F1.F90.std.auto.def/log/bench.gpu.64_run.csv
non-Kokkos,miyabi,gpu,f90,do-concurrent,auto.def,managed,baseline,,64,35937,0.011779,18.93249,13887.39,,,,mizuho/Miyabi/F1.F90.std.auto.def/log/bench.gpu.64_run.csv
non-Kokkos,miyabi,gpu,f90,do-concurrent,auto.def,managed,baseline,,64,274625,0.034869,100.2713,111087.8,,,,mizuho/Miyabi/F1.F90.std.auto.def/log/bench.gpu.64_run.csv
non-Kokkos,miyabi,gpu,cpp,openacc,manu.def,separate,baseline,,32,4913,0.007577,2.322995,1736.626,,,,mizuho/Miyabi/A3.C++.acc.manu.def/log/bench.gpu.32_run.csv
non-Kokkos,miyabi,gpu,cpp,openacc,manu.def,separate,baseline,,32,35937,0.016989,14.322,13887.06,,,,mizuho/Miyabi/A3.C++.acc.manu.def/log/bench.gpu.32_run.csv
non-Kokkos,miyabi,gpu,cpp,openacc,manu.def,separate,baseline,,32,274625,0.1258,37.62721,111080.7,,,,mizuho/Miyabi/A3.C++.acc.manu.def/log/bench.gpu.32_run.csv
non-Kokkos,miyabi,gpu,cpp,openacc,manu.def,separate,baseline,,64,4913,0.006135,2.341391,1736.636,,,,mizuho/Miyabi/A3.C++.acc.manu.def/log/bench.gpu.64_run.csv
non-Kokkos,miyabi,gpu,cpp,openacc,manu.def,separate,baseline,,64,35937,0.015909,14.01771,13887.39,,,,mizuho/Miyabi/A3.C++.acc.manu.def/log/bench.gpu.64_run.csv
non-Kokkos,miyabi,gpu,cpp,openacc,manu.def,separate,baseline,,64,274625,0.101986,34.28264,111087.8,,,,mizuho/Miyabi/A3.C++.acc.manu.def/log/bench.gpu.64_run.csv
non-Kokkos,miyabi,uni,cpp,openmp-target,auto.opt,unified,nthreads,NTHREADS=128,64,4913,0.004927,2.915352,1736.636,,,,mizuho/Miyabi/B2.C++.omp.auto.opt/log/bench.uni.64_run.csv
non-Kokkos,miyabi,uni,cpp,openmp-target,auto.opt,unified,nthreads,NTHREADS=128,64,35937,0.010554,21.12995,13887.39,,,,mizuho/Miyabi/B2.C++.omp.auto.opt/log/bench.uni.64_run.csv
non-Kokkos,miyabi,uni,cpp,openmp-target,auto.opt,unified,nthreads,NTHREADS=128,64,274625,0.040951,85.37945,111087.8,,,,mizuho/Miyabi/B2.C++.omp.auto.opt/log/bench.uni.64_run.csv
non-Kokkos,miyabi,gpu,cpp,openmp-target,auto.opt,managed,nthreads,NTHREADS=128,32,4913,0.006165,3.045925,1736.632,,,,mizuho/Miyabi/B2.C++.omp.auto.opt/log/bench.gpu.32_run.csv
non-Kokkos,miyabi,gpu,cpp,openmp-target,auto.opt,managed,nthreads,NTHREADS=128,32,35937,0.013479,22.40432,13887.11,,,,mizuho/Miyabi/B2.C++.omp.auto.opt/log/bench.gpu.32_run.csv
non-Kokkos,miyabi,gpu,cpp,openmp-target,auto.opt,managed,nthreads,NTHREADS=128,32,274625,0.049102,100.7211,111081.6,,,,mizuho/Miyabi/B2.C++.omp.auto.opt/log/bench.gpu.32_run.csv
non-Kokkos,miyabi,uni,cpp,openmp-target,auto.opt,unified,nthreads,NTHREADS=128,32,4913,0.006557,2.863847,1736.631,,,,mizuho/Miyabi/B2.C++.omp.auto.opt/log/bench.uni.32_run.csv
non-Kokkos,miyabi,uni,cpp,openmp-target,auto.opt,unified,nthreads,NTHREADS=128,32,35937,0.013824,21.8452,13887.12,,,,mizuho/Miyabi/B2.C++.omp.auto.opt/log/bench.uni.32_run.csv
non-Kokkos,miyabi,uni,cpp,openmp-target,auto.opt,unified,nthreads,NTHREADS=128,32,274625,0.049711,99.4864,111081.5,,,,mizuho/Miyabi/B2.C++.omp.auto.opt/log/bench.uni.32_run.csv
non-Kokkos,miyabi,gpu,cpp,openmp-target,auto.opt,managed,nthreads,NTHREADS=128,64,4913,0.004782,3.003873,1736.636,,,,mizuho/Miyabi/B2.C++.omp.auto.opt/log/bench.gpu.64_run.csv
non-Kokkos,miyabi,gpu,cpp,openmp-target,auto.opt,managed,nthreads,NTHREADS=128,64,35937,0.010225,21.81037,13887.39,,,,mizuho/Miyabi/B2.C++.omp.auto.opt/log/bench.gpu.64_run.csv
non-Kokkos,miyabi,gpu,cpp,openmp-target,auto.opt,managed,nthreads,NTHREADS=128,64,274625,0.039922,87.57965,111087.8,,,,mizuho/Miyabi/B2.C++.omp.auto.opt/log/bench.gpu.64_run.csv
non-Kokkos,miyabi,gpu,cpp,openmp-target,manu.opt,separate,nthreads,NTHREADS=128,32,4913,0.006285,2.987805,1736.631,,,,mizuho/Miyabi/B4.C++.omp.manu.opt/log/bench.gpu.32_run.csv
non-Kokkos,miyabi,gpu,cpp,openmp-target,manu.opt,separate,nthreads,NTHREADS=128,32,35937,0.014292,21.12984,13887.12,,,,mizuho/Miyabi/B4.C++.omp.manu.opt/log/bench.gpu.32_run.csv
non-Kokkos,miyabi,gpu,cpp,openmp-target,manu.opt,separate,nthreads,NTHREADS=128,32,274625,0.05554,89.04582,111081.4,,,,mizuho/Miyabi/B4.C++.omp.manu.opt/log/bench.gpu.32_run.csv
non-Kokkos,miyabi,gpu,cpp,openmp-target,manu.opt,separate,nthreads,NTHREADS=128,64,4913,0.004867,2.951341,1736.636,,,,mizuho/Miyabi/B4.C++.omp.manu.opt/log/bench.gpu.64_run.csv
non-Kokkos,miyabi,gpu,cpp,openmp-target,manu.opt,separate,nthreads,NTHREADS=128,64,35937,0.010719,20.80519,13887.39,,,,mizuho/Miyabi/B4.C++.omp.manu.opt/log/bench.gpu.64_run.csv
non-Kokkos,miyabi,gpu,cpp,openmp-target,manu.opt,separate,nthreads,NTHREADS=128,64,274625,0.048472,72.13154,111087.8,,,,mizuho/Miyabi/B4.C++.omp.manu.opt/log/bench.gpu.64_run.csv
non-Kokkos,miyabi,gpu,f90,openmp-target,manu.def,separate,baseline,,32,4913,0.006194,3.031738,1736.632,,,,mizuho/Miyabi/E3.F90.omp.manu.def/log/bench.gpu.32_run.csv
non-Kokkos,miyabi,gpu,f90,openmp-target,manu.def,separate,baseline,,32,35937,0.013633,21.98569,13887.13,,,,mizuho/Miyabi/E3.F90.omp.manu.def/log/bench.gpu.32_run.csv
non-Kokkos,miyabi,gpu,f90,openmp-target,manu.def,separate,baseline,,32,274625,0.066304,74.32312,111081.4,,,,mizuho/Miyabi/E3.F90.omp.manu.def/log/bench.gpu.32_run.csv
non-Kokkos,miyabi,gpu,f90,openmp-target,manu.def,separate,baseline,,64,4913,0.00486,2.955685,1736.636,,,,mizuho/Miyabi/E3.F90.omp.manu.def/log/bench.gpu.64_run.csv
non-Kokkos,miyabi,gpu,f90,openmp-target,manu.def,separate,baseline,,64,35937,0.010485,21.26929,13887.39,,,,mizuho/Miyabi/E3.F90.omp.manu.def/log/bench.gpu.64_run.csv
non-Kokkos,miyabi,gpu,f90,openmp-target,manu.def,separate,baseline,,64,274625,0.076985,45.41612,111087.8,,,,mizuho/Miyabi/E3.F90.omp.manu.def/log/bench.gpu.64_run.csv
non-Kokkos,miyabi,gpu,f90,openmp-target,manu.opt,separate,nthreads,NTHREADS=128,32,4913,0.006384,2.941497,1736.632,,,,mizuho/Miyabi/E4.F90.omp.manu.opt/log/bench.gpu.32_run.csv
non-Kokkos,miyabi,gpu,f90,openmp-target,manu.opt,separate,nthreads,NTHREADS=128,32,35937,0.01423,21.06331,13887.12,,,,mizuho/Miyabi/E4.F90.omp.manu.opt/log/bench.gpu.32_run.csv
non-Kokkos,miyabi,gpu,f90,openmp-target,manu.opt,separate,nthreads,NTHREADS=128,32,274625,0.059316,83.37713,111081.4,,,,mizuho/Miyabi/E4.F90.omp.manu.opt/log/bench.gpu.32_run.csv
non-Kokkos,miyabi,gpu,f90,openmp-target,manu.opt,separate,nthreads,NTHREADS=128,64,4913,0.004969,2.890734,1736.636,,,,mizuho/Miyabi/E4.F90.omp.manu.opt/log/bench.gpu.64_run.csv
non-Kokkos,miyabi,gpu,f90,openmp-target,manu.opt,separate,nthreads,NTHREADS=128,64,35937,0.010644,20.95152,13887.39,,,,mizuho/Miyabi/E4.F90.omp.manu.opt/log/bench.gpu.64_run.csv
non-Kokkos,miyabi,gpu,f90,openmp-target,manu.opt,separate,nthreads,NTHREADS=128,64,274625,0.052645,66.41384,111087.8,,,,mizuho/Miyabi/E4.F90.omp.manu.opt/log/bench.gpu.64_run.csv
non-Kokkos,miyabi,uni,cpp,openmp-target,auto.def,unified,baseline,,64,4913,0.00484,2.967915,1736.636,,,,mizuho/Miyabi/B1.C++.omp.auto.def/log/bench.uni.64_run.csv
non-Kokkos,miyabi,uni,cpp,openmp-target,auto.def,unified,baseline,,64,35937,0.010452,21.33673,13887.39,,,,mizuho/Miyabi/B1.C++.omp.auto.def/log/bench.uni.64_run.csv
non-Kokkos,miyabi,uni,cpp,openmp-target,auto.def,unified,baseline,,64,274625,0.061954,56.43467,111087.8,,,,mizuho/Miyabi/B1.C++.omp.auto.def/log/bench.uni.64_run.csv
non-Kokkos,miyabi,gpu,cpp,openmp-target,auto.def,managed,baseline,,32,4913,0.005995,3.132418,1736.632,,,,mizuho/Miyabi/B1.C++.omp.auto.def/log/bench.gpu.32_run.csv
non-Kokkos,miyabi,gpu,cpp,openmp-target,auto.def,managed,baseline,,32,35937,0.013044,23.15126,13887.11,,,,mizuho/Miyabi/B1.C++.omp.auto.def/log/bench.gpu.32_run.csv
non-Kokkos,miyabi,gpu,cpp,openmp-target,auto.def,managed,baseline,,32,274625,0.056899,86.60805,111081.3,,,,mizuho/Miyabi/B1.C++.omp.auto.def/log/bench.gpu.32_run.csv
non-Kokkos,miyabi,uni,cpp,openmp-target,auto.def,unified,baseline,,32,4913,0.006459,2.907295,1736.632,,,,mizuho/Miyabi/B1.C++.omp.auto.def/log/bench.uni.32_run.csv
non-Kokkos,miyabi,uni,cpp,openmp-target,auto.def,unified,baseline,,32,35937,0.013271,22.75571,13887.12,,,,mizuho/Miyabi/B1.C++.omp.auto.def/log/bench.uni.32_run.csv
non-Kokkos,miyabi,uni,cpp,openmp-target,auto.def,unified,baseline,,32,274625,0.060717,81.16225,111081.4,,,,mizuho/Miyabi/B1.C++.omp.auto.def/log/bench.uni.32_run.csv
non-Kokkos,miyabi,gpu,cpp,openmp-target,auto.def,managed,baseline,,64,4913,0.004714,3.047171,1736.636,,,,mizuho/Miyabi/B1.C++.omp.auto.def/log/bench.gpu.64_run.csv
non-Kokkos,miyabi,gpu,cpp,openmp-target,auto.def,managed,baseline,,64,35937,0.010042,22.20754,13887.39,,,,mizuho/Miyabi/B1.C++.omp.auto.def/log/bench.gpu.64_run.csv
non-Kokkos,miyabi,gpu,cpp,openmp-target,auto.def,managed,baseline,,64,274625,0.061089,57.23375,111087.8,,,,mizuho/Miyabi/B1.C++.omp.auto.def/log/bench.gpu.64_run.csv
non-Kokkos,miyabi,uni,f90,openmp-target,auto.def,unified,baseline,,64,4913,0.004971,2.889625,1736.636,,,,mizuho/Miyabi/E1.F90.omp.auto.def/log/bench.uni.64_run.csv
non-Kokkos,miyabi,uni,f90,openmp-target,auto.def,unified,baseline,,64,35937,0.010597,21.04391,13887.39,,,,mizuho/Miyabi/E1.F90.omp.auto.def/log/bench.uni.64_run.csv
non-Kokkos,miyabi,uni,f90,openmp-target,auto.def,unified,baseline,,64,274625,0.063036,55.46603,111087.8,,,,mizuho/Miyabi/E1.F90.omp.auto.def/log/bench.uni.64_run.csv
non-Kokkos,miyabi,gpu,f90,openmp-target,auto.def,managed,baseline,,32,4913,0.006183,3.037116,1736.631,,,,mizuho/Miyabi/E1.F90.omp.auto.def/log/bench.gpu.32_run.csv
non-Kokkos,miyabi,gpu,f90,openmp-target,auto.def,managed,baseline,,32,35937,0.013707,22.03139,13887.11,,,,mizuho/Miyabi/E1.F90.omp.auto.def/log/bench.gpu.32_run.csv
non-Kokkos,miyabi,gpu,f90,openmp-target,auto.def,managed,baseline,,32,274625,0.058748,83.88229,111081.4,,,,mizuho/Miyabi/E1.F90.omp.auto.def/log/bench.gpu.32_run.csv
non-Kokkos,miyabi,uni,f90,openmp-target,auto.def,unified,baseline,,32,4913,0.00656,2.862494,1736.632,,,,mizuho/Miyabi/E1.F90.omp.auto.def/log/bench.uni.32_run.csv
non-Kokkos,miyabi,uni,f90,openmp-target,auto.def,unified,baseline,,32,35937,0.013877,21.76151,13887.11,,,,mizuho/Miyabi/E1.F90.omp.auto.def/log/bench.uni.32_run.csv
non-Kokkos,miyabi,uni,f90,openmp-target,auto.def,unified,baseline,,32,274625,0.061898,79.61353,111081.4,,,,mizuho/Miyabi/E1.F90.omp.auto.def/log/bench.uni.32_run.csv
non-Kokkos,miyabi,gpu,f90,openmp-target,auto.def,managed,baseline,,64,4913,0.004804,2.990157,1736.636,,,,mizuho/Miyabi/E1.F90.omp.auto.def/log/bench.gpu.64_run.csv
non-Kokkos,miyabi,gpu,f90,openmp-target,auto.def,managed,baseline,,64,35937,0.010279,21.69553,13887.39,,,,mizuho/Miyabi/E1.F90.omp.auto.def/log/bench.gpu.64_run.csv
non-Kokkos,miyabi,gpu,f90,openmp-target,auto.def,managed,baseline,,64,274625,0.061352,56.98865,111087.8,,,,mizuho/Miyabi/E1.F90.omp.auto.def/log/bench.gpu.64_run.csv
non-Kokkos,miyabi,uni,f90,do-concurrent,auto.opt,unified,baseline,,64,4913,0.003453,4.159958,1736.636,,,,mizuho/Miyabi/F2.F90.std.auto.opt/log/bench.uni.64_run.csv
non-Kokkos,miyabi,uni,f90,do-concurrent,auto.opt,unified,baseline,,64,35937,0.007977,27.95623,13887.39,,,,mizuho/Miyabi/F2.F90.std.auto.opt/log/bench.uni.64_run.csv
non-Kokkos,miyabi,uni,f90,do-concurrent,auto.opt,unified,baseline,,64,274625,0.03391,103.1075,111087.8,,,,mizuho/Miyabi/F2.F90.std.auto.opt/log/bench.uni.64_run.csv
non-Kokkos,miyabi,gpu,f90,do-concurrent,auto.opt,managed,baseline,,32,4913,0.007338,2.55902,1736.632,,,,mizuho/Miyabi/F2.F90.std.auto.opt/log/bench.gpu.32_run.csv
non-Kokkos,miyabi,gpu,f90,do-concurrent,auto.opt,managed,baseline,,32,35937,0.014772,19.67921,13887.11,,,,mizuho/Miyabi/F2.F90.std.auto.opt/log/bench.gpu.32_run.csv
non-Kokkos,miyabi,gpu,f90,do-concurrent,auto.opt,managed,baseline,,32,274625,0.041591,113.3855,111081.5,,,,mizuho/Miyabi/F2.F90.std.auto.opt/log/bench.gpu.32_run.csv
non-Kokkos,miyabi,uni,f90,do-concurrent,auto.opt,unified,baseline,,32,4913,0.004437,4.232215,1736.632,,,,mizuho/Miyabi/F2.F90.std.auto.opt/log/bench.uni.32_run.csv
non-Kokkos,miyabi,uni,f90,do-concurrent,auto.opt,unified,baseline,,32,35937,0.009264,31.38008,13887.11,,,,mizuho/Miyabi/F2.F90.std.auto.opt/log/bench.uni.32_run.csv
non-Kokkos,miyabi,uni,f90,do-concurrent,auto.opt,unified,baseline,,32,274625,0.036702,128.4901,111081.5,,,,mizuho/Miyabi/F2.F90.std.auto.opt/log/bench.uni.32_run.csv
non-Kokkos,miyabi,gpu,f90,do-concurrent,auto.opt,managed,baseline,,64,4913,0.005687,2.525832,1736.636,,,,mizuho/Miyabi/F2.F90.std.auto.opt/log/bench.gpu.64_run.csv
non-Kokkos,miyabi,gpu,f90,do-concurrent,auto.opt,managed,baseline,,64,35937,0.011747,18.98436,13887.39,,,,mizuho/Miyabi/F2.F90.std.auto.opt/log/bench.gpu.64_run.csv
non-Kokkos,miyabi,gpu,f90,do-concurrent,auto.opt,managed,baseline,,64,274625,0.034763,100.5766,111087.8,,,,mizuho/Miyabi/F2.F90.std.auto.opt/log/bench.gpu.64_run.csv
non-Kokkos,miyabi,uni,cpp,stdpar,auto.def,unified,baseline,,64,4913,0.005178,2.774135,1736.636,,,,mizuho/Miyabi/C1.C++.std.auto.def/log/bench.uni.64_run.csv
non-Kokkos,miyabi,uni,cpp,stdpar,auto.def,unified,baseline,,64,35937,0.010846,20.56142,13887.39,,,,mizuho/Miyabi/C1.C++.std.auto.def/log/bench.uni.64_run.csv
non-Kokkos,miyabi,uni,cpp,stdpar,auto.def,unified,baseline,,64,274625,0.030317,115.3272,111087.8,,,,mizuho/Miyabi/C1.C++.std.auto.def/log/bench.uni.64_run.csv
non-Kokkos,miyabi,uni,cpp,stdpar,auto.def,unified,baseline,,32,4913,0.006274,2.805425,1736.627,,,,mizuho/Miyabi/C1.C++.std.auto.def/log/bench.uni.32_run.csv
non-Kokkos,miyabi,uni,cpp,stdpar,auto.def,unified,baseline,,32,35937,0.013537,22.30844,13887.03,,,,mizuho/Miyabi/C1.C++.std.auto.def/log/bench.uni.32_run.csv
non-Kokkos,miyabi,uni,cpp,stdpar,auto.def,unified,baseline,,32,274625,0.034572,136.4057,111085.9,,,,mizuho/Miyabi/C1.C++.std.auto.def/log/bench.uni.32_run.csv
non-Kokkos,miyabi,uni,f90,openacc,auto.def,unified,baseline,,64,4913,0.003635,3.95151,1736.636,,,,mizuho/Miyabi/D1.F90.acc.auto.def/log/bench.uni.64_run.csv
non-Kokkos,miyabi,uni,f90,openacc,auto.def,unified,baseline,,64,35937,0.010847,20.55961,13887.39,,,,mizuho/Miyabi/D1.F90.acc.auto.def/log/bench.uni.64_run.csv
non-Kokkos,miyabi,uni,f90,openacc,auto.def,unified,baseline,,64,274625,0.077807,44.93628,111087.8,,,,mizuho/Miyabi/D1.F90.acc.auto.def/log/bench.uni.64_run.csv
non-Kokkos,miyabi,gpu,f90,openacc,auto.def,managed,baseline,,32,4913,0.007122,2.47137,1736.626,,,,mizuho/Miyabi/D1.F90.acc.auto.def/log/bench.gpu.32_run.csv
non-Kokkos,miyabi,gpu,f90,openacc,auto.def,managed,baseline,,32,35937,0.015966,15.23972,13887.06,,,,mizuho/Miyabi/D1.F90.acc.auto.def/log/bench.gpu.32_run.csv
non-Kokkos,miyabi,gpu,f90,openacc,auto.def,managed,baseline,,32,274625,0.11487,41.20758,111080.7,,,,mizuho/Miyabi/D1.F90.acc.auto.def/log/bench.gpu.32_run.csv
non-Kokkos,miyabi,uni,f90,openacc,auto.def,unified,baseline,,32,4913,0.004302,4.091602,1736.626,,,,mizuho/Miyabi/D1.F90.acc.auto.def/log/bench.uni.32_run.csv
non-Kokkos,miyabi,uni,f90,openacc,auto.def,unified,baseline,,32,35937,0.011647,20.89093,13887.06,,,,mizuho/Miyabi/D1.F90.acc.auto.def/log/bench.uni.32_run.csv
non-Kokkos,miyabi,uni,f90,openacc,auto.def,unified,baseline,,32,274625,0.103351,45.80036,111080.7,,,,mizuho/Miyabi/D1.F90.acc.auto.def/log/bench.uni.32_run.csv
non-Kokkos,miyabi,gpu,f90,openacc,auto.def,managed,baseline,,64,4913,0.005759,2.494253,1736.636,,,,mizuho/Miyabi/D1.F90.acc.auto.def/log/bench.gpu.64_run.csv
non-Kokkos,miyabi,gpu,f90,openacc,auto.def,managed,baseline,,64,35937,0.014846,15.02151,13887.39,,,,mizuho/Miyabi/D1.F90.acc.auto.def/log/bench.gpu.64_run.csv
non-Kokkos,miyabi,gpu,f90,openacc,auto.def,managed,baseline,,64,274625,0.085297,40.99042,111087.8,,,,mizuho/Miyabi/D1.F90.acc.auto.def/log/bench.gpu.64_run.csv
non-Kokkos,miyabi,uni,f90,openmp-target,auto.opt,unified,nthreads,NTHREADS=128,64,4913,0.004978,2.885611,1736.636,,,,mizuho/Miyabi/E2.F90.omp.auto.opt/log/bench.uni.64_run.csv
non-Kokkos,miyabi,uni,f90,openmp-target,auto.opt,unified,nthreads,NTHREADS=128,64,35937,0.011191,19.92756,13887.39,,,,mizuho/Miyabi/E2.F90.omp.auto.opt/log/bench.uni.64_run.csv
non-Kokkos,miyabi,uni,f90,openmp-target,auto.opt,unified,nthreads,NTHREADS=128,64,274625,0.042329,82.59937,111087.8,,,,mizuho/Miyabi/E2.F90.omp.auto.opt/log/bench.uni.64_run.csv
non-Kokkos,miyabi,gpu,f90,openmp-target,auto.opt,managed,nthreads,NTHREADS=128,32,4913,0.006302,2.979667,1736.632,,,,mizuho/Miyabi/E2.F90.omp.auto.opt/log/bench.gpu.32_run.csv
non-Kokkos,miyabi,gpu,f90,openmp-target,auto.opt,managed,nthreads,NTHREADS=128,32,35937,0.013941,21.66177,13887.13,,,,mizuho/Miyabi/E2.F90.omp.auto.opt/log/bench.gpu.32_run.csv
non-Kokkos,miyabi,gpu,f90,openmp-target,auto.opt,managed,nthreads,NTHREADS=128,32,274625,0.049569,99.77208,111081.4,,,,mizuho/Miyabi/E2.F90.omp.auto.opt/log/bench.gpu.32_run.csv
non-Kokkos,miyabi,uni,f90,openmp-target,auto.opt,unified,nthreads,NTHREADS=128,32,4913,0.006642,2.827148,1736.631,,,,mizuho/Miyabi/E2.F90.omp.auto.opt/log/bench.uni.32_run.csv
non-Kokkos,miyabi,uni,f90,openmp-target,auto.opt,unified,nthreads,NTHREADS=128,32,35937,0.014653,20.60932,13887.12,,,,mizuho/Miyabi/E2.F90.omp.auto.opt/log/bench.uni.32_run.csv
non-Kokkos,miyabi,uni,f90,openmp-target,auto.opt,unified,nthreads,NTHREADS=128,32,274625,0.050627,97.68685,111081.4,,,,mizuho/Miyabi/E2.F90.omp.auto.opt/log/bench.uni.32_run.csv
non-Kokkos,miyabi,gpu,f90,openmp-target,auto.opt,managed,nthreads,NTHREADS=128,64,4913,0.004813,2.984528,1736.636,,,,mizuho/Miyabi/E2.F90.omp.auto.opt/log/bench.gpu.64_run.csv
non-Kokkos,miyabi,gpu,f90,openmp-target,auto.opt,managed,nthreads,NTHREADS=128,64,35937,0.010459,21.32165,13887.39,,,,mizuho/Miyabi/E2.F90.omp.auto.opt/log/bench.gpu.64_run.csv
non-Kokkos,miyabi,gpu,f90,openmp-target,auto.opt,managed,nthreads,NTHREADS=128,64,274625,0.040379,86.58834,111087.8,,,,mizuho/Miyabi/E2.F90.omp.auto.opt/log/bench.gpu.64_run.csv
non-Kokkos,miyabi,gpu,f90,openacc,manu.opt,separate,nthreads,NTHREADS=128,32,4913,0.007841,2.394914,1736.643,,,,mizuho/Miyabi/D4.F90.acc.manu.opt/log/bench.gpu.32_run.csv
non-Kokkos,miyabi,gpu,f90,openacc,manu.opt,separate,nthreads,NTHREADS=128,32,35937,0.018429,15.52938,13887.51,,,,mizuho/Miyabi/D4.F90.acc.manu.opt/log/bench.gpu.32_run.csv
non-Kokkos,miyabi,gpu,f90,openacc,manu.opt,separate,nthreads,NTHREADS=128,32,274625,0.085909,52.21886,111089.4,,,,mizuho/Miyabi/D4.F90.acc.manu.opt/log/bench.gpu.32_run.csv
non-Kokkos,miyabi,gpu,f90,openacc,manu.opt,separate,nthreads,NTHREADS=128,64,4913,0.006044,2.376673,1736.636,,,,mizuho/Miyabi/D4.F90.acc.manu.opt/log/bench.gpu.64_run.csv
non-Kokkos,miyabi,gpu,f90,openacc,manu.opt,separate,nthreads,NTHREADS=128,64,35937,0.014457,15.42556,13887.39,,,,mizuho/Miyabi/D4.F90.acc.manu.opt/log/bench.gpu.64_run.csv
non-Kokkos,miyabi,gpu,f90,openacc,manu.opt,separate,nthreads,NTHREADS=128,64,274625,0.06705,52.1455,111087.8,,,,mizuho/Miyabi/D4.F90.acc.manu.opt/log/bench.gpu.64_run.csv
non-Kokkos,miyabi,uni,cpp,openacc,auto.opt,unified,nthreads,NTHREADS=128,64,4913,0.003557,4.038385,1736.636,,,,mizuho/Miyabi/A2.C++.acc.auto.opt/log/bench.uni.64_run.csv
non-Kokkos,miyabi,uni,cpp,openacc,auto.opt,unified,nthreads,NTHREADS=128,64,35937,0.009918,22.48515,13887.39,,,,mizuho/Miyabi/A2.C++.acc.auto.opt/log/bench.uni.64_run.csv
non-Kokkos,miyabi,uni,cpp,openacc,auto.opt,unified,nthreads,NTHREADS=128,64,274625,0.046829,74.66219,111087.8,,,,mizuho/Miyabi/A2.C++.acc.auto.opt/log/bench.uni.64_run.csv
non-Kokkos,miyabi,gpu,cpp,openacc,auto.opt,managed,nthreads,NTHREADS=128,32,4913,0.007438,2.524651,1736.643,,,,mizuho/Miyabi/A2.C++.acc.auto.opt/log/bench.gpu.32_run.csv
non-Kokkos,miyabi,gpu,cpp,openacc,auto.opt,managed,nthreads,NTHREADS=128,32,35937,0.017616,16.24609,13887.51,,,,mizuho/Miyabi/A2.C++.acc.auto.opt/log/bench.gpu.32_run.csv
non-Kokkos,miyabi,gpu,cpp,openacc,auto.opt,managed,nthreads,NTHREADS=128,32,274625,0.068095,65.87948,111089.4,,,,mizuho/Miyabi/A2.C++.acc.auto.opt/log/bench.gpu.32_run.csv
non-Kokkos,miyabi,uni,cpp,openacc,auto.opt,unified,nthreads,NTHREADS=128,32,4913,0.004556,4.121698,1736.643,,,,mizuho/Miyabi/A2.C++.acc.auto.opt/log/bench.uni.32_run.csv
non-Kokkos,miyabi,uni,cpp,openacc,auto.opt,unified,nthreads,NTHREADS=128,32,35937,0.011971,23.90708,13887.51,,,,mizuho/Miyabi/A2.C++.acc.auto.opt/log/bench.uni.32_run.csv
non-Kokkos,miyabi,uni,cpp,openacc,auto.opt,unified,nthreads,NTHREADS=128,32,274625,0.056092,79.97709,111089.4,,,,mizuho/Miyabi/A2.C++.acc.auto.opt/log/bench.uni.32_run.csv
non-Kokkos,miyabi,gpu,cpp,openacc,auto.opt,managed,nthreads,NTHREADS=128,64,4913,0.005677,2.530287,1736.636,,,,mizuho/Miyabi/A2.C++.acc.auto.opt/log/bench.gpu.64_run.csv
non-Kokkos,miyabi,gpu,cpp,openacc,auto.opt,managed,nthreads,NTHREADS=128,64,35937,0.014177,15.73011,13887.39,,,,mizuho/Miyabi/A2.C++.acc.auto.opt/log/bench.gpu.64_run.csv
non-Kokkos,miyabi,gpu,cpp,openacc,auto.opt,managed,nthreads,NTHREADS=128,64,274625,0.054233,64.46905,111087.8,,,,mizuho/Miyabi/A2.C++.acc.auto.opt/log/bench.gpu.64_run.csv
non-Kokkos,miyabi,gpu,cpp,openmp-target,manu.def,separate,baseline,,32,4913,0.005766,3.256627,1736.632,,,,mizuho/Miyabi/B3.C++.omp.manu.def/log/bench.gpu.32_run.csv
non-Kokkos,miyabi,gpu,cpp,openmp-target,manu.def,separate,baseline,,32,35937,0.013582,22.23442,13887.12,,,,mizuho/Miyabi/B3.C++.omp.manu.def/log/bench.gpu.32_run.csv
non-Kokkos,miyabi,gpu,cpp,openmp-target,manu.def,separate,baseline,,32,274625,0.070826,69.57775,111081.5,,,,mizuho/Miyabi/B3.C++.omp.manu.def/log/bench.gpu.32_run.csv
non-Kokkos,miyabi,gpu,cpp,openmp-target,manu.def,separate,baseline,,64,4913,0.004824,2.977596,1736.636,,,,mizuho/Miyabi/B3.C++.omp.manu.def/log/bench.gpu.64_run.csv
non-Kokkos,miyabi,gpu,cpp,openmp-target,manu.def,separate,baseline,,64,35937,0.010319,21.61132,13887.39,,,,mizuho/Miyabi/B3.C++.omp.manu.def/log/bench.gpu.64_run.csv
non-Kokkos,miyabi,gpu,cpp,openmp-target,manu.def,separate,baseline,,64,274625,0.078707,44.42242,111087.8,,,,mizuho/Miyabi/B3.C++.omp.manu.def/log/bench.gpu.64_run.csv
non-Kokkos,miyabi,gpu,f90,openacc,manu.def,separate,baseline,,32,4913,0.007515,2.342082,1736.626,,,,mizuho/Miyabi/D3.F90.acc.manu.def/log/bench.gpu.32_run.csv
non-Kokkos,miyabi,gpu,f90,openacc,manu.def,separate,baseline,,32,35937,0.016944,14.36009,13887.06,,,,mizuho/Miyabi/D3.F90.acc.manu.def/log/bench.gpu.32_run.csv
non-Kokkos,miyabi,gpu,f90,openacc,manu.def,separate,baseline,,32,274625,0.126819,37.32494,111080.7,,,,mizuho/Miyabi/D3.F90.acc.manu.def/log/bench.gpu.32_run.csv
non-Kokkos,miyabi,gpu,f90,openacc,manu.def,separate,baseline,,64,4913,0.006072,2.365662,1736.636,,,,mizuho/Miyabi/D3.F90.acc.manu.def/log/bench.gpu.64_run.csv
non-Kokkos,miyabi,gpu,f90,openacc,manu.def,separate,baseline,,64,35937,0.015573,14.32009,13887.39,,,,mizuho/Miyabi/D3.F90.acc.manu.def/log/bench.gpu.64_run.csv
non-Kokkos,miyabi,gpu,f90,openacc,manu.def,separate,baseline,,64,274625,0.101127,34.57393,111087.8,,,,mizuho/Miyabi/D3.F90.acc.manu.def/log/bench.gpu.64_run.csv
Kokkos,miyabi,cpu,cpp,kokkos,mdrange/baseline,kokkos-default,baseline,node=miyabi-c(Intel),64,274625,0.2896746,2.614712335841665,8.292404e-09,0.98,71.47,5.8,Kokkos/src-cpp_B1/run_M-C/run.sh.o1425086
Kokkos,miyabi,cpu,cpp,kokkos,mdrange/baseline,kokkos-default,baseline,node=miyabi-c(Intel),64,274625,0.1676098,4.518922819548737,8.292404e-09,0.67,55.35,5.22,Kokkos/src-cpp_B1/run_M-C/run.sh.o1425086
Kokkos,miyabi,cpu,cpp,kokkos,mdrange/baseline,kokkos-default,baseline,node=miyabi-c(Intel),64,274625,0.1416223,5.348139028952361,8.292404e-09,0.64,52.54,4.96,Kokkos/src-cpp_B1/run_M-C/run.sh.o1425086
Kokkos,miyabi,cpu,cpp,kokkos,mdrange/baseline,kokkos-default,baseline,"node=miyabi-g(GH200-CPU,OMP-only)",64,274625,0.02715667,27.89059741124372,8.292404e-09,0.43,1.76,1.56,Kokkos/src-cpp_B1/run_M-G_CPU/run.sh.o1424585
Kokkos,miyabi,cpu,cpp,kokkos,mdrange/baseline,kokkos-default,baseline,"node=miyabi-g(GH200-CPU,OMP-only)",64,274625,0.02703475,28.016377070252176,8.292404e-09,0.4,2.27,1.04,Kokkos/src-cpp_B1/run_M-G_CPU/run.sh.o1424585
Kokkos,miyabi,cpu,cpp,kokkos,mdrange/baseline,kokkos-default,baseline,"node=miyabi-g(GH200-CPU,OMP-only)",64,274625,0.0280399,27.012070299822753,8.292404e-09,0.4,2.51,0.85,Kokkos/src-cpp_B1/run_M-G_CPU/run.sh.o1424585
Kokkos,miyabi,gpu,cpp,kokkos,mdrange/baseline,kokkos-default,baseline,node=miyabi-g(GH200-GPU),64,274625,0.04607778,16.437765664925696,8.292404e-09,1.03,0.51,0.51,Kokkos/src-cpp_B1/run_M-G_GPU/run.sh.o1424608
Kokkos,miyabi,gpu,cpp,kokkos,mdrange/baseline,kokkos-default,baseline,node=miyabi-g(GH200-GPU),64,274625,0.04646796,16.299741800586897,8.292404e-09,0.85,0.56,0.41,Kokkos/src-cpp_B1/run_M-G_GPU/run.sh.o1424608
Kokkos,miyabi,gpu,cpp,kokkos,mdrange/baseline,kokkos-default,baseline,node=miyabi-g(GH200-GPU),64,274625,0.04636082,16.337410554860764,8.292404e-09,0.84,0.46,0.5,Kokkos/src-cpp_B1/run_M-G_GPU/run.sh.o1424608
Kokkos,miyabi,cpu,cpp,kokkos,team/cpu-chunk-sweep,kokkos-default,chunk-sweep,node=miyabi-c(Intel),64,274625,0.08096936,9.354350213463462,8.292404e-09,0.76,47.81,5.05,Kokkos/src-cpp_C2/run_M-C/run.sh.o1452764
Kokkos,miyabi,cpu,cpp,kokkos,team/cpu-chunk-sweep,kokkos-default,chunk-sweep,node=miyabi-c(Intel),64,274625,0.1294103,5.852824311511525,8.292404e-09,0.63,51.62,4.88,Kokkos/src-cpp_C2/run_M-C/run.sh.o1452764
Kokkos,miyabi,cpu,cpp,kokkos,team/cpu-chunk-sweep,kokkos-default,chunk-sweep,node=miyabi-c(Intel),64,274625,0.08442752,8.971195055830135,8.292404e-09,0.58,45.87,4.95,Kokkos/src-cpp_C2/run_M-C/run.sh.o1452764
Kokkos,miyabi,cpu,cpp,kokkos,team/cpu-chunk-sweep,kokkos-default,chunk-sweep,"node=miyabi-g(GH200-CPU,OMP-only)",64,274625,0.02454947,30.852631441737845,8.292404e-09,0.43,2.3,0.83,Kokkos/src-cpp_C2/run_M-G_CPU/run.sh.o1452897
Kokkos,miyabi,cpu,cpp,kokkos,team/cpu-chunk-sweep,kokkos-default,chunk-sweep,"node=miyabi-g(GH200-CPU,OMP-only)",64,274625,0.025432,29.781997090279965,8.292404e-09,0.39,2.41,0.76,Kokkos/src-cpp_C2/run_M-G_CPU/run.sh.o1452897
Kokkos,miyabi,cpu,cpp,kokkos,team/cpu-chunk-sweep,kokkos-default,chunk-sweep,"node=miyabi-g(GH200-CPU,OMP-only)",64,274625,0.02380143,31.82227916557955,8.292404e-09,0.39,2.15,0.9,Kokkos/src-cpp_C2/run_M-G_CPU/run.sh.o1452897
Kokkos,miyabi,gpu,cpp,kokkos,team/cpu-chunk-sweep,kokkos-default,chunk-sweep,node=miyabi-g(GH200-GPU),64,274625,0.03215983,23.551609259128547,8.292404e-09,0.89,0.43,0.47,Kokkos/src-cpp_C2/run_M-G_GPU/run.sh.o1452816
Kokkos,miyabi,gpu,cpp,kokkos,team/cpu-chunk-sweep,kokkos-default,chunk-sweep,node=miyabi-g(GH200-GPU),64,274625,0.0322796,23.464223534368458,8.292404e-09,0.74,0.56,0.27,Kokkos/src-cpp_C2/run_M-G_GPU/run.sh.o1452816
Kokkos,miyabi,gpu,cpp,kokkos,team/cpu-chunk-sweep,kokkos-default,chunk-sweep,node=miyabi-g(GH200-GPU),64,274625,0.03226687,23.473480693974963,8.292404e-09,0.74,0.54,0.31,Kokkos/src-cpp_C2/run_M-G_GPU/run.sh.o1452816
Kokkos,miyabi,gpu,cpp,kokkos,mdrange/uvm,kokkos-uvm,baseline,node=miyabi-g(GH200-GPU),64,274625,0.04529573,16.7215706646079,8.292404e-09,0.95,0.4,0.47,Kokkos/src-cpp_B3/run_M-G_GPU/run.sh.o1424610
Kokkos,miyabi,gpu,cpp,kokkos,mdrange/uvm,kokkos-uvm,baseline,node=miyabi-g(GH200-GPU),64,274625,0.04511417,16.78886589291125,8.292404e-09,0.75,0.42,0.36,Kokkos/src-cpp_B3/run_M-G_GPU/run.sh.o1424610
Kokkos,miyabi,gpu,cpp,kokkos,mdrange/uvm,kokkos-uvm,baseline,node=miyabi-g(GH200-GPU),64,274625,0.04535746,16.69881316105443,8.292404e-09,0.75,0.4,0.38,Kokkos/src-cpp_B3/run_M-G_GPU/run.sh.o1424610
Kokkos,miyabi,cpu,cpp,kokkos,mdrange/cpu-tile-sweep,kokkos-default,tile-sweep,node=miyabi-c(Intel),64,274625,0.111707,6.7803785796771905,8.292404e-09,0.8,50.97,5.01,Kokkos/src-cpp_B2/run_M-C/run.sh.o1452754
Kokkos,miyabi,cpu,cpp,kokkos,mdrange/cpu-tile-sweep,kokkos-default,tile-sweep,node=miyabi-c(Intel),64,274625,0.1913152,3.958994110243201,8.292404e-09,0.7,57.84,5.2,Kokkos/src-cpp_B2/run_M-C/run.sh.o1452754
Kokkos,miyabi,cpu,cpp,kokkos,mdrange/cpu-tile-sweep,kokkos-default,tile-sweep,node=miyabi-c(Intel),64,274625,0.09229671,8.206313637831727,8.292404e-09,0.6,47.41,4.41,Kokkos/src-cpp_B2/run_M-C/run.sh.o1452754
Kokkos,miyabi,cpu,cpp,kokkos,mdrange/cpu-tile-sweep,kokkos-default,tile-sweep,"node=miyabi-g(GH200-CPU,OMP-only)",64,274625,0.02690034,28.15636345116828,8.292404e-09,0.43,2.81,0.47,Kokkos/src-cpp_B2/run_M-G_CPU/run.sh.o1452894
Kokkos,miyabi,cpu,cpp,kokkos,mdrange/cpu-tile-sweep,kokkos-default,tile-sweep,"node=miyabi-g(GH200-CPU,OMP-only)",64,274625,0.02714271,27.904942063633293,8.292404e-09,0.39,2.74,0.54,Kokkos/src-cpp_B2/run_M-G_CPU/run.sh.o1452894
Kokkos,miyabi,cpu,cpp,kokkos,mdrange/cpu-tile-sweep,kokkos-default,tile-sweep,"node=miyabi-g(GH200-CPU,OMP-only)",64,274625,0.03079296,24.597042635719333,8.292404e-09,0.4,2.98,0.57,Kokkos/src-cpp_B2/run_M-G_CPU/run.sh.o1452894
Kokkos,miyabi,gpu,cpp,kokkos,mdrange/cpu-tile-sweep,kokkos-default,tile-sweep,node=miyabi-g(GH200-GPU),64,274625,0.04426412,17.111279971227262,8.292404e-09,0.94,0.56,0.39,Kokkos/src-cpp_B2/run_M-G_GPU/run.sh.o1452887
Kokkos,miyabi,gpu,cpp,kokkos,mdrange/cpu-tile-sweep,kokkos-default,tile-sweep,node=miyabi-g(GH200-GPU),64,274625,0.04457292,16.992733480328415,8.292404e-09,0.75,0.56,0.29,Kokkos/src-cpp_B2/run_M-G_GPU/run.sh.o1452887
Kokkos,miyabi,gpu,cpp,kokkos,mdrange/cpu-tile-sweep,kokkos-default,tile-sweep,node=miyabi-g(GH200-GPU),64,274625,0.04442034,17.0511020401915,8.292404e-09,0.71,0.49,0.33,Kokkos/src-cpp_B2/run_M-G_GPU/run.sh.o1452887
Kokkos,miyabi,gpu,cpp,kokkos,range/uvm,kokkos-uvm,baseline,node=miyabi-g(GH200-GPU),64,274625,0.04704167,16.100953686380606,8.292404e-09,1.78,1.28,0.4,Kokkos/src-cpp_A3/run_M-G_GPU/run.sh.o1451954
Kokkos,miyabi,gpu,cpp,kokkos,range/uvm,kokkos-uvm,baseline,node=miyabi-g(GH200-GPU),64,274625,0.04830434,15.680076572829687,8.292404e-09,1.54,1.25,0.29,Kokkos/src-cpp_A3/run_M-G_GPU/run.sh.o1451954
Kokkos,miyabi,gpu,cpp,kokkos,range/uvm,kokkos-uvm,baseline,node=miyabi-g(GH200-GPU),64,274625,0.04793304,15.801537937088906,8.292404e-09,1.54,1.24,0.31,Kokkos/src-cpp_A3/run_M-G_GPU/run.sh.o1451954
Kokkos,miyabi,gpu,cpp,kokkos,team/uvm,kokkos-uvm,baseline,node=miyabi-g(GH200-GPU),64,274625,0.04291794,17.64799871568859,8.292404e-09,0.95,0.42,0.47,Kokkos/src-cpp_C3/run_M-G_GPU/run.sh.o1424612
Kokkos,miyabi,gpu,cpp,kokkos,team/uvm,kokkos-uvm,baseline,node=miyabi-g(GH200-GPU),64,274625,0.04293842,17.63958128873862,8.292404e-09,0.75,0.41,0.37,Kokkos/src-cpp_C3/run_M-G_GPU/run.sh.o1424612
Kokkos,miyabi,gpu,cpp,kokkos,team/uvm,kokkos-uvm,baseline,node=miyabi-g(GH200-GPU),64,274625,0.04276952,17.709241300814224,8.292404e-09,0.76,0.38,0.4,Kokkos/src-cpp_C3/run_M-G_GPU/run.sh.o1424612
Kokkos,miyabi,cpu,cpp,kokkos,team/baseline,kokkos-default,baseline,node=miyabi-c(Intel),64,274625,0.2587617,2.9270782731756673,8.292404e-09,0.95,66.1,6.51,Kokkos/src-cpp_C1/run_M-C/run.sh.o1424534
Kokkos,miyabi,cpu,cpp,kokkos,team/baseline,kokkos-default,baseline,node=miyabi-c(Intel),64,274625,0.1404971,5.39097070330989,8.292404e-09,0.65,52.45,5.34,Kokkos/src-cpp_C1/run_M-C/run.sh.o1424534
Kokkos,miyabi,cpu,cpp,kokkos,team/baseline,kokkos-default,baseline,node=miyabi-c(Intel),64,274625,0.1742785,4.346007970002037,8.292404e-09,0.68,56.02,5.15,Kokkos/src-cpp_C1/run_M-C/run.sh.o1424534
Kokkos,miyabi,cpu,cpp,kokkos,team/baseline,kokkos-default,baseline,"node=miyabi-g(GH200-CPU,OMP-only)",64,274625,0.02575533,29.408116688856246,8.292404e-09,0.43,2.83,0.45,Kokkos/src-cpp_C1/run_M-G_CPU/run.sh.o1424587
Kokkos,miyabi,cpu,cpp,kokkos,team/baseline,kokkos-default,baseline,"node=miyabi-g(GH200-CPU,OMP-only)",64,274625,0.02540359,29.815303663773506,8.292404e-09,0.4,2.38,0.88,Kokkos/src-cpp_C1/run_M-G_CPU/run.sh.o1424587
Kokkos,miyabi,cpu,cpp,kokkos,team/baseline,kokkos-default,baseline,"node=miyabi-g(GH200-CPU,OMP-only)",64,274625,0.02562068,29.562671638691867,8.292404e-09,0.4,2.88,0.37,Kokkos/src-cpp_C1/run_M-G_CPU/run.sh.o1424587
Kokkos,miyabi,gpu,cpp,kokkos,team/baseline,kokkos-default,baseline,node=miyabi-g(GH200-GPU),64,274625,0.04353253,17.398845185428,8.292404e-09,1.0,0.49,0.52,Kokkos/src-cpp_C1/run_M-G_GPU/run.sh.o1424611
Kokkos,miyabi,gpu,cpp,kokkos,team/baseline,kokkos-default,baseline,node=miyabi-g(GH200-GPU),64,274625,0.04375179,17.31165170613591,8.292404e-09,0.86,0.58,0.4,Kokkos/src-cpp_C1/run_M-G_GPU/run.sh.o1424611
Kokkos,miyabi,gpu,cpp,kokkos,team/baseline,kokkos-default,baseline,node=miyabi-g(GH200-GPU),64,274625,0.04397982,17.221892904518484,8.292404e-09,0.86,0.55,0.43,Kokkos/src-cpp_C1/run_M-G_GPU/run.sh.o1424611
Kokkos,miyabi,gpu,cpp,kokkos,team/uvm-chunk-sweep,kokkos-uvm,chunk-sweep,node=miyabi-g(GH200-GPU),64,274625,0.0332566,22.77490032053788,8.292404e-09,0.86,0.37,0.4,Kokkos/src-cpp_C4/run_M-G_GPU/run.sh.o1452869
Kokkos,miyabi,gpu,cpp,kokkos,team/uvm-chunk-sweep,kokkos-uvm,chunk-sweep,node=miyabi-g(GH200-GPU),64,274625,0.03257487,23.251535616258792,8.292404e-09,0.67,0.39,0.28,Kokkos/src-cpp_C4/run_M-G_GPU/run.sh.o1452869
Kokkos,miyabi,gpu,cpp,kokkos,team/uvm-chunk-sweep,kokkos-uvm,chunk-sweep,node=miyabi-g(GH200-GPU),64,274625,0.03302841,22.93224984187855,8.292404e-09,0.68,0.41,0.28,Kokkos/src-cpp_C4/run_M-G_GPU/run.sh.o1452869
Kokkos,miyabi,gpu,cpp,kokkos,mdrange/uvm-tile-sweep,kokkos-uvm,tile-sweep,node=miyabi-g(GH200-GPU),64,274625,0.0449738,16.841266470700717,8.292404e-09,0.94,0.42,0.44,Kokkos/src-cpp_B4/run_M-G_GPU/run.sh.o1452786
Kokkos,miyabi,gpu,cpp,kokkos,mdrange/uvm-tile-sweep,kokkos-uvm,tile-sweep,node=miyabi-g(GH200-GPU),64,274625,0.04493905,16.8542893096316,8.292404e-09,0.76,0.38,0.41,Kokkos/src-cpp_B4/run_M-G_GPU/run.sh.o1452786
Kokkos,miyabi,gpu,cpp,kokkos,mdrange/uvm-tile-sweep,kokkos-uvm,tile-sweep,node=miyabi-g(GH200-GPU),64,274625,0.04472017,16.936781546223997,8.292404e-09,0.76,0.45,0.33,Kokkos/src-cpp_B4/run_M-G_GPU/run.sh.o1452786
Kokkos,miyabi,cpu,cpp,kokkos,range/baseline,kokkos-default,baseline,node=miyabi-c(Intel),64,274625,0.1658863,4.565872829763519,8.292404e-09,0.85,57.88,5.24,Kokkos/src-cpp_A1/run_M-C/run.sh.o1452324
Kokkos,miyabi,cpu,cpp,kokkos,range/baseline,kokkos-default,baseline,node=miyabi-c(Intel),64,274625,0.3140098,2.412076788686213,8.292404e-09,0.81,71.66,5.41,Kokkos/src-cpp_A1/run_M-C/run.sh.o1452324
Kokkos,miyabi,cpu,cpp,kokkos,range/baseline,kokkos-default,baseline,node=miyabi-c(Intel),64,274625,0.1774678,4.267905219989204,8.292404e-09,0.67,56.99,4.11,Kokkos/src-cpp_A1/run_M-C/run.sh.o1452324
Kokkos,miyabi,cpu,cpp,kokkos,range/baseline,kokkos-default,baseline,"node=miyabi-g(GH200-CPU,OMP-only)",64,274625,1.463419,0.5175658850951095,8.292404e-09,3.0,120.25,8.26,Kokkos/src-cpp_A1/run_M-G_CPU/run.sh.o1452219
Kokkos,miyabi,cpu,cpp,kokkos,range/baseline,kokkos-default,baseline,"node=miyabi-g(GH200-CPU,OMP-only)",64,274625,1.261028,0.6006335703886035,8.292404e-09,2.79,111.33,2.71,Kokkos/src-cpp_A1/run_M-G_CPU/run.sh.o1452219
Kokkos,miyabi,cpu,cpp,kokkos,range/baseline,kokkos-default,baseline,"node=miyabi-g(GH200-CPU,OMP-only)",64,274625,1.259191,0.6015098186057556,8.292404e-09,2.76,112.98,1.04,Kokkos/src-cpp_A1/run_M-G_CPU/run.sh.o1452219
Kokkos,miyabi,gpu,cpp,kokkos,range/baseline,kokkos-default,baseline,node=miyabi-g(GH200-GPU),64,274625,0.04633736,16.34568197238686,8.292404e-09,1.76,1.36,0.41,Kokkos/src-cpp_A1/run_M-G_GPU/run.sh.o1451941
Kokkos,miyabi,gpu,cpp,kokkos,range/baseline,kokkos-default,baseline,node=miyabi-g(GH200-GPU),64,274625,0.0465557,16.269022912339413,8.292404e-09,1.55,1.31,0.35,Kokkos/src-cpp_A1/run_M-G_GPU/run.sh.o1451941
Kokkos,miyabi,gpu,cpp,kokkos,range/baseline,kokkos-default,baseline,node=miyabi-g(GH200-GPU),64,274625,0.04665323,16.235012023819145,8.292404e-09,1.6,1.44,0.27,Kokkos/src-cpp_A1/run_M-G_GPU/run.sh.o1451941
Kokkos,wisteria,gpu,cpp,kokkos,mdrange/baseline,kokkos-default,baseline,,64,4913,7.357622e-03,1.952316e+00,9.543651e-09,2.400000e+00,8.200000e-01,2.060000e+00,../results/wisteria/kokkos-mdrange-baseline.log
Kokkos,wisteria,gpu,cpp,kokkos,mdrange/baseline,kokkos-default,baseline,,64,35937,1.410062e-02,1.581541e+01,7.210672e-09,2.370000e+00,6.700000e-01,2.020000e+00,../results/wisteria/kokkos-mdrange-baseline.log
Kokkos,wisteria,gpu,cpp,kokkos,mdrange/baseline,kokkos-default,baseline,,64,274625,7.319524e-02,4.776751e+01,8.292404e-09,3.570000e+00,1.780000e+00,2.050000e+00,../results/wisteria/kokkos-mdrange-baseline.log
Kokkos,wisteria,gpu,cpp,kokkos,mdrange/baseline,kokkos-default,baseline,,64,2146689,7.969591e-01,6.965742e+01,8.738957e-09,1.303000e+01,1.104000e+01,2.140000e+00,../results/wisteria/kokkos-mdrange-baseline.log
Kokkos,wisteria,gpu,cpp,kokkos,range/baseline,kokkos-default,baseline,,64,4913,7.897570e-03,1.818838e+00,9.543651e-09,2.570000e+00,6.300000e-01,2.100000e+00,../results/wisteria/kokkos-range-baseline.log
Kokkos,wisteria,gpu,cpp,kokkos,range/baseline,kokkos-default,baseline,,64,35937,1.428849e-02,1.560746e+01,7.210672e-09,2.360000e+00,6.200000e-01,2.090000e+00,../results/wisteria/kokkos-range-baseline.log
Kokkos,wisteria,gpu,cpp,kokkos,range/baseline,kokkos-default,baseline,,64,274625,7.305900e-02,4.785659e+01,8.292404e-09,3.660000e+00,1.820000e+00,2.060000e+00,../results/wisteria/kokkos-range-baseline.log
Kokkos,wisteria,gpu,cpp,kokkos,range/baseline,kokkos-default,baseline,,64,2146689,7.938166e-01,6.993317e+01,8.738957e-09,1.311000e+01,1.104000e+01,2.210000e+00,../results/wisteria/kokkos-range-baseline.log
Kokkos,wisteria,gpu,cpp,kokkos,range/uvm,kokkos-uvm,baseline,,64,4913,9.306294e-03,1.543515e+00,9.543651e-09,2.320000e+00,8.200000e-01,2.040000e+00,../results/wisteria/kokkos-range-uvm.log
Kokkos,wisteria,gpu,cpp,kokkos,range/uvm,kokkos-uvm,baseline,,64,35937,1.476638e-02,1.510235e+01,7.210672e-09,2.380000e+00,6.800000e-01,2.030000e+00,../results/wisteria/kokkos-range-uvm.log
Kokkos,wisteria,gpu,cpp,kokkos,range/uvm,kokkos-uvm,baseline,,64,274625,7.388461e-02,4.732183e+01,8.292404e-09,3.580000e+00,1.770000e+00,2.080000e+00,../results/wisteria/kokkos-range-uvm.log
Kokkos,wisteria,gpu,cpp,kokkos,range/uvm,kokkos-uvm,baseline,,64,2146689,8.292088e-01,6.694829e+01,8.738957e-09,1.295000e+01,1.109000e+01,2.140000e+00,../results/wisteria/kokkos-range-uvm.log
Kokkos,wisteria,gpu,cpp,kokkos,team/baseline,kokkos-default,baseline,,64,4913,9.695029e-03,1.481626e+00,9.543651e-09,2.380000e+00,7.600000e-01,2.100000e+00,../results/wisteria/kokkos-team-baseline.log
Kokkos,wisteria,gpu,cpp,kokkos,team/baseline,kokkos-default,baseline,,64,35937,1.740721e-02,1.281119e+01,7.210672e-09,2.360000e+00,7.200000e-01,1.980000e+00,../results/wisteria/kokkos-team-baseline.log
Kokkos,wisteria,gpu,cpp,kokkos,team/baseline,kokkos-default,baseline,,64,274625,7.443526e-02,4.697175e+01,8.292404e-09,3.560000e+00,1.930000e+00,2.130000e+00,../results/wisteria/kokkos-team-baseline.log
Kokkos,wisteria,gpu,cpp,kokkos,team/baseline,kokkos-default,baseline,,64,2146689,1.548918e+00,3.584058e+01,8.738957e-09,1.365000e+01,1.195000e+01,2.130000e+00,../results/wisteria/kokkos-team-baseline.log
non-Kokkos,wisteria,gpu,cpp,openacc,auto.def,managed,baseline,,32,4913,1.205707e-02,1.459824e+00,1.000000e-08,1.810954e+00,1.495990e-01,1.563075e+00,../results/wisteria/nonkokkos-openacc-auto.def-fp32.log
non-Kokkos,wisteria,gpu,cpp,openacc,auto.def,managed,baseline,,32,35937,2.626705e-02,9.263180e+00,1.000000e-08,1.892582e+00,1.995460e-01,1.614740e+00,../results/wisteria/nonkokkos-openacc-auto.def-fp32.log
non-Kokkos,wisteria,gpu,cpp,openacc,auto.def,managed,baseline,,32,274625,2.295079e-01,2.062459e+01,1.000000e-08,2.423233e+00,7.622980e-01,1.589299e+00,../results/wisteria/nonkokkos-openacc-auto.def-fp32.log
non-Kokkos,wisteria,gpu,cpp,openacc,auto.def,managed,baseline,,64,4913,1.012802e-02,1.418283e+00,1.000000e-08,1.932487e+00,1.030090e-01,1.682927e+00,../results/wisteria/nonkokkos-openacc-auto.def-fp64.log
non-Kokkos,wisteria,gpu,cpp,openacc,auto.def,managed,baseline,,64,35937,2.579498e-02,8.645367e+00,1.000000e-08,1.846290e+00,1.463680e-01,1.630880e+00,../results/wisteria/nonkokkos-openacc-auto.def-fp64.log
non-Kokkos,wisteria,gpu,cpp,openacc,auto.def,managed,baseline,,64,274625,1.989691e-01,1.757235e+01,1.000000e-08,2.418251e+00,7.483690e-01,1.599499e+00,../results/wisteria/nonkokkos-openacc-auto.def-fp64.log
non-Kokkos,wisteria,gpu,cpp,openacc,auto.def,managed,baseline,,64,2146689,2.338745e+00,2.373671e+01,1.000000e-08,7.648759e+00,5.823641e+00,1.726550e+00,../results/wisteria/nonkokkos-openacc-auto.def-fp64.log
Kokkos,miyabi,gpu,cpp,kokkos,range/baseline,kokkos-default,baseline,"node=miyabi-g(GH200-GPU),kokkos=4.7.02(sm_90)",32,4913,0.004892368,2.936084,9.543651e-09,0.39,0.07,0.43,miyabi/kokkos-sweep/range_baseline/run.32.17.1.log
Kokkos,miyabi,gpu,cpp,kokkos,range/baseline,kokkos-default,baseline,"node=miyabi-g(GH200-GPU),kokkos=4.7.02(sm_90)",32,4913,0.004844112,2.965333,9.543651e-09,0.23,0.01,0.39,miyabi/kokkos-sweep/range_baseline/run.32.17.2.log
Kokkos,miyabi,gpu,cpp,kokkos,range/baseline,kokkos-default,baseline,"node=miyabi-g(GH200-GPU),kokkos=4.7.02(sm_90)",32,4913,0.004916271,2.921809,9.543651e-09,0.16,0.11,0.23,miyabi/kokkos-sweep/range_baseline/run.32.17.3.log
Kokkos,miyabi,gpu,cpp,kokkos,range/baseline,kokkos-default,baseline,"node=miyabi-g(GH200-GPU),kokkos=4.7.02(sm_90)",32,35937,0.009637086,23.14051,7.210672e-09,0.25,0.06,0.38,miyabi/kokkos-sweep/range_baseline/run.32.33.1.log
Kokkos,miyabi,gpu,cpp,kokkos,range/baseline,kokkos-default,baseline,"node=miyabi-g(GH200-GPU),kokkos=4.7.02(sm_90)",32,35937,0.009597887,23.23502,7.210672e-09,0.25,0.22,0.22,miyabi/kokkos-sweep/range_baseline/run.32.33.2.log
Kokkos,miyabi,gpu,cpp,kokkos,range/baseline,kokkos-default,baseline,"node=miyabi-g(GH200-GPU),kokkos=4.7.02(sm_90)",32,35937,0.009557598,23.33297,7.210672e-09,0.25,0.05,0.37,miyabi/kokkos-sweep/range_baseline/run.32.33.3.log
Kokkos,miyabi,gpu,cpp,kokkos,range/baseline,kokkos-default,baseline,"node=miyabi-g(GH200-GPU),kokkos=4.7.02(sm_90)",32,274625,0.04210893,83.03119,8.292404e-09,1.05,1.05,0.18,miyabi/kokkos-sweep/range_baseline/run.32.65.1.log
Kokkos,miyabi,gpu,cpp,kokkos,range/baseline,kokkos-default,baseline,"node=miyabi-g(GH200-GPU),kokkos=4.7.02(sm_90)",32,274625,0.0416113,84.02415999999999,8.292404e-09,1.12,1.05,0.25,miyabi/kokkos-sweep/range_baseline/run.32.65.2.log
Kokkos,miyabi,gpu,cpp,kokkos,range/baseline,kokkos-default,baseline,"node=miyabi-g(GH200-GPU),kokkos=4.7.02(sm_90)",32,274625,0.04164743,83.95126999999999,8.292404e-09,1.14,1.04,0.27,miyabi/kokkos-sweep/range_baseline/run.32.65.3.log
Kokkos,miyabi,gpu,cpp,kokkos,range/baseline,kokkos-default,baseline,"node=miyabi-g(GH200-GPU),kokkos=4.7.02(sm_90)",32,2146689,0.4365542,127.1643,8.738957e-09,7.47,7.39,0.26,miyabi/kokkos-sweep/range_baseline/run.32.129.1.log
Kokkos,miyabi,gpu,cpp,kokkos,range/baseline,kokkos-default,baseline,"node=miyabi-g(GH200-GPU),kokkos=4.7.02(sm_90)",32,2146689,0.4355543,127.4562,8.738957e-09,7.48,7.37,0.29,miyabi/kokkos-sweep/range_baseline/run.32.129.2.log
Kokkos,miyabi,gpu,cpp,kokkos,range/baseline,kokkos-default,baseline,"node=miyabi-g(GH200-GPU),kokkos=4.7.02(sm_90)",32,2146689,0.436156,127.2804,8.738957e-09,7.52,7.45,0.25,miyabi/kokkos-sweep/range_baseline/run.32.129.3.log
Kokkos,miyabi,gpu,cpp,kokkos,range/baseline,kokkos-default,baseline,"node=miyabi-g(GH200-GPU),kokkos=4.7.02(sm_90)",64,4913,0.004892208,2.93618,9.543651e-09,0.24,0.05,0.36,miyabi/kokkos-sweep/range_baseline/run.64.17.1.log
Kokkos,miyabi,gpu,cpp,kokkos,range/baseline,kokkos-default,baseline,"node=miyabi-g(GH200-GPU),kokkos=4.7.02(sm_90)",64,4913,0.00488392,2.941163,9.543651e-09,0.16,0.04,0.30,miyabi/kokkos-sweep/range_baseline/run.64.17.2.log
Kokkos,miyabi,gpu,cpp,kokkos,range/baseline,kokkos-default,baseline,"node=miyabi-g(GH200-GPU),kokkos=4.7.02(sm_90)",64,4913,0.00487112,2.948891,9.543651e-09,0.15,0.09,0.25,miyabi/kokkos-sweep/range_baseline/run.64.17.3.log
Kokkos,miyabi,gpu,cpp,kokkos,range/baseline,kokkos-default,baseline,"node=miyabi-g(GH200-GPU),kokkos=4.7.02(sm_90)",64,35937,0.009555454,23.3382,7.210672e-09,0.27,0.22,0.23,miyabi/kokkos-sweep/range_baseline/run.64.33.1.log
Kokkos,miyabi,gpu,cpp,kokkos,range/baseline,kokkos-default,baseline,"node=miyabi-g(GH200-GPU),kokkos=4.7.02(sm_90)",64,35937,0.009585183,23.26582,7.210672e-09,0.34,0.19,0.33,miyabi/kokkos-sweep/range_baseline/run.64.33.2.log
Kokkos,miyabi,gpu,cpp,kokkos,range/baseline,kokkos-default,baseline,"node=miyabi-g(GH200-GPU),kokkos=4.7.02(sm_90)",64,35937,0.00955427,23.34109,7.210672e-09,0.34,0.18,0.33,miyabi/kokkos-sweep/range_baseline/run.64.33.3.log
Kokkos,miyabi,gpu,cpp,kokkos,range/baseline,kokkos-default,baseline,"node=miyabi-g(GH200-GPU),kokkos=4.7.02(sm_90)",64,274625,0.04170449,83.83641,8.292404e-09,1.11,1.06,0.23,miyabi/kokkos-sweep/range_baseline/run.64.65.1.log
Kokkos,miyabi,gpu,cpp,kokkos,range/baseline,kokkos-default,baseline,"node=miyabi-g(GH200-GPU),kokkos=4.7.02(sm_90)",64,274625,0.04170925,83.82684,8.292404e-09,1.12,1.04,0.26,miyabi/kokkos-sweep/range_baseline/run.64.65.2.log
Kokkos,miyabi,gpu,cpp,kokkos,range/baseline,kokkos-default,baseline,"node=miyabi-g(GH200-GPU),kokkos=4.7.02(sm_90)",64,274625,0.04163313,83.98011,8.292404e-09,1.13,1.05,0.26,miyabi/kokkos-sweep/range_baseline/run.64.65.3.log
Kokkos,miyabi,gpu,cpp,kokkos,range/baseline,kokkos-default,baseline,"node=miyabi-g(GH200-GPU),kokkos=4.7.02(sm_90)",64,2146689,0.4375233,126.8826,8.738957e-09,7.43,7.35,0.26,miyabi/kokkos-sweep/range_baseline/run.64.129.1.log
Kokkos,miyabi,gpu,cpp,kokkos,range/baseline,kokkos-default,baseline,"node=miyabi-g(GH200-GPU),kokkos=4.7.02(sm_90)",64,2146689,0.4361897,127.2706,8.738957e-09,7.43,7.37,0.24,miyabi/kokkos-sweep/range_baseline/run.64.129.2.log
Kokkos,miyabi,gpu,cpp,kokkos,range/baseline,kokkos-default,baseline,"node=miyabi-g(GH200-GPU),kokkos=4.7.02(sm_90)",64,2146689,0.4377915,126.8049,8.738957e-09,7.55,7.38,0.70,miyabi/kokkos-sweep/range_baseline/run.64.129.3.log
Kokkos,miyabi,gpu,cpp,kokkos,range/cpu-sweep,kokkos-default,baseline,"node=miyabi-g(GH200-GPU),kokkos=4.7.02(sm_90)",32,4913,0.004839052,2.968433,9.543651e-09,0.39,0.14,0.45,miyabi/kokkos-sweep/range_cpu-sweep/run.32.17.1.log
Kokkos,miyabi,gpu,cpp,kokkos,range/cpu-sweep,kokkos-default,baseline,"node=miyabi-g(GH200-GPU),kokkos=4.7.02(sm_90)",32,4913,0.004898219,2.932577,9.543651e-09,0.24,0.07,0.35,miyabi/kokkos-sweep/range_cpu-sweep/run.32.17.2.log
Kokkos,miyabi,gpu,cpp,kokkos,range/cpu-sweep,kokkos-default,baseline,"node=miyabi-g(GH200-GPU),kokkos=4.7.02(sm_90)",32,4913,0.004799052,2.993175,9.543651e-09,0.16,0.04,0.31,miyabi/kokkos-sweep/range_cpu-sweep/run.32.17.3.log
Kokkos,miyabi,gpu,cpp,kokkos,range/cpu-sweep,kokkos-default,baseline,"node=miyabi-g(GH200-GPU),kokkos=4.7.02(sm_90)",32,35937,0.009602424,23.22404,7.210672e-09,0.28,0.18,0.28,miyabi/kokkos-sweep/range_cpu-sweep/run.32.33.1.log
Kokkos,miyabi,gpu,cpp,kokkos,range/cpu-sweep,kokkos-default,baseline,"node=miyabi-g(GH200-GPU),kokkos=4.7.02(sm_90)",32,35937,0.009658104,23.09015,7.210672e-09,0.35,0.22,0.31,miyabi/kokkos-sweep/range_cpu-sweep/run.32.33.2.log
Kokkos,miyabi,gpu,cpp,kokkos,range/cpu-sweep,kokkos-default,baseline,"node=miyabi-g(GH200-GPU),kokkos=4.7.02(sm_90)",32,35937,0.00955052,23.35026,7.210672e-09,0.35,0.06,0.47,miyabi/kokkos-sweep/range_cpu-sweep/run.32.33.3.log
Kokkos,miyabi,gpu,cpp,kokkos,range/cpu-sweep,kokkos-default,baseline,"node=miyabi-g(GH200-GPU),kokkos=4.7.02(sm_90)",32,274625,0.04167091,83.90397,8.292404e-09,1.13,1.04,0.26,miyabi/kokkos-sweep/range_cpu-sweep/run.32.65.1.log
Kokkos,miyabi,gpu,cpp,kokkos,range/cpu-sweep,kokkos-default,baseline,"node=miyabi-g(GH200-GPU),kokkos=4.7.02(sm_90)",32,274625,0.04170435,83.83669,8.292404e-09,1.12,0.99,0.31,miyabi/kokkos-sweep/range_cpu-sweep/run.32.65.2.log
Kokkos,miyabi,gpu,cpp,kokkos,range/cpu-sweep,kokkos-default,baseline,"node=miyabi-g(GH200-GPU),kokkos=4.7.02(sm_90)",32,274625,0.04151695,84.21511,8.292404e-09,1.13,0.87,0.44,miyabi/kokkos-sweep/range_cpu-sweep/run.32.65.3.log
Kokkos,miyabi,gpu,cpp,kokkos,range/cpu-sweep,kokkos-default,baseline,"node=miyabi-g(GH200-GPU),kokkos=4.7.02(sm_90)",32,2146689,0.4359737,127.3336,8.738957e-09,7.42,7.37,0.23,miyabi/kokkos-sweep/range_cpu-sweep/run.32.129.1.log
Kokkos,miyabi,gpu,cpp,kokkos,range/cpu-sweep,kokkos-default,baseline,"node=miyabi-g(GH200-GPU),kokkos=4.7.02(sm_90)",32,2146689,0.4369167,127.0588,8.738957e-09,7.39,7.30,0.27,miyabi/kokkos-sweep/range_cpu-sweep/run.32.129.2.log
Kokkos,miyabi,gpu,cpp,kokkos,range/cpu-sweep,kokkos-default,baseline,"node=miyabi-g(GH200-GPU),kokkos=4.7.02(sm_90)",32,2146689,0.4369747,127.0419,8.738957e-09,7.46,6.43,1.21,miyabi/kokkos-sweep/range_cpu-sweep/run.32.129.3.log
Kokkos,miyabi,gpu,cpp,kokkos,range/cpu-sweep,kokkos-default,baseline,"node=miyabi-g(GH200-GPU),kokkos=4.7.02(sm_90)",64,4913,0.00481541,2.983007,9.543651e-09,0.25,0.03,0.39,miyabi/kokkos-sweep/range_cpu-sweep/run.64.17.1.log
Kokkos,miyabi,gpu,cpp,kokkos,range/cpu-sweep,kokkos-default,baseline,"node=miyabi-g(GH200-GPU),kokkos=4.7.02(sm_90)",64,4913,0.00485973,2.955803,9.543651e-09,0.16,0.06,0.28,miyabi/kokkos-sweep/range_cpu-sweep/run.64.17.2.log
Kokkos,miyabi,gpu,cpp,kokkos,range/cpu-sweep,kokkos-default,baseline,"node=miyabi-g(GH200-GPU),kokkos=4.7.02(sm_90)",64,4913,0.00481925,2.98063,9.543651e-09,0.16,0.06,0.29,miyabi/kokkos-sweep/range_cpu-sweep/run.64.17.3.log
Kokkos,miyabi,gpu,cpp,kokkos,range/cpu-sweep,kokkos-default,baseline,"node=miyabi-g(GH200-GPU),kokkos=4.7.02(sm_90)",64,35937,0.009730916,22.91738,7.210672e-09,0.25,0.23,0.20,miyabi/kokkos-sweep/range_cpu-sweep/run.64.33.1.log
Kokkos,miyabi,gpu,cpp,kokkos,range/cpu-sweep,kokkos-default,baseline,"node=miyabi-g(GH200-GPU),kokkos=4.7.02(sm_90)",64,35937,0.009568707,23.30588,7.210672e-09,0.26,0.18,0.26,miyabi/kokkos-sweep/range_cpu-sweep/run.64.33.2.log
Kokkos,miyabi,gpu,cpp,kokkos,range/cpu-sweep,kokkos-default,baseline,"node=miyabi-g(GH200-GPU),kokkos=4.7.02(sm_90)",64,35937,0.009680579,23.03655,7.210672e-09,0.25,0.21,0.22,miyabi/kokkos-sweep/range_cpu-sweep/run.64.33.3.log
Kokkos,miyabi,gpu,cpp,kokkos,range/cpu-sweep,kokkos-default,baseline,"node=miyabi-g(GH200-GPU),kokkos=4.7.02(sm_90)",64,274625,0.04140671,84.43933,8.292404e-09,1.04,1.05,0.17,miyabi/kokkos-sweep/range_cpu-sweep/run.64.65.1.log
Kokkos,miyabi,gpu,cpp,kokkos,range/cpu-sweep,kokkos-default,baseline,"node=miyabi-g(GH200-GPU),kokkos=4.7.02(sm_90)",64,274625,0.04152211,84.20465,8.292404e-09,1.12,1.02,0.28,miyabi/kokkos-sweep/range_cpu-sweep/run.64.65.2.log
Kokkos,miyabi,gpu,cpp,kokkos,range/cpu-sweep,kokkos-default,baseline,"node=miyabi-g(GH200-GPU),kokkos=4.7.02(sm_90)",64,274625,0.04175155,83.74191,8.292404e-09,1.13,1.07,0.24,miyabi/kokkos-sweep/range_cpu-sweep/run.64.65.3.log
Kokkos,miyabi,gpu,cpp,kokkos,range/cpu-sweep,kokkos-default,baseline,"node=miyabi-g(GH200-GPU),kokkos=4.7.02(sm_90)",64,2146689,0.4367159,127.1172,8.738957e-09,7.42,7.36,0.24,miyabi/kokkos-sweep/range_cpu-sweep/run.64.129.1.log
Kokkos,miyabi,gpu,cpp,kokkos,range/cpu-sweep,kokkos-default,baseline,"node=miyabi-g(GH200-GPU),kokkos=4.7.02(sm_90)",64,2146689,0.4365306,127.1712,8.738957e-09,7.41,6.97,0.63,miyabi/kokkos-sweep/range_cpu-sweep/run.64.129.2.log
Kokkos,miyabi,gpu,cpp,kokkos,range/cpu-sweep,kokkos-default,baseline,"node=miyabi-g(GH200-GPU),kokkos=4.7.02(sm_90)",64,2146689,0.436746,127.1085,8.738957e-09,7.42,7.35,0.25,miyabi/kokkos-sweep/range_cpu-sweep/run.64.129.3.log
Kokkos,miyabi,gpu,cpp,kokkos,range/uvm,kokkos-uvm,baseline,"node=miyabi-g(GH200-GPU),kokkos=4.7.02(sm_90)",32,4913,0.004929571,2.913926,9.543651e-09,0.48,0.02,0.51,miyabi/kokkos-sweep/range_uvm/run.32.17.1.log
Kokkos,miyabi,gpu,cpp,kokkos,range/uvm,kokkos-uvm,baseline,"node=miyabi-g(GH200-GPU),kokkos=4.7.02(sm_90)",32,4913,0.004919203,2.920067,9.543651e-09,0.22,0.07,0.34,miyabi/kokkos-sweep/range_uvm/run.32.17.2.log
Kokkos,miyabi,gpu,cpp,kokkos,range/uvm,kokkos-uvm,baseline,"node=miyabi-g(GH200-GPU),kokkos=4.7.02(sm_90)",32,4913,0.00492634,2.915837,9.543651e-09,0.16,0.09,0.25,miyabi/kokkos-sweep/range_uvm/run.32.17.3.log
Kokkos,miyabi,gpu,cpp,kokkos,range/uvm,kokkos-uvm,baseline,"node=miyabi-g(GH200-GPU),kokkos=4.7.02(sm_90)",32,35937,0.01003783,22.21666,7.210672e-09,0.25,0.24,0.20,miyabi/kokkos-sweep/range_uvm/run.32.33.1.log
Kokkos,miyabi,gpu,cpp,kokkos,range/uvm,kokkos-uvm,baseline,"node=miyabi-g(GH200-GPU),kokkos=4.7.02(sm_90)",32,35937,0.01002391,22.24752,7.210672e-09,0.26,0.20,0.23,miyabi/kokkos-sweep/range_uvm/run.32.33.2.log
Kokkos,miyabi,gpu,cpp,kokkos,range/uvm,kokkos-uvm,baseline,"node=miyabi-g(GH200-GPU),kokkos=4.7.02(sm_90)",32,35937,0.01001684,22.26322,7.210672e-09,0.25,0.17,0.27,miyabi/kokkos-sweep/range_uvm/run.32.33.3.log
Kokkos,miyabi,gpu,cpp,kokkos,range/uvm,kokkos-uvm,baseline,"node=miyabi-g(GH200-GPU),kokkos=4.7.02(sm_90)",32,274625,0.04217544,82.90025,8.292404e-09,1.05,0.85,0.39,miyabi/kokkos-sweep/range_uvm/run.32.65.1.log
Kokkos,miyabi,gpu,cpp,kokkos,range/uvm,kokkos-uvm,baseline,"node=miyabi-g(GH200-GPU),kokkos=4.7.02(sm_90)",32,274625,0.04258955,82.09419,8.292404e-09,1.14,1.01,0.31,miyabi/kokkos-sweep/range_uvm/run.32.65.2.log
Kokkos,miyabi,gpu,cpp,kokkos,range/uvm,kokkos-uvm,baseline,"node=miyabi-g(GH200-GPU),kokkos=4.7.02(sm_90)",32,274625,0.04240811,82.44543,8.292404e-09,1.13,1.06,0.25,miyabi/kokkos-sweep/range_uvm/run.32.65.3.log
Kokkos,miyabi,gpu,cpp,kokkos,range/uvm,kokkos-uvm,baseline,"node=miyabi-g(GH200-GPU),kokkos=4.7.02(sm_90)",32,2146689,0.4609184,120.4424,8.738957e-09,7.52,7.43,0.27,miyabi/kokkos-sweep/range_uvm/run.32.129.1.log
Kokkos,miyabi,gpu,cpp,kokkos,range/uvm,kokkos-uvm,baseline,"node=miyabi-g(GH200-GPU),kokkos=4.7.02(sm_90)",32,2146689,0.4612861,120.3464,8.738957e-09,7.51,7.11,0.59,miyabi/kokkos-sweep/range_uvm/run.32.129.2.log
Kokkos,miyabi,gpu,cpp,kokkos,range/uvm,kokkos-uvm,baseline,"node=miyabi-g(GH200-GPU),kokkos=4.7.02(sm_90)",32,2146689,0.4629464,119.9148,8.738957e-09,7.53,7.92,0.35,miyabi/kokkos-sweep/range_uvm/run.32.129.3.log
Kokkos,miyabi,gpu,cpp,kokkos,range/uvm,kokkos-uvm,baseline,"node=miyabi-g(GH200-GPU),kokkos=4.7.02(sm_90)",64,4913,0.004940579,2.907433,9.543651e-09,0.26,0.17,0.29,miyabi/kokkos-sweep/range_uvm/run.64.17.1.log
Kokkos,miyabi,gpu,cpp,kokkos,range/uvm,kokkos-uvm,baseline,"node=miyabi-g(GH200-GPU),kokkos=4.7.02(sm_90)",64,4913,0.004888195,2.93859,9.543651e-09,0.24,0.03,0.40,miyabi/kokkos-sweep/range_uvm/run.64.17.2.log
Kokkos,miyabi,gpu,cpp,kokkos,range/uvm,kokkos-uvm,baseline,"node=miyabi-g(GH200-GPU),kokkos=4.7.02(sm_90)",64,4913,0.004923395,2.917581,9.543651e-09,0.23,0.14,0.27,miyabi/kokkos-sweep/range_uvm/run.64.17.3.log
Kokkos,miyabi,gpu,cpp,kokkos,range/uvm,kokkos-uvm,baseline,"node=miyabi-g(GH200-GPU),kokkos=4.7.02(sm_90)",64,35937,0.01004542,22.19988,7.210672e-09,0.25,0.24,0.20,miyabi/kokkos-sweep/range_uvm/run.64.33.1.log
Kokkos,miyabi,gpu,cpp,kokkos,range/uvm,kokkos-uvm,baseline,"node=miyabi-g(GH200-GPU),kokkos=4.7.02(sm_90)",64,35937,0.01010209,22.07534,7.210672e-09,0.25,0.21,0.23,miyabi/kokkos-sweep/range_uvm/run.64.33.2.log
Kokkos,miyabi,gpu,cpp,kokkos,range/uvm,kokkos-uvm,baseline,"node=miyabi-g(GH200-GPU),kokkos=4.7.02(sm_90)",64,35937,0.009930567,22.45663,7.210672e-09,0.25,0.20,0.25,miyabi/kokkos-sweep/range_uvm/run.64.33.3.log
Kokkos,miyabi,gpu,cpp,kokkos,range/uvm,kokkos-uvm,baseline,"node=miyabi-g(GH200-GPU),kokkos=4.7.02(sm_90)",64,274625,0.04272872,81.82680999999999,8.292404e-09,1.05,0.91,0.34,miyabi/kokkos-sweep/range_uvm/run.64.65.1.log
Kokkos,miyabi,gpu,cpp,kokkos,range/uvm,kokkos-uvm,baseline,"node=miyabi-g(GH200-GPU),kokkos=4.7.02(sm_90)",64,274625,0.04235902,82.54097,8.292404e-09,1.20,1.08,0.23,miyabi/kokkos-sweep/range_uvm/run.64.65.2.log
Kokkos,miyabi,gpu,cpp,kokkos,range/uvm,kokkos-uvm,baseline,"node=miyabi-g(GH200-GPU),kokkos=4.7.02(sm_90)",64,274625,0.04221352,82.82547,8.292404e-09,1.12,1.07,0.25,miyabi/kokkos-sweep/range_uvm/run.64.65.3.log
Kokkos,miyabi,gpu,cpp,kokkos,range/uvm,kokkos-uvm,baseline,"node=miyabi-g(GH200-GPU),kokkos=4.7.02(sm_90)",64,2146689,0.4592932,120.8686,8.738957e-09,7.60,7.53,0.25,miyabi/kokkos-sweep/range_uvm/run.64.129.1.log
Kokkos,miyabi,gpu,cpp,kokkos,range/uvm,kokkos-uvm,baseline,"node=miyabi-g(GH200-GPU),kokkos=4.7.02(sm_90)",64,2146689,0.4597476,120.7491,8.738957e-09,7.53,7.42,0.29,miyabi/kokkos-sweep/range_uvm/run.64.129.2.log
Kokkos,miyabi,gpu,cpp,kokkos,range/uvm,kokkos-uvm,baseline,"node=miyabi-g(GH200-GPU),kokkos=4.7.02(sm_90)",64,2146689,0.4589583,120.9568,8.738957e-09,7.53,7.11,0.62,miyabi/kokkos-sweep/range_uvm/run.64.129.3.log
Kokkos,miyabi,gpu,cpp,kokkos,range/uvm-sweep,kokkos-uvm,baseline,"node=miyabi-g(GH200-GPU),kokkos=4.7.02(sm_90)",32,4913,0.004952577,2.90039,9.543651e-09,0.39,0.06,0.47,miyabi/kokkos-sweep/range_uvm-sweep/run.32.17.1.log
Kokkos,miyabi,gpu,cpp,kokkos,range/uvm-sweep,kokkos-uvm,baseline,"node=miyabi-g(GH200-GPU),kokkos=4.7.02(sm_90)",32,4913,0.004887904,2.938765,9.543651e-09,0.23,0.05,0.38,miyabi/kokkos-sweep/range_uvm-sweep/run.32.17.2.log
Kokkos,miyabi,gpu,cpp,kokkos,range/uvm-sweep,kokkos-uvm,baseline,"node=miyabi-g(GH200-GPU),kokkos=4.7.02(sm_90)",32,4913,0.004894849,2.934596,9.543651e-09,0.15,0.10,0.23,miyabi/kokkos-sweep/range_uvm-sweep/run.32.17.3.log
Kokkos,miyabi,gpu,cpp,kokkos,range/uvm-sweep,kokkos-uvm,baseline,"node=miyabi-g(GH200-GPU),kokkos=4.7.02(sm_90)",32,35937,0.01003076,22.23232,7.210672e-09,0.25,0.22,0.21,miyabi/kokkos-sweep/range_uvm-sweep/run.32.33.1.log
Kokkos,miyabi,gpu,cpp,kokkos,range/uvm-sweep,kokkos-uvm,baseline,"node=miyabi-g(GH200-GPU),kokkos=4.7.02(sm_90)",32,35937,0.009976322,22.35364,7.210672e-09,0.26,0.21,0.23,miyabi/kokkos-sweep/range_uvm-sweep/run.32.33.2.log
Kokkos,miyabi,gpu,cpp,kokkos,range/uvm-sweep,kokkos-uvm,baseline,"node=miyabi-g(GH200-GPU),kokkos=4.7.02(sm_90)",32,35937,0.009997538,22.3062,7.210672e-09,0.25,0.24,0.20,miyabi/kokkos-sweep/range_uvm-sweep/run.32.33.3.log
Kokkos,miyabi,gpu,cpp,kokkos,range/uvm-sweep,kokkos-uvm,baseline,"node=miyabi-g(GH200-GPU),kokkos=4.7.02(sm_90)",32,274625,0.04250505,82.2574,8.292404e-09,1.06,1.07,0.17,miyabi/kokkos-sweep/range_uvm-sweep/run.32.65.1.log
Kokkos,miyabi,gpu,cpp,kokkos,range/uvm-sweep,kokkos-uvm,baseline,"node=miyabi-g(GH200-GPU),kokkos=4.7.02(sm_90)",32,274625,0.04268284,81.91476,8.292404e-09,1.12,1.07,0.23,miyabi/kokkos-sweep/range_uvm-sweep/run.32.65.2.log
Kokkos,miyabi,gpu,cpp,kokkos,range/uvm-sweep,kokkos-uvm,baseline,"node=miyabi-g(GH200-GPU),kokkos=4.7.02(sm_90)",32,274625,0.04254825,82.17388,8.292404e-09,1.13,1.04,0.26,miyabi/kokkos-sweep/range_uvm-sweep/run.32.65.3.log
Kokkos,miyabi,gpu,cpp,kokkos,range/uvm-sweep,kokkos-uvm,baseline,"node=miyabi-g(GH200-GPU),kokkos=4.7.02(sm_90)",32,2146689,0.4628588,119.9375,8.738957e-09,7.62,7.27,0.55,miyabi/kokkos-sweep/range_uvm-sweep/run.32.129.1.log
Kokkos,miyabi,gpu,cpp,kokkos,range/uvm-sweep,kokkos-uvm,baseline,"node=miyabi-g(GH200-GPU),kokkos=4.7.02(sm_90)",32,2146689,0.4629106,119.924,8.738957e-09,7.63,7.20,0.62,miyabi/kokkos-sweep/range_uvm-sweep/run.32.129.2.log
Kokkos,miyabi,gpu,cpp,kokkos,range/uvm-sweep,kokkos-uvm,baseline,"node=miyabi-g(GH200-GPU),kokkos=4.7.02(sm_90)",32,2146689,0.4605968,120.5265,8.738957e-09,7.54,7.54,0.23,miyabi/kokkos-sweep/range_uvm-sweep/run.32.129.3.log
Kokkos,miyabi,gpu,cpp,kokkos,range/uvm-sweep,kokkos-uvm,baseline,"node=miyabi-g(GH200-GPU),kokkos=4.7.02(sm_90)",64,4913,0.00487488,2.946617,9.543651e-09,0.26,0.05,0.38,miyabi/kokkos-sweep/range_uvm-sweep/run.64.17.1.log
Kokkos,miyabi,gpu,cpp,kokkos,range/uvm-sweep,kokkos-uvm,baseline,"node=miyabi-g(GH200-GPU),kokkos=4.7.02(sm_90)",64,4913,0.004903329,2.929521,9.543651e-09,0.16,0.14,0.21,miyabi/kokkos-sweep/range_uvm-sweep/run.64.17.2.log
Kokkos,miyabi,gpu,cpp,kokkos,range/uvm-sweep,kokkos-uvm,baseline,"node=miyabi-g(GH200-GPU),kokkos=4.7.02(sm_90)",64,4913,0.004928737,2.914419,9.543651e-09,0.15,0.13,0.20,miyabi/kokkos-sweep/range_uvm-sweep/run.64.17.3.log
Kokkos,miyabi,gpu,cpp,kokkos,range/uvm-sweep,kokkos-uvm,baseline,"node=miyabi-g(GH200-GPU),kokkos=4.7.02(sm_90)",64,35937,0.01011549,22.0461,7.210672e-09,0.25,0.23,0.21,miyabi/kokkos-sweep/range_uvm-sweep/run.64.33.1.log
Kokkos,miyabi,gpu,cpp,kokkos,range/uvm-sweep,kokkos-uvm,baseline,"node=miyabi-g(GH200-GPU),kokkos=4.7.02(sm_90)",64,35937,0.009941475,22.43199,7.210672e-09,0.25,0.17,0.27,miyabi/kokkos-sweep/range_uvm-sweep/run.64.33.2.log
Kokkos,miyabi,gpu,cpp,kokkos,range/uvm-sweep,kokkos-uvm,baseline,"node=miyabi-g(GH200-GPU),kokkos=4.7.02(sm_90)",64,35937,0.01002925,22.23567,7.210672e-09,0.25,0.21,0.23,miyabi/kokkos-sweep/range_uvm-sweep/run.64.33.3.log
Kokkos,miyabi,gpu,cpp,kokkos,range/uvm-sweep,kokkos-uvm,baseline,"node=miyabi-g(GH200-GPU),kokkos=4.7.02(sm_90)",64,274625,0.04260822,82.05822000000001,8.292404e-09,1.05,1.05,0.18,miyabi/kokkos-sweep/range_uvm-sweep/run.64.65.1.log
Kokkos,miyabi,gpu,cpp,kokkos,range/uvm-sweep,kokkos-uvm,baseline,"node=miyabi-g(GH200-GPU),kokkos=4.7.02(sm_90)",64,274625,0.0423597,82.53964999999999,8.292404e-09,1.14,1.07,0.25,miyabi/kokkos-sweep/range_uvm-sweep/run.64.65.2.log
Kokkos,miyabi,gpu,cpp,kokkos,range/uvm-sweep,kokkos-uvm,baseline,"node=miyabi-g(GH200-GPU),kokkos=4.7.02(sm_90)",64,274625,0.04225318,82.74773,8.292404e-09,1.13,0.98,0.34,miyabi/kokkos-sweep/range_uvm-sweep/run.64.65.3.log
Kokkos,miyabi,gpu,cpp,kokkos,range/uvm-sweep,kokkos-uvm,baseline,"node=miyabi-g(GH200-GPU),kokkos=4.7.02(sm_90)",64,2146689,0.4610822,120.3996,8.738957e-09,7.55,7.49,0.25,miyabi/kokkos-sweep/range_uvm-sweep/run.64.129.1.log
Kokkos,miyabi,gpu,cpp,kokkos,range/uvm-sweep,kokkos-uvm,baseline,"node=miyabi-g(GH200-GPU),kokkos=4.7.02(sm_90)",64,2146689,0.4612607,120.353,8.738957e-09,7.53,7.44,0.27,miyabi/kokkos-sweep/range_uvm-sweep/run.64.129.2.log
Kokkos,miyabi,gpu,cpp,kokkos,range/uvm-sweep,kokkos-uvm,baseline,"node=miyabi-g(GH200-GPU),kokkos=4.7.02(sm_90)",64,2146689,0.4587455,121.0129,8.738957e-09,7.61,7.56,0.24,miyabi/kokkos-sweep/range_uvm-sweep/run.64.129.3.log
Kokkos,miyabi,gpu,cpp,kokkos,mdrange/baseline,kokkos-default,baseline,"node=miyabi-g(GH200-GPU),kokkos=4.7.02(sm_90)",32,4913,0.004847341,2.963357,9.543651e-09,0.40,0.06,0.47,miyabi/kokkos-sweep/mdrange_baseline/run.32.17.1.log
Kokkos,miyabi,gpu,cpp,kokkos,mdrange/baseline,kokkos-default,baseline,"node=miyabi-g(GH200-GPU),kokkos=4.7.02(sm_90)",32,4913,0.004869101,2.950114,9.543651e-09,0.23,0.05,0.37,miyabi/kokkos-sweep/mdrange_baseline/run.32.17.2.log
Kokkos,miyabi,gpu,cpp,kokkos,mdrange/baseline,kokkos-default,baseline,"node=miyabi-g(GH200-GPU),kokkos=4.7.02(sm_90)",32,4913,0.004904461,2.928844,9.543651e-09,0.16,0.09,0.26,miyabi/kokkos-sweep/mdrange_baseline/run.32.17.3.log
Kokkos,miyabi,gpu,cpp,kokkos,mdrange/baseline,kokkos-default,baseline,"node=miyabi-g(GH200-GPU),kokkos=4.7.02(sm_90)",32,35937,0.00962422,23.17145,7.210672e-09,0.25,0.23,0.21,miyabi/kokkos-sweep/mdrange_baseline/run.32.33.1.log
Kokkos,miyabi,gpu,cpp,kokkos,mdrange/baseline,kokkos-default,baseline,"node=miyabi-g(GH200-GPU),kokkos=4.7.02(sm_90)",32,35937,0.009595419,23.241,7.210672e-09,0.25,0.21,0.23,miyabi/kokkos-sweep/mdrange_baseline/run.32.33.2.log
Kokkos,miyabi,gpu,cpp,kokkos,mdrange/baseline,kokkos-default,baseline,"node=miyabi-g(GH200-GPU),kokkos=4.7.02(sm_90)",32,35937,0.009613691,23.19682,7.210672e-09,0.27,0.20,0.25,miyabi/kokkos-sweep/mdrange_baseline/run.32.33.3.log
Kokkos,miyabi,gpu,cpp,kokkos,mdrange/baseline,kokkos-default,baseline,"node=miyabi-g(GH200-GPU),kokkos=4.7.02(sm_90)",32,274625,0.04162687,83.99274,8.292404e-09,1.13,1.05,0.26,miyabi/kokkos-sweep/mdrange_baseline/run.32.65.1.log
Kokkos,miyabi,gpu,cpp,kokkos,mdrange/baseline,kokkos-default,baseline,"node=miyabi-g(GH200-GPU),kokkos=4.7.02(sm_90)",32,274625,0.04173707,83.77097000000001,8.292404e-09,1.13,0.83,0.47,miyabi/kokkos-sweep/mdrange_baseline/run.32.65.2.log
Kokkos,miyabi,gpu,cpp,kokkos,mdrange/baseline,kokkos-default,baseline,"node=miyabi-g(GH200-GPU),kokkos=4.7.02(sm_90)",32,274625,0.04166903,83.90774999999999,8.292404e-09,1.13,1.05,0.25,miyabi/kokkos-sweep/mdrange_baseline/run.32.65.3.log
Kokkos,miyabi,gpu,cpp,kokkos,mdrange/baseline,kokkos-default,baseline,"node=miyabi-g(GH200-GPU),kokkos=4.7.02(sm_90)",32,2146689,0.4368604,127.0752,8.738957e-09,7.43,7.04,0.58,miyabi/kokkos-sweep/mdrange_baseline/run.32.129.1.log
Kokkos,miyabi,gpu,cpp,kokkos,mdrange/baseline,kokkos-default,baseline,"node=miyabi-g(GH200-GPU),kokkos=4.7.02(sm_90)",32,2146689,0.4373307,126.9385,8.738957e-09,7.43,7.40,0.22,miyabi/kokkos-sweep/mdrange_baseline/run.32.129.2.log
Kokkos,miyabi,gpu,cpp,kokkos,mdrange/baseline,kokkos-default,baseline,"node=miyabi-g(GH200-GPU),kokkos=4.7.02(sm_90)",32,2146689,0.436613,127.1472,8.738957e-09,7.40,7.16,0.42,miyabi/kokkos-sweep/mdrange_baseline/run.32.129.3.log
Kokkos,miyabi,gpu,cpp,kokkos,mdrange/baseline,kokkos-default,baseline,"node=miyabi-g(GH200-GPU),kokkos=4.7.02(sm_90)",64,4913,0.004882092,2.942264,9.543651e-09,0.26,0.03,0.40,miyabi/kokkos-sweep/mdrange_baseline/run.64.17.1.log
Kokkos,miyabi,gpu,cpp,kokkos,mdrange/baseline,kokkos-default,baseline,"node=miyabi-g(GH200-GPU),kokkos=4.7.02(sm_90)",64,4913,0.004867885,2.950851,9.543651e-09,0.23,0.08,0.33,miyabi/kokkos-sweep/mdrange_baseline/run.64.17.2.log
Kokkos,miyabi,gpu,cpp,kokkos,mdrange/baseline,kokkos-default,baseline,"node=miyabi-g(GH200-GPU),kokkos=4.7.02(sm_90)",64,4913,0.004810092,2.986305,9.543651e-09,0.16,0.08,0.26,miyabi/kokkos-sweep/mdrange_baseline/run.64.17.3.log
Kokkos,miyabi,gpu,cpp,kokkos,mdrange/baseline,kokkos-default,baseline,"node=miyabi-g(GH200-GPU),kokkos=4.7.02(sm_90)",64,35937,0.00956156,23.3233,7.210672e-09,0.25,0.22,0.22,miyabi/kokkos-sweep/mdrange_baseline/run.64.33.1.log
Kokkos,miyabi,gpu,cpp,kokkos,mdrange/baseline,kokkos-default,baseline,"node=miyabi-g(GH200-GPU),kokkos=4.7.02(sm_90)",64,35937,0.009568889,23.30543,7.210672e-09,0.25,0.22,0.22,miyabi/kokkos-sweep/mdrange_baseline/run.64.33.2.log
Kokkos,miyabi,gpu,cpp,kokkos,mdrange/baseline,kokkos-default,baseline,"node=miyabi-g(GH200-GPU),kokkos=4.7.02(sm_90)",64,35937,0.00959756,23.23581,7.210672e-09,0.25,0.19,0.23,miyabi/kokkos-sweep/mdrange_baseline/run.64.33.3.log
Kokkos,miyabi,gpu,cpp,kokkos,mdrange/baseline,kokkos-default,baseline,"node=miyabi-g(GH200-GPU),kokkos=4.7.02(sm_90)",64,274625,0.04158027,84.08687,8.292404e-09,1.05,0.88,0.35,miyabi/kokkos-sweep/mdrange_baseline/run.64.65.1.log
Kokkos,miyabi,gpu,cpp,kokkos,mdrange/baseline,kokkos-default,baseline,"node=miyabi-g(GH200-GPU),kokkos=4.7.02(sm_90)",64,274625,0.04174651,83.75202,8.292404e-09,1.12,1.07,0.23,miyabi/kokkos-sweep/mdrange_baseline/run.64.65.2.log
Kokkos,miyabi,gpu,cpp,kokkos,mdrange/baseline,kokkos-default,baseline,"node=miyabi-g(GH200-GPU),kokkos=4.7.02(sm_90)",64,274625,0.04148206,84.28595,8.292404e-09,1.12,1.00,0.30,miyabi/kokkos-sweep/mdrange_baseline/run.64.65.3.log
Kokkos,miyabi,gpu,cpp,kokkos,mdrange/baseline,kokkos-default,baseline,"node=miyabi-g(GH200-GPU),kokkos=4.7.02(sm_90)",64,2146689,0.4369062,127.0619,8.738957e-09,7.48,6.57,1.09,miyabi/kokkos-sweep/mdrange_baseline/run.64.129.1.log
Kokkos,miyabi,gpu,cpp,kokkos,mdrange/baseline,kokkos-default,baseline,"node=miyabi-g(GH200-GPU),kokkos=4.7.02(sm_90)",64,2146689,0.4380298,126.7359,8.738957e-09,7.49,7.33,0.26,miyabi/kokkos-sweep/mdrange_baseline/run.64.129.2.log
Kokkos,miyabi,gpu,cpp,kokkos,mdrange/baseline,kokkos-default,baseline,"node=miyabi-g(GH200-GPU),kokkos=4.7.02(sm_90)",64,2146689,0.4368709,127.0721,8.738957e-09,7.46,7.40,0.24,miyabi/kokkos-sweep/mdrange_baseline/run.64.129.3.log
Kokkos,miyabi,gpu,cpp,kokkos,mdrange/cpu-tile-sweep,kokkos-default,tile-sweep,"node=miyabi-g(GH200-GPU),kokkos=4.7.02(sm_90)",32,4913,0.004901168,2.930812,9.543651e-09,0.39,0.04,0.48,miyabi/kokkos-sweep/mdrange_cpu-tile-sweep/run.32.17.1.log
Kokkos,miyabi,gpu,cpp,kokkos,mdrange/cpu-tile-sweep,kokkos-default,tile-sweep,"node=miyabi-g(GH200-GPU),kokkos=4.7.02(sm_90)",32,4913,0.00489928,2.931942,9.543651e-09,0.23,0.03,0.38,miyabi/kokkos-sweep/mdrange_cpu-tile-sweep/run.32.17.2.log
Kokkos,miyabi,gpu,cpp,kokkos,mdrange/cpu-tile-sweep,kokkos-default,tile-sweep,"node=miyabi-g(GH200-GPU),kokkos=4.7.02(sm_90)",32,4913,0.004893936,2.935143,9.543651e-09,0.16,0.11,0.23,miyabi/kokkos-sweep/mdrange_cpu-tile-sweep/run.32.17.3.log
Kokkos,miyabi,gpu,cpp,kokkos,mdrange/cpu-tile-sweep,kokkos-default,tile-sweep,"node=miyabi-g(GH200-GPU),kokkos=4.7.02(sm_90)",32,35937,0.009668479,23.06538,7.210672e-09,0.25,0.22,0.22,miyabi/kokkos-sweep/mdrange_cpu-tile-sweep/run.32.33.1.log
Kokkos,miyabi,gpu,cpp,kokkos,mdrange/cpu-tile-sweep,kokkos-default,tile-sweep,"node=miyabi-g(GH200-GPU),kokkos=4.7.02(sm_90)",32,35937,0.009687967,23.01898,7.210672e-09,0.25,0.07,0.36,miyabi/kokkos-sweep/mdrange_cpu-tile-sweep/run.32.33.2.log
Kokkos,miyabi,gpu,cpp,kokkos,mdrange/cpu-tile-sweep,kokkos-default,tile-sweep,"node=miyabi-g(GH200-GPU),kokkos=4.7.02(sm_90)",32,35937,0.009667712,23.06721,7.210672e-09,0.25,0.24,0.19,miyabi/kokkos-sweep/mdrange_cpu-tile-sweep/run.32.33.3.log
Kokkos,miyabi,gpu,cpp,kokkos,mdrange/cpu-tile-sweep,kokkos-default,tile-sweep,"node=miyabi-g(GH200-GPU),kokkos=4.7.02(sm_90)",32,274625,0.04130874,84.63959,8.292404e-09,1.05,1.04,0.19,miyabi/kokkos-sweep/mdrange_cpu-tile-sweep/run.32.65.1.log
Kokkos,miyabi,gpu,cpp,kokkos,mdrange/cpu-tile-sweep,kokkos-default,tile-sweep,"node=miyabi-g(GH200-GPU),kokkos=4.7.02(sm_90)",32,274625,0.0414406,84.37027,8.292404e-09,1.13,0.93,0.38,miyabi/kokkos-sweep/mdrange_cpu-tile-sweep/run.32.65.2.log
Kokkos,miyabi,gpu,cpp,kokkos,mdrange/cpu-tile-sweep,kokkos-default,tile-sweep,"node=miyabi-g(GH200-GPU),kokkos=4.7.02(sm_90)",32,274625,0.04123884,84.78305,8.292404e-09,1.12,1.04,0.26,miyabi/kokkos-sweep/mdrange_cpu-tile-sweep/run.32.65.3.log
Kokkos,miyabi,gpu,cpp,kokkos,mdrange/cpu-tile-sweep,kokkos-default,tile-sweep,"node=miyabi-g(GH200-GPU),kokkos=4.7.02(sm_90)",32,2146689,0.4374214,126.9122,8.738957e-09,7.48,7.03,0.63,miyabi/kokkos-sweep/mdrange_cpu-tile-sweep/run.32.129.1.log
Kokkos,miyabi,gpu,cpp,kokkos,mdrange/cpu-tile-sweep,kokkos-default,tile-sweep,"node=miyabi-g(GH200-GPU),kokkos=4.7.02(sm_90)",32,2146689,0.4358663,127.365,8.738957e-09,7.44,7.35,0.27,miyabi/kokkos-sweep/mdrange_cpu-tile-sweep/run.32.129.2.log
Kokkos,miyabi,gpu,cpp,kokkos,mdrange/cpu-tile-sweep,kokkos-default,tile-sweep,"node=miyabi-g(GH200-GPU),kokkos=4.7.02(sm_90)",32,2146689,0.4380174,126.7395,8.738957e-09,7.44,7.02,0.61,miyabi/kokkos-sweep/mdrange_cpu-tile-sweep/run.32.129.3.log
Kokkos,miyabi,gpu,cpp,kokkos,mdrange/cpu-tile-sweep,kokkos-default,tile-sweep,"node=miyabi-g(GH200-GPU),kokkos=4.7.02(sm_90)",64,4913,0.004888363,2.938489,9.543651e-09,0.24,0.09,0.32,miyabi/kokkos-sweep/mdrange_cpu-tile-sweep/run.64.17.1.log
Kokkos,miyabi,gpu,cpp,kokkos,mdrange/cpu-tile-sweep,kokkos-default,tile-sweep,"node=miyabi-g(GH200-GPU),kokkos=4.7.02(sm_90)",64,4913,0.004879499,2.943827,9.543651e-09,0.16,0.04,0.30,miyabi/kokkos-sweep/mdrange_cpu-tile-sweep/run.64.17.2.log
Kokkos,miyabi,gpu,cpp,kokkos,mdrange/cpu-tile-sweep,kokkos-default,tile-sweep,"node=miyabi-g(GH200-GPU),kokkos=4.7.02(sm_90)",64,4913,0.004886859,2.939394,9.543651e-09,0.15,0.04,0.30,miyabi/kokkos-sweep/mdrange_cpu-tile-sweep/run.64.17.3.log
Kokkos,miyabi,gpu,cpp,kokkos,mdrange/cpu-tile-sweep,kokkos-default,tile-sweep,"node=miyabi-g(GH200-GPU),kokkos=4.7.02(sm_90)",64,35937,0.00965871,23.0887,7.210672e-09,0.25,0.19,0.24,miyabi/kokkos-sweep/mdrange_cpu-tile-sweep/run.64.33.1.log
Kokkos,miyabi,gpu,cpp,kokkos,mdrange/cpu-tile-sweep,kokkos-default,tile-sweep,"node=miyabi-g(GH200-GPU),kokkos=4.7.02(sm_90)",64,35937,0.009654421,23.09896,7.210672e-09,0.25,0.21,0.23,miyabi/kokkos-sweep/mdrange_cpu-tile-sweep/run.64.33.2.log
Kokkos,miyabi,gpu,cpp,kokkos,mdrange/cpu-tile-sweep,kokkos-default,tile-sweep,"node=miyabi-g(GH200-GPU),kokkos=4.7.02(sm_90)",64,35937,0.009624054,23.17185,7.210672e-09,0.25,0.22,0.20,miyabi/kokkos-sweep/mdrange_cpu-tile-sweep/run.64.33.3.log
Kokkos,miyabi,gpu,cpp,kokkos,mdrange/cpu-tile-sweep,kokkos-default,tile-sweep,"node=miyabi-g(GH200-GPU),kokkos=4.7.02(sm_90)",64,274625,0.04193817,83.36927,8.292404e-09,1.05,1.06,0.17,miyabi/kokkos-sweep/mdrange_cpu-tile-sweep/run.64.65.1.log
Kokkos,miyabi,gpu,cpp,kokkos,mdrange/cpu-tile-sweep,kokkos-default,tile-sweep,"node=miyabi-g(GH200-GPU),kokkos=4.7.02(sm_90)",64,274625,0.04117878,84.90671,8.292404e-09,1.12,1.07,0.23,miyabi/kokkos-sweep/mdrange_cpu-tile-sweep/run.64.65.2.log
Kokkos,miyabi,gpu,cpp,kokkos,mdrange/cpu-tile-sweep,kokkos-default,tile-sweep,"node=miyabi-g(GH200-GPU),kokkos=4.7.02(sm_90)",64,274625,0.04146825,84.31402,8.292404e-09,1.13,1.02,0.32,miyabi/kokkos-sweep/mdrange_cpu-tile-sweep/run.64.65.3.log
Kokkos,miyabi,gpu,cpp,kokkos,mdrange/cpu-tile-sweep,kokkos-default,tile-sweep,"node=miyabi-g(GH200-GPU),kokkos=4.7.02(sm_90)",64,2146689,0.4390946,126.4286,8.738957e-09,7.47,7.23,0.43,miyabi/kokkos-sweep/mdrange_cpu-tile-sweep/run.64.129.1.log
Kokkos,miyabi,gpu,cpp,kokkos,mdrange/cpu-tile-sweep,kokkos-default,tile-sweep,"node=miyabi-g(GH200-GPU),kokkos=4.7.02(sm_90)",64,2146689,0.4377423,126.8192,8.738957e-09,7.45,7.36,0.27,miyabi/kokkos-sweep/mdrange_cpu-tile-sweep/run.64.129.2.log
Kokkos,miyabi,gpu,cpp,kokkos,mdrange/cpu-tile-sweep,kokkos-default,tile-sweep,"node=miyabi-g(GH200-GPU),kokkos=4.7.02(sm_90)",64,2146689,0.4382567,126.6703,8.738957e-09,7.53,7.44,0.28,miyabi/kokkos-sweep/mdrange_cpu-tile-sweep/run.64.129.3.log
Kokkos,miyabi,gpu,cpp,kokkos,mdrange/uvm,kokkos-uvm,baseline,"node=miyabi-g(GH200-GPU),kokkos=4.7.02(sm_90)",32,4913,0.005148611,2.789957,9.543651e-09,0.39,0.15,0.37,miyabi/kokkos-sweep/mdrange_uvm/run.32.17.1.log
Kokkos,miyabi,gpu,cpp,kokkos,mdrange/uvm,kokkos-uvm,baseline,"node=miyabi-g(GH200-GPU),kokkos=4.7.02(sm_90)",32,4913,0.004970019,2.890211,9.543651e-09,0.22,0.07,0.34,miyabi/kokkos-sweep/mdrange_uvm/run.32.17.2.log
Kokkos,miyabi,gpu,cpp,kokkos,mdrange/uvm,kokkos-uvm,baseline,"node=miyabi-g(GH200-GPU),kokkos=4.7.02(sm_90)",32,4913,0.00495805,2.897188,9.543651e-09,0.16,0.06,0.27,miyabi/kokkos-sweep/mdrange_uvm/run.32.17.3.log
Kokkos,miyabi,gpu,cpp,kokkos,mdrange/uvm,kokkos-uvm,baseline,"node=miyabi-g(GH200-GPU),kokkos=4.7.02(sm_90)",32,35937,0.009927844,22.46279,7.210672e-09,0.28,0.20,0.25,miyabi/kokkos-sweep/mdrange_uvm/run.32.33.1.log
Kokkos,miyabi,gpu,cpp,kokkos,mdrange/uvm,kokkos-uvm,baseline,"node=miyabi-g(GH200-GPU),kokkos=4.7.02(sm_90)",32,35937,0.01004509,22.20061,7.210672e-09,0.34,0.18,0.34,miyabi/kokkos-sweep/mdrange_uvm/run.32.33.2.log
Kokkos,miyabi,gpu,cpp,kokkos,mdrange/uvm,kokkos-uvm,baseline,"node=miyabi-g(GH200-GPU),kokkos=4.7.02(sm_90)",32,35937,0.009992196,22.31813,7.210672e-09,0.34,0.20,0.32,miyabi/kokkos-sweep/mdrange_uvm/run.32.33.3.log
Kokkos,miyabi,gpu,cpp,kokkos,mdrange/uvm,kokkos-uvm,baseline,"node=miyabi-g(GH200-GPU),kokkos=4.7.02(sm_90)",32,274625,0.04232531,82.60671000000001,8.292404e-09,1.13,1.06,0.24,miyabi/kokkos-sweep/mdrange_uvm/run.32.65.1.log
Kokkos,miyabi,gpu,cpp,kokkos,mdrange/uvm,kokkos-uvm,baseline,"node=miyabi-g(GH200-GPU),kokkos=4.7.02(sm_90)",32,274625,0.0426473,81.98303,8.292404e-09,1.13,0.83,0.49,miyabi/kokkos-sweep/mdrange_uvm/run.32.65.2.log
Kokkos,miyabi,gpu,cpp,kokkos,mdrange/uvm,kokkos-uvm,baseline,"node=miyabi-g(GH200-GPU),kokkos=4.7.02(sm_90)",32,274625,0.04232563,82.60608999999999,8.292404e-09,1.12,1.04,0.26,miyabi/kokkos-sweep/mdrange_uvm/run.32.65.3.log
Kokkos,miyabi,gpu,cpp,kokkos,mdrange/uvm,kokkos-uvm,baseline,"node=miyabi-g(GH200-GPU),kokkos=4.7.02(sm_90)",32,2146689,0.4641951,119.5922,8.738957e-09,7.53,7.47,0.24,miyabi/kokkos-sweep/mdrange_uvm/run.32.129.1.log
Kokkos,miyabi,gpu,cpp,kokkos,mdrange/uvm,kokkos-uvm,baseline,"node=miyabi-g(GH200-GPU),kokkos=4.7.02(sm_90)",32,2146689,0.4601897,120.6331,8.738957e-09,7.59,7.51,0.28,miyabi/kokkos-sweep/mdrange_uvm/run.32.129.2.log
Kokkos,miyabi,gpu,cpp,kokkos,mdrange/uvm,kokkos-uvm,baseline,"node=miyabi-g(GH200-GPU),kokkos=4.7.02(sm_90)",32,2146689,0.4594564,120.8256,8.738957e-09,7.52,7.47,0.24,miyabi/kokkos-sweep/mdrange_uvm/run.32.129.3.log
Kokkos,miyabi,gpu,cpp,kokkos,mdrange/uvm,kokkos-uvm,baseline,"node=miyabi-g(GH200-GPU),kokkos=4.7.02(sm_90)",64,4913,0.004892674,2.9359,9.543651e-09,0.24,0.04,0.40,miyabi/kokkos-sweep/mdrange_uvm/run.64.17.1.log
Kokkos,miyabi,gpu,cpp,kokkos,mdrange/uvm,kokkos-uvm,baseline,"node=miyabi-g(GH200-GPU),kokkos=4.7.02(sm_90)",64,4913,0.005034722,2.853068,9.543651e-09,0.16,0.05,0.29,miyabi/kokkos-sweep/mdrange_uvm/run.64.17.2.log
Kokkos,miyabi,gpu,cpp,kokkos,mdrange/uvm,kokkos-uvm,baseline,"node=miyabi-g(GH200-GPU),kokkos=4.7.02(sm_90)",64,4913,0.004928226,2.914721,9.543651e-09,0.15,0.06,0.27,miyabi/kokkos-sweep/mdrange_uvm/run.64.17.3.log
Kokkos,miyabi,gpu,cpp,kokkos,mdrange/uvm,kokkos-uvm,baseline,"node=miyabi-g(GH200-GPU),kokkos=4.7.02(sm_90)",64,35937,0.01008125,22.12098,7.210672e-09,0.25,0.23,0.21,miyabi/kokkos-sweep/mdrange_uvm/run.64.33.1.log
Kokkos,miyabi,gpu,cpp,kokkos,mdrange/uvm,kokkos-uvm,baseline,"node=miyabi-g(GH200-GPU),kokkos=4.7.02(sm_90)",64,35937,0.009954021,22.40372,7.210672e-09,0.25,0.25,0.20,miyabi/kokkos-sweep/mdrange_uvm/run.64.33.2.log
Kokkos,miyabi,gpu,cpp,kokkos,mdrange/uvm,kokkos-uvm,baseline,"node=miyabi-g(GH200-GPU),kokkos=4.7.02(sm_90)",64,35937,0.009947077,22.41936,7.210672e-09,0.27,0.13,0.32,miyabi/kokkos-sweep/mdrange_uvm/run.64.33.3.log
Kokkos,miyabi,gpu,cpp,kokkos,mdrange/uvm,kokkos-uvm,baseline,"node=miyabi-g(GH200-GPU),kokkos=4.7.02(sm_90)",64,274625,0.04261571,82.0438,8.292404e-09,1.12,0.90,0.41,miyabi/kokkos-sweep/mdrange_uvm/run.64.65.1.log
Kokkos,miyabi,gpu,cpp,kokkos,mdrange/uvm,kokkos-uvm,baseline,"node=miyabi-g(GH200-GPU),kokkos=4.7.02(sm_90)",64,274625,0.04258557,82.10186,8.292404e-09,1.12,0.77,0.54,miyabi/kokkos-sweep/mdrange_uvm/run.64.65.2.log
Kokkos,miyabi,gpu,cpp,kokkos,mdrange/uvm,kokkos-uvm,baseline,"node=miyabi-g(GH200-GPU),kokkos=4.7.02(sm_90)",64,274625,0.04253325,82.20286,8.292404e-09,1.13,1.05,0.26,miyabi/kokkos-sweep/mdrange_uvm/run.64.65.3.log
Kokkos,miyabi,gpu,cpp,kokkos,mdrange/uvm,kokkos-uvm,baseline,"node=miyabi-g(GH200-GPU),kokkos=4.7.02(sm_90)",64,2146689,0.4647439,119.451,8.738957e-09,7.54,7.31,0.41,miyabi/kokkos-sweep/mdrange_uvm/run.64.129.1.log
Kokkos,miyabi,gpu,cpp,kokkos,mdrange/uvm,kokkos-uvm,baseline,"node=miyabi-g(GH200-GPU),kokkos=4.7.02(sm_90)",64,2146689,0.4642657,119.574,8.738957e-09,7.60,7.22,0.56,miyabi/kokkos-sweep/mdrange_uvm/run.64.129.2.log
Kokkos,miyabi,gpu,cpp,kokkos,mdrange/uvm,kokkos-uvm,baseline,"node=miyabi-g(GH200-GPU),kokkos=4.7.02(sm_90)",64,2146689,0.4629475,119.9145,8.738957e-09,7.51,7.46,0.24,miyabi/kokkos-sweep/mdrange_uvm/run.64.129.3.log
Kokkos,miyabi,gpu,cpp,kokkos,mdrange/uvm-tile-sweep,kokkos-uvm,tile-sweep,"node=miyabi-g(GH200-GPU),kokkos=4.7.02(sm_90)",32,4913,0.005153088,2.787533,9.543651e-09,0.37,0.25,0.28,miyabi/kokkos-sweep/mdrange_uvm-tile-sweep/run.32.17.1.log
Kokkos,miyabi,gpu,cpp,kokkos,mdrange/uvm-tile-sweep,kokkos-uvm,tile-sweep,"node=miyabi-g(GH200-GPU),kokkos=4.7.02(sm_90)",32,4913,0.004920799,2.91912,9.543651e-09,0.23,0.01,0.39,miyabi/kokkos-sweep/mdrange_uvm-tile-sweep/run.32.17.2.log
Kokkos,miyabi,gpu,cpp,kokkos,mdrange/uvm-tile-sweep,kokkos-uvm,tile-sweep,"node=miyabi-g(GH200-GPU),kokkos=4.7.02(sm_90)",32,4913,0.00490131,2.930727,9.543651e-09,0.15,0.04,0.30,miyabi/kokkos-sweep/mdrange_uvm-tile-sweep/run.32.17.3.log
Kokkos,miyabi,gpu,cpp,kokkos,mdrange/uvm-tile-sweep,kokkos-uvm,tile-sweep,"node=miyabi-g(GH200-GPU),kokkos=4.7.02(sm_90)",32,35937,0.01009968,22.08061,7.210672e-09,0.25,0.23,0.20,miyabi/kokkos-sweep/mdrange_uvm-tile-sweep/run.32.33.1.log
Kokkos,miyabi,gpu,cpp,kokkos,mdrange/uvm-tile-sweep,kokkos-uvm,tile-sweep,"node=miyabi-g(GH200-GPU),kokkos=4.7.02(sm_90)",32,35937,0.01004256,22.2062,7.210672e-09,0.27,0.21,0.25,miyabi/kokkos-sweep/mdrange_uvm-tile-sweep/run.32.33.2.log
Kokkos,miyabi,gpu,cpp,kokkos,mdrange/uvm-tile-sweep,kokkos-uvm,tile-sweep,"node=miyabi-g(GH200-GPU),kokkos=4.7.02(sm_90)",32,35937,0.01009382,22.09343,7.210672e-09,0.26,0.19,0.24,miyabi/kokkos-sweep/mdrange_uvm-tile-sweep/run.32.33.3.log
Kokkos,miyabi,gpu,cpp,kokkos,mdrange/uvm-tile-sweep,kokkos-uvm,tile-sweep,"node=miyabi-g(GH200-GPU),kokkos=4.7.02(sm_90)",32,274625,0.04224884,82.75623,8.292404e-09,1.06,0.97,0.27,miyabi/kokkos-sweep/mdrange_uvm-tile-sweep/run.32.65.1.log
Kokkos,miyabi,gpu,cpp,kokkos,mdrange/uvm-tile-sweep,kokkos-uvm,tile-sweep,"node=miyabi-g(GH200-GPU),kokkos=4.7.02(sm_90)",32,274625,0.04165945,83.92704999999999,8.292404e-09,1.13,0.68,0.64,miyabi/kokkos-sweep/mdrange_uvm-tile-sweep/run.32.65.2.log
Kokkos,miyabi,gpu,cpp,kokkos,mdrange/uvm-tile-sweep,kokkos-uvm,tile-sweep,"node=miyabi-g(GH200-GPU),kokkos=4.7.02(sm_90)",32,274625,0.04166413,83.91762,8.292404e-09,1.13,1.06,0.25,miyabi/kokkos-sweep/mdrange_uvm-tile-sweep/run.32.65.3.log
Kokkos,miyabi,gpu,cpp,kokkos,mdrange/uvm-tile-sweep,kokkos-uvm,tile-sweep,"node=miyabi-g(GH200-GPU),kokkos=4.7.02(sm_90)",32,2146689,0.4581083,121.1812,8.738957e-09,7.57,7.51,0.25,miyabi/kokkos-sweep/mdrange_uvm-tile-sweep/run.32.129.1.log
Kokkos,miyabi,gpu,cpp,kokkos,mdrange/uvm-tile-sweep,kokkos-uvm,tile-sweep,"node=miyabi-g(GH200-GPU),kokkos=4.7.02(sm_90)",32,2146689,0.4582685,121.1388,8.738957e-09,7.55,7.04,0.69,miyabi/kokkos-sweep/mdrange_uvm-tile-sweep/run.32.129.2.log
Kokkos,miyabi,gpu,cpp,kokkos,mdrange/uvm-tile-sweep,kokkos-uvm,tile-sweep,"node=miyabi-g(GH200-GPU),kokkos=4.7.02(sm_90)",32,2146689,0.4578076,121.2608,8.738957e-09,7.62,7.54,0.26,miyabi/kokkos-sweep/mdrange_uvm-tile-sweep/run.32.129.3.log
Kokkos,miyabi,gpu,cpp,kokkos,mdrange/uvm-tile-sweep,kokkos-uvm,tile-sweep,"node=miyabi-g(GH200-GPU),kokkos=4.7.02(sm_90)",64,4913,0.004981791,2.883381,9.543651e-09,0.24,0.09,0.32,miyabi/kokkos-sweep/mdrange_uvm-tile-sweep/run.64.17.1.log
Kokkos,miyabi,gpu,cpp,kokkos,mdrange/uvm-tile-sweep,kokkos-uvm,tile-sweep,"node=miyabi-g(GH200-GPU),kokkos=4.7.02(sm_90)",64,4913,0.004962303,2.894705,9.543651e-09,0.16,0.06,0.27,miyabi/kokkos-sweep/mdrange_uvm-tile-sweep/run.64.17.2.log
Kokkos,miyabi,gpu,cpp,kokkos,mdrange/uvm-tile-sweep,kokkos-uvm,tile-sweep,"node=miyabi-g(GH200-GPU),kokkos=4.7.02(sm_90)",64,4913,0.00494371,2.905592,9.543651e-09,0.15,0.14,0.19,miyabi/kokkos-sweep/mdrange_uvm-tile-sweep/run.64.17.3.log
Kokkos,miyabi,gpu,cpp,kokkos,mdrange/uvm-tile-sweep,kokkos-uvm,tile-sweep,"node=miyabi-g(GH200-GPU),kokkos=4.7.02(sm_90)",64,35937,0.01006646,22.15348,7.210672e-09,0.25,0.19,0.25,miyabi/kokkos-sweep/mdrange_uvm-tile-sweep/run.64.33.1.log
Kokkos,miyabi,gpu,cpp,kokkos,mdrange/uvm-tile-sweep,kokkos-uvm,tile-sweep,"node=miyabi-g(GH200-GPU),kokkos=4.7.02(sm_90)",64,35937,0.01000083,22.29886,7.210672e-09,0.25,0.25,0.20,miyabi/kokkos-sweep/mdrange_uvm-tile-sweep/run.64.33.2.log
Kokkos,miyabi,gpu,cpp,kokkos,mdrange/uvm-tile-sweep,kokkos-uvm,tile-sweep,"node=miyabi-g(GH200-GPU),kokkos=4.7.02(sm_90)",64,35937,0.009995485,22.31078,7.210672e-09,0.25,0.21,0.23,miyabi/kokkos-sweep/mdrange_uvm-tile-sweep/run.64.33.3.log
Kokkos,miyabi,gpu,cpp,kokkos,mdrange/uvm-tile-sweep,kokkos-uvm,tile-sweep,"node=miyabi-g(GH200-GPU),kokkos=4.7.02(sm_90)",64,274625,0.0419849,83.27648000000001,8.292404e-09,1.05,1.06,0.17,miyabi/kokkos-sweep/mdrange_uvm-tile-sweep/run.64.65.1.log
Kokkos,miyabi,gpu,cpp,kokkos,mdrange/uvm-tile-sweep,kokkos-uvm,tile-sweep,"node=miyabi-g(GH200-GPU),kokkos=4.7.02(sm_90)",64,274625,0.04209504,83.05859,8.292404e-09,1.13,1.03,0.27,miyabi/kokkos-sweep/mdrange_uvm-tile-sweep/run.64.65.2.log
Kokkos,miyabi,gpu,cpp,kokkos,mdrange/uvm-tile-sweep,kokkos-uvm,tile-sweep,"node=miyabi-g(GH200-GPU),kokkos=4.7.02(sm_90)",64,274625,0.04207943,83.0894,8.292404e-09,1.13,0.84,0.47,miyabi/kokkos-sweep/mdrange_uvm-tile-sweep/run.64.65.3.log
Kokkos,miyabi,gpu,cpp,kokkos,mdrange/uvm-tile-sweep,kokkos-uvm,tile-sweep,"node=miyabi-g(GH200-GPU),kokkos=4.7.02(sm_90)",64,2146689,0.4568529,121.5142,8.738957e-09,7.53,7.45,0.28,miyabi/kokkos-sweep/mdrange_uvm-tile-sweep/run.64.129.1.log
Kokkos,miyabi,gpu,cpp,kokkos,mdrange/uvm-tile-sweep,kokkos-uvm,tile-sweep,"node=miyabi-g(GH200-GPU),kokkos=4.7.02(sm_90)",64,2146689,0.4564208,121.6292,8.738957e-09,7.57,7.53,0.23,miyabi/kokkos-sweep/mdrange_uvm-tile-sweep/run.64.129.2.log
Kokkos,miyabi,gpu,cpp,kokkos,mdrange/uvm-tile-sweep,kokkos-uvm,tile-sweep,"node=miyabi-g(GH200-GPU),kokkos=4.7.02(sm_90)",64,2146689,0.4612476,120.3564,8.738957e-09,7.57,7.06,0.69,miyabi/kokkos-sweep/mdrange_uvm-tile-sweep/run.64.129.3.log
Kokkos,miyabi,gpu,cpp,kokkos,team/baseline,kokkos-default,baseline,"node=miyabi-g(GH200-GPU),kokkos=4.7.02(sm_90)",32,4913,0.006023459,2.384743,9.543651e-09,0.38,0.06,0.44,miyabi/kokkos-sweep/team_baseline/run.32.17.1.log
Kokkos,miyabi,gpu,cpp,kokkos,team/baseline,kokkos-default,baseline,"node=miyabi-g(GH200-GPU),kokkos=4.7.02(sm_90)",32,4913,0.006057507,2.371339,9.543651e-09,0.24,0.05,0.37,miyabi/kokkos-sweep/team_baseline/run.32.17.2.log
Kokkos,miyabi,gpu,cpp,kokkos,team/baseline,kokkos-default,baseline,"node=miyabi-g(GH200-GPU),kokkos=4.7.02(sm_90)",32,4913,0.006079044,2.362938,9.543651e-09,0.16,0.08,0.25,miyabi/kokkos-sweep/team_baseline/run.32.17.3.log
Kokkos,miyabi,gpu,cpp,kokkos,team/baseline,kokkos-default,baseline,"node=miyabi-g(GH200-GPU),kokkos=4.7.02(sm_90)",32,35937,0.0120193,18.55408,7.210672e-09,0.26,0.20,0.23,miyabi/kokkos-sweep/team_baseline/run.32.33.1.log
Kokkos,miyabi,gpu,cpp,kokkos,team/baseline,kokkos-default,baseline,"node=miyabi-g(GH200-GPU),kokkos=4.7.02(sm_90)",32,35937,0.01204036,18.52163,7.210672e-09,0.26,0.19,0.24,miyabi/kokkos-sweep/team_baseline/run.32.33.2.log
Kokkos,miyabi,gpu,cpp,kokkos,team/baseline,kokkos-default,baseline,"node=miyabi-g(GH200-GPU),kokkos=4.7.02(sm_90)",32,35937,0.0126826,17.58371,7.210672e-09,0.26,0.23,0.21,miyabi/kokkos-sweep/team_baseline/run.32.33.3.log
Kokkos,miyabi,gpu,cpp,kokkos,team/baseline,kokkos-default,baseline,"node=miyabi-g(GH200-GPU),kokkos=4.7.02(sm_90)",32,274625,0.03585054,97.52585999999999,8.292404e-09,1.02,0.76,0.43,miyabi/kokkos-sweep/team_baseline/run.32.65.1.log
Kokkos,miyabi,gpu,cpp,kokkos,team/baseline,kokkos-default,baseline,"node=miyabi-g(GH200-GPU),kokkos=4.7.02(sm_90)",32,274625,0.0376991,92.74372,8.292404e-09,1.10,1.01,0.26,miyabi/kokkos-sweep/team_baseline/run.32.65.2.log
Kokkos,miyabi,gpu,cpp,kokkos,team/baseline,kokkos-default,baseline,"node=miyabi-g(GH200-GPU),kokkos=4.7.02(sm_90)",32,274625,0.03584242,97.54795,8.292404e-09,1.10,1.03,0.25,miyabi/kokkos-sweep/team_baseline/run.32.65.3.log
Kokkos,miyabi,gpu,cpp,kokkos,team/baseline,kokkos-default,baseline,"node=miyabi-g(GH200-GPU),kokkos=4.7.02(sm_90)",32,2146689,0.9780693,56.75887,8.738957e-09,7.92,7.84,0.26,miyabi/kokkos-sweep/team_baseline/run.32.129.1.log
Kokkos,miyabi,gpu,cpp,kokkos,team/baseline,kokkos-default,baseline,"node=miyabi-g(GH200-GPU),kokkos=4.7.02(sm_90)",32,2146689,0.9782185,56.75022,8.738957e-09,7.86,7.80,0.23,miyabi/kokkos-sweep/team_baseline/run.32.129.2.log
Kokkos,miyabi,gpu,cpp,kokkos,team/baseline,kokkos-default,baseline,"node=miyabi-g(GH200-GPU),kokkos=4.7.02(sm_90)",32,2146689,0.9737525,57.0105,8.738957e-09,7.85,7.76,0.26,miyabi/kokkos-sweep/team_baseline/run.32.129.3.log
Kokkos,miyabi,gpu,cpp,kokkos,team/baseline,kokkos-default,baseline,"node=miyabi-g(GH200-GPU),kokkos=4.7.02(sm_90)",64,4913,0.006112899,2.349851,9.543651e-09,0.24,0.14,0.26,miyabi/kokkos-sweep/team_baseline/run.64.17.1.log
Kokkos,miyabi,gpu,cpp,kokkos,team/baseline,kokkos-default,baseline,"node=miyabi-g(GH200-GPU),kokkos=4.7.02(sm_90)",64,4913,0.006045316,2.376121,9.543651e-09,0.17,0.08,0.28,miyabi/kokkos-sweep/team_baseline/run.64.17.2.log
Kokkos,miyabi,gpu,cpp,kokkos,team/baseline,kokkos-default,baseline,"node=miyabi-g(GH200-GPU),kokkos=4.7.02(sm_90)",64,4913,0.006040068,2.378186,9.543651e-09,0.15,0.02,0.31,miyabi/kokkos-sweep/team_baseline/run.64.17.3.log
Kokkos,miyabi,gpu,cpp,kokkos,team/baseline,kokkos-default,baseline,"node=miyabi-g(GH200-GPU),kokkos=4.7.02(sm_90)",64,35937,0.01207031,18.47567,7.210672e-09,0.26,0.16,0.28,miyabi/kokkos-sweep/team_baseline/run.64.33.1.log
Kokkos,miyabi,gpu,cpp,kokkos,team/baseline,kokkos-default,baseline,"node=miyabi-g(GH200-GPU),kokkos=4.7.02(sm_90)",64,35937,0.01215706,18.34384,7.210672e-09,0.35,0.18,0.34,miyabi/kokkos-sweep/team_baseline/run.64.33.2.log
Kokkos,miyabi,gpu,cpp,kokkos,team/baseline,kokkos-default,baseline,"node=miyabi-g(GH200-GPU),kokkos=4.7.02(sm_90)",64,35937,0.01200145,18.58168,7.210672e-09,0.34,0.18,0.34,miyabi/kokkos-sweep/team_baseline/run.64.33.3.log
Kokkos,miyabi,gpu,cpp,kokkos,team/baseline,kokkos-default,baseline,"node=miyabi-g(GH200-GPU),kokkos=4.7.02(sm_90)",64,274625,0.03636399,96.14882,8.292404e-09,1.10,0.76,0.52,miyabi/kokkos-sweep/team_baseline/run.64.65.1.log
Kokkos,miyabi,gpu,cpp,kokkos,team/baseline,kokkos-default,baseline,"node=miyabi-g(GH200-GPU),kokkos=4.7.02(sm_90)",64,274625,0.03622012,96.53073000000001,8.292404e-09,1.10,0.79,0.48,miyabi/kokkos-sweep/team_baseline/run.64.65.2.log
Kokkos,miyabi,gpu,cpp,kokkos,team/baseline,kokkos-default,baseline,"node=miyabi-g(GH200-GPU),kokkos=4.7.02(sm_90)",64,274625,0.03602117,97.06388,8.292404e-09,1.10,0.67,0.60,miyabi/kokkos-sweep/team_baseline/run.64.65.3.log
Kokkos,miyabi,gpu,cpp,kokkos,team/baseline,kokkos-default,baseline,"node=miyabi-g(GH200-GPU),kokkos=4.7.02(sm_90)",64,2146689,0.9769269,56.82525,8.738957e-09,7.87,7.85,0.23,miyabi/kokkos-sweep/team_baseline/run.64.129.1.log
Kokkos,miyabi,gpu,cpp,kokkos,team/baseline,kokkos-default,baseline,"node=miyabi-g(GH200-GPU),kokkos=4.7.02(sm_90)",64,2146689,0.9737937,57.00808,8.738957e-09,7.88,7.79,0.25,miyabi/kokkos-sweep/team_baseline/run.64.129.2.log
Kokkos,miyabi,gpu,cpp,kokkos,team/baseline,kokkos-default,baseline,"node=miyabi-g(GH200-GPU),kokkos=4.7.02(sm_90)",64,2146689,0.9735335,57.02332,8.738957e-09,7.82,7.76,0.24,miyabi/kokkos-sweep/team_baseline/run.64.129.3.log
Kokkos,miyabi,gpu,cpp,kokkos,team/cpu-chunk-sweep,kokkos-default,chunk-sweep,"node=miyabi-g(GH200-GPU),kokkos=4.7.02(sm_90)",32,4913,0.006258457,2.295199,9.543651e-09,0.39,0.06,0.47,miyabi/kokkos-sweep/team_cpu-chunk-sweep/run.32.17.1.log
Kokkos,miyabi,gpu,cpp,kokkos,team/cpu-chunk-sweep,kokkos-default,chunk-sweep,"node=miyabi-g(GH200-GPU),kokkos=4.7.02(sm_90)",32,4913,0.006283032,2.286222,9.543651e-09,0.22,0.03,0.37,miyabi/kokkos-sweep/team_cpu-chunk-sweep/run.32.17.2.log
Kokkos,miyabi,gpu,cpp,kokkos,team/cpu-chunk-sweep,kokkos-default,chunk-sweep,"node=miyabi-g(GH200-GPU),kokkos=4.7.02(sm_90)",32,4913,0.006275736,2.288879,9.543651e-09,0.16,0.10,0.23,miyabi/kokkos-sweep/team_cpu-chunk-sweep/run.32.17.3.log
Kokkos,miyabi,gpu,cpp,kokkos,team/cpu-chunk-sweep,kokkos-default,chunk-sweep,"node=miyabi-g(GH200-GPU),kokkos=4.7.02(sm_90)",32,35937,0.01222798,18.23744,7.210672e-09,0.26,0.22,0.22,miyabi/kokkos-sweep/team_cpu-chunk-sweep/run.32.33.1.log
Kokkos,miyabi,gpu,cpp,kokkos,team/cpu-chunk-sweep,kokkos-default,chunk-sweep,"node=miyabi-g(GH200-GPU),kokkos=4.7.02(sm_90)",32,35937,0.01231733,18.10515,7.210672e-09,0.26,0.21,0.23,miyabi/kokkos-sweep/team_cpu-chunk-sweep/run.32.33.2.log
Kokkos,miyabi,gpu,cpp,kokkos,team/cpu-chunk-sweep,kokkos-default,chunk-sweep,"node=miyabi-g(GH200-GPU),kokkos=4.7.02(sm_90)",32,35937,0.01241839,17.95781,7.210672e-09,0.26,0.22,0.22,miyabi/kokkos-sweep/team_cpu-chunk-sweep/run.32.33.3.log
Kokkos,miyabi,gpu,cpp,kokkos,team/cpu-chunk-sweep,kokkos-default,chunk-sweep,"node=miyabi-g(GH200-GPU),kokkos=4.7.02(sm_90)",32,274625,0.03638609,96.09041999999999,8.292404e-09,1.14,1.06,0.25,miyabi/kokkos-sweep/team_cpu-chunk-sweep/run.32.65.1.log
Kokkos,miyabi,gpu,cpp,kokkos,team/cpu-chunk-sweep,kokkos-default,chunk-sweep,"node=miyabi-g(GH200-GPU),kokkos=4.7.02(sm_90)",32,274625,0.03592494,97.32388,8.292404e-09,1.12,0.96,0.34,miyabi/kokkos-sweep/team_cpu-chunk-sweep/run.32.65.2.log
Kokkos,miyabi,gpu,cpp,kokkos,team/cpu-chunk-sweep,kokkos-default,chunk-sweep,"node=miyabi-g(GH200-GPU),kokkos=4.7.02(sm_90)",32,274625,0.03670133,95.26506999999999,8.292404e-09,1.12,1.05,0.25,miyabi/kokkos-sweep/team_cpu-chunk-sweep/run.32.65.3.log
Kokkos,miyabi,gpu,cpp,kokkos,team/cpu-chunk-sweep,kokkos-default,chunk-sweep,"node=miyabi-g(GH200-GPU),kokkos=4.7.02(sm_90)",32,2146689,0.974396,56.97285,8.738957e-09,8.06,7.94,0.29,miyabi/kokkos-sweep/team_cpu-chunk-sweep/run.32.129.1.log
Kokkos,miyabi,gpu,cpp,kokkos,team/cpu-chunk-sweep,kokkos-default,chunk-sweep,"node=miyabi-g(GH200-GPU),kokkos=4.7.02(sm_90)",32,2146689,0.982422,56.5074,8.738957e-09,8.05,7.59,0.65,miyabi/kokkos-sweep/team_cpu-chunk-sweep/run.32.129.2.log
Kokkos,miyabi,gpu,cpp,kokkos,team/cpu-chunk-sweep,kokkos-default,chunk-sweep,"node=miyabi-g(GH200-GPU),kokkos=4.7.02(sm_90)",32,2146689,0.9766934,56.83883,8.738957e-09,8.09,7.97,0.31,miyabi/kokkos-sweep/team_cpu-chunk-sweep/run.32.129.3.log
Kokkos,miyabi,gpu,cpp,kokkos,team/cpu-chunk-sweep,kokkos-default,chunk-sweep,"node=miyabi-g(GH200-GPU),kokkos=4.7.02(sm_90)",64,4913,0.006311161,2.276032,9.543651e-09,0.25,0.05,0.37,miyabi/kokkos-sweep/team_cpu-chunk-sweep/run.64.17.1.log
Kokkos,miyabi,gpu,cpp,kokkos,team/cpu-chunk-sweep,kokkos-default,chunk-sweep,"node=miyabi-g(GH200-GPU),kokkos=4.7.02(sm_90)",64,4913,0.006305529,2.278065,9.543651e-09,0.16,0.10,0.24,miyabi/kokkos-sweep/team_cpu-chunk-sweep/run.64.17.2.log
Kokkos,miyabi,gpu,cpp,kokkos,team/cpu-chunk-sweep,kokkos-default,chunk-sweep,"node=miyabi-g(GH200-GPU),kokkos=4.7.02(sm_90)",64,4913,0.006303705,2.278724,9.543651e-09,0.15,0.11,0.22,miyabi/kokkos-sweep/team_cpu-chunk-sweep/run.64.17.3.log
Kokkos,miyabi,gpu,cpp,kokkos,team/cpu-chunk-sweep,kokkos-default,chunk-sweep,"node=miyabi-g(GH200-GPU),kokkos=4.7.02(sm_90)",64,35937,0.01226539,18.18182,7.210672e-09,0.27,0.25,0.20,miyabi/kokkos-sweep/team_cpu-chunk-sweep/run.64.33.1.log
Kokkos,miyabi,gpu,cpp,kokkos,team/cpu-chunk-sweep,kokkos-default,chunk-sweep,"node=miyabi-g(GH200-GPU),kokkos=4.7.02(sm_90)",64,35937,0.0123445,18.0653,7.210672e-09,0.34,0.21,0.31,miyabi/kokkos-sweep/team_cpu-chunk-sweep/run.64.33.2.log
Kokkos,miyabi,gpu,cpp,kokkos,team/cpu-chunk-sweep,kokkos-default,chunk-sweep,"node=miyabi-g(GH200-GPU),kokkos=4.7.02(sm_90)",64,35937,0.0124261,17.94667,7.210672e-09,0.34,0.21,0.31,miyabi/kokkos-sweep/team_cpu-chunk-sweep/run.64.33.3.log
Kokkos,miyabi,gpu,cpp,kokkos,team/cpu-chunk-sweep,kokkos-default,chunk-sweep,"node=miyabi-g(GH200-GPU),kokkos=4.7.02(sm_90)",64,274625,0.03602147,97.06308,8.292404e-09,1.12,0.66,0.64,miyabi/kokkos-sweep/team_cpu-chunk-sweep/run.64.65.1.log
Kokkos,miyabi,gpu,cpp,kokkos,team/cpu-chunk-sweep,kokkos-default,chunk-sweep,"node=miyabi-g(GH200-GPU),kokkos=4.7.02(sm_90)",64,274625,0.03624396,96.46724,8.292404e-09,1.13,1.05,0.25,miyabi/kokkos-sweep/team_cpu-chunk-sweep/run.64.65.2.log
Kokkos,miyabi,gpu,cpp,kokkos,team/cpu-chunk-sweep,kokkos-default,chunk-sweep,"node=miyabi-g(GH200-GPU),kokkos=4.7.02(sm_90)",64,274625,0.03614908,96.72042999999999,8.292404e-09,1.12,1.04,0.26,miyabi/kokkos-sweep/team_cpu-chunk-sweep/run.64.65.3.log
Kokkos,miyabi,gpu,cpp,kokkos,team/cpu-chunk-sweep,kokkos-default,chunk-sweep,"node=miyabi-g(GH200-GPU),kokkos=4.7.02(sm_90)",64,2146689,0.9816114,56.55406,8.738957e-09,8.03,7.58,0.63,miyabi/kokkos-sweep/team_cpu-chunk-sweep/run.64.129.1.log
Kokkos,miyabi,gpu,cpp,kokkos,team/cpu-chunk-sweep,kokkos-default,chunk-sweep,"node=miyabi-g(GH200-GPU),kokkos=4.7.02(sm_90)",64,2146689,0.9834411,56.44884,8.738957e-09,8.04,7.99,0.24,miyabi/kokkos-sweep/team_cpu-chunk-sweep/run.64.129.2.log
Kokkos,miyabi,gpu,cpp,kokkos,team/cpu-chunk-sweep,kokkos-default,chunk-sweep,"node=miyabi-g(GH200-GPU),kokkos=4.7.02(sm_90)",64,2146689,0.9817439,56.54643,8.738957e-09,8.02,7.96,0.25,miyabi/kokkos-sweep/team_cpu-chunk-sweep/run.64.129.3.log
Kokkos,miyabi,gpu,cpp,kokkos,team/uvm,kokkos-uvm,baseline,"node=miyabi-g(GH200-GPU),kokkos=4.7.02(sm_90)",32,4913,0.006221499,2.308833,9.543651e-09,0.39,0.07,0.46,miyabi/kokkos-sweep/team_uvm/run.32.17.1.log
Kokkos,miyabi,gpu,cpp,kokkos,team/uvm,kokkos-uvm,baseline,"node=miyabi-g(GH200-GPU),kokkos=4.7.02(sm_90)",32,4913,0.006127995,2.344062,9.543651e-09,0.23,0.03,0.38,miyabi/kokkos-sweep/team_uvm/run.32.17.2.log
Kokkos,miyabi,gpu,cpp,kokkos,team/uvm,kokkos-uvm,baseline,"node=miyabi-g(GH200-GPU),kokkos=4.7.02(sm_90)",32,4913,0.006091771,2.358001,9.543651e-09,0.15,0.06,0.27,miyabi/kokkos-sweep/team_uvm/run.32.17.3.log
Kokkos,miyabi,gpu,cpp,kokkos,team/uvm,kokkos-uvm,baseline,"node=miyabi-g(GH200-GPU),kokkos=4.7.02(sm_90)",32,35937,0.01251007,17.82621,7.210672e-09,0.27,0.24,0.21,miyabi/kokkos-sweep/team_uvm/run.32.33.1.log
Kokkos,miyabi,gpu,cpp,kokkos,team/uvm,kokkos-uvm,baseline,"node=miyabi-g(GH200-GPU),kokkos=4.7.02(sm_90)",32,35937,0.01248383,17.86368,7.210672e-09,0.34,0.22,0.31,miyabi/kokkos-sweep/team_uvm/run.32.33.2.log
Kokkos,miyabi,gpu,cpp,kokkos,team/uvm,kokkos-uvm,baseline,"node=miyabi-g(GH200-GPU),kokkos=4.7.02(sm_90)",32,35937,0.01249206,17.85191,7.210672e-09,0.33,0.20,0.31,miyabi/kokkos-sweep/team_uvm/run.32.33.3.log
Kokkos,miyabi,gpu,cpp,kokkos,team/uvm,kokkos-uvm,baseline,"node=miyabi-g(GH200-GPU),kokkos=4.7.02(sm_90)",32,274625,0.03722391,93.92766,8.292404e-09,1.05,1.04,0.18,miyabi/kokkos-sweep/team_uvm/run.32.65.1.log
Kokkos,miyabi,gpu,cpp,kokkos,team/uvm,kokkos-uvm,baseline,"node=miyabi-g(GH200-GPU),kokkos=4.7.02(sm_90)",32,274625,0.03711063,94.21437,8.292404e-09,1.12,1.04,0.27,miyabi/kokkos-sweep/team_uvm/run.32.65.2.log
Kokkos,miyabi,gpu,cpp,kokkos,team/uvm,kokkos-uvm,baseline,"node=miyabi-g(GH200-GPU),kokkos=4.7.02(sm_90)",32,274625,0.03622214,96.52535,8.292404e-09,1.12,1.04,0.26,miyabi/kokkos-sweep/team_uvm/run.32.65.3.log
Kokkos,miyabi,gpu,cpp,kokkos,team/uvm,kokkos-uvm,baseline,"node=miyabi-g(GH200-GPU),kokkos=4.7.02(sm_90)",32,2146689,0.9859038,56.30784,8.738957e-09,8.02,7.96,0.25,miyabi/kokkos-sweep/team_uvm/run.32.129.1.log
Kokkos,miyabi,gpu,cpp,kokkos,team/uvm,kokkos-uvm,baseline,"node=miyabi-g(GH200-GPU),kokkos=4.7.02(sm_90)",32,2146689,0.988224,56.17564,8.738957e-09,8.02,7.91,0.29,miyabi/kokkos-sweep/team_uvm/run.32.129.2.log
Kokkos,miyabi,gpu,cpp,kokkos,team/uvm,kokkos-uvm,baseline,"node=miyabi-g(GH200-GPU),kokkos=4.7.02(sm_90)",32,2146689,0.9857098,56.31892,8.738957e-09,8.02,7.56,0.64,miyabi/kokkos-sweep/team_uvm/run.32.129.3.log
Kokkos,miyabi,gpu,cpp,kokkos,team/uvm,kokkos-uvm,baseline,"node=miyabi-g(GH200-GPU),kokkos=4.7.02(sm_90)",64,4913,0.006117021,2.348268,9.543651e-09,0.24,0.15,0.26,miyabi/kokkos-sweep/team_uvm/run.64.17.1.log
Kokkos,miyabi,gpu,cpp,kokkos,team/uvm,kokkos-uvm,baseline,"node=miyabi-g(GH200-GPU),kokkos=4.7.02(sm_90)",64,4913,0.006119294,2.347395,9.543651e-09,0.16,0.08,0.26,miyabi/kokkos-sweep/team_uvm/run.64.17.2.log
Kokkos,miyabi,gpu,cpp,kokkos,team/uvm,kokkos-uvm,baseline,"node=miyabi-g(GH200-GPU),kokkos=4.7.02(sm_90)",64,4913,0.006147006,2.336813,9.543651e-09,0.16,0.04,0.30,miyabi/kokkos-sweep/team_uvm/run.64.17.3.log
Kokkos,miyabi,gpu,cpp,kokkos,team/uvm,kokkos-uvm,baseline,"node=miyabi-g(GH200-GPU),kokkos=4.7.02(sm_90)",64,35937,0.01244172,17.92414,7.210672e-09,0.25,0.18,0.25,miyabi/kokkos-sweep/team_uvm/run.64.33.1.log
Kokkos,miyabi,gpu,cpp,kokkos,team/uvm,kokkos-uvm,baseline,"node=miyabi-g(GH200-GPU),kokkos=4.7.02(sm_90)",64,35937,0.012499,17.842,7.210672e-09,0.28,0.20,0.26,miyabi/kokkos-sweep/team_uvm/run.64.33.2.log
Kokkos,miyabi,gpu,cpp,kokkos,team/uvm,kokkos-uvm,baseline,"node=miyabi-g(GH200-GPU),kokkos=4.7.02(sm_90)",64,35937,0.01250457,17.83405,7.210672e-09,0.34,0.21,0.31,miyabi/kokkos-sweep/team_uvm/run.64.33.3.log
Kokkos,miyabi,gpu,cpp,kokkos,team/uvm,kokkos-uvm,baseline,"node=miyabi-g(GH200-GPU),kokkos=4.7.02(sm_90)",64,274625,0.03684987,94.88106000000001,8.292404e-09,1.11,1.07,0.22,miyabi/kokkos-sweep/team_uvm/run.64.65.1.log
Kokkos,miyabi,gpu,cpp,kokkos,team/uvm,kokkos-uvm,baseline,"node=miyabi-g(GH200-GPU),kokkos=4.7.02(sm_90)",64,274625,0.03669339,95.28568,8.292404e-09,1.11,1.04,0.25,miyabi/kokkos-sweep/team_uvm/run.64.65.2.log
Kokkos,miyabi,gpu,cpp,kokkos,team/uvm,kokkos-uvm,baseline,"node=miyabi-g(GH200-GPU),kokkos=4.7.02(sm_90)",64,274625,0.03687131,94.82589,8.292404e-09,1.12,1.05,0.25,miyabi/kokkos-sweep/team_uvm/run.64.65.3.log
Kokkos,miyabi,gpu,cpp,kokkos,team/uvm,kokkos-uvm,baseline,"node=miyabi-g(GH200-GPU),kokkos=4.7.02(sm_90)",64,2146689,0.9894277,56.1073,8.738957e-09,8.08,7.98,0.29,miyabi/kokkos-sweep/team_uvm/run.64.129.1.log
Kokkos,miyabi,gpu,cpp,kokkos,team/uvm,kokkos-uvm,baseline,"node=miyabi-g(GH200-GPU),kokkos=4.7.02(sm_90)",64,2146689,0.9862853,56.28606,8.738957e-09,8.02,7.96,0.25,miyabi/kokkos-sweep/team_uvm/run.64.129.2.log
Kokkos,miyabi,gpu,cpp,kokkos,team/uvm,kokkos-uvm,baseline,"node=miyabi-g(GH200-GPU),kokkos=4.7.02(sm_90)",64,2146689,0.9811621,56.57996,8.738957e-09,8.00,7.93,0.25,miyabi/kokkos-sweep/team_uvm/run.64.129.3.log
Kokkos,miyabi,gpu,cpp,kokkos,team/uvm-chunk-sweep,kokkos-uvm,chunk-sweep,"node=miyabi-g(GH200-GPU),kokkos=4.7.02(sm_90)",32,4913,0.006160774,2.331591,9.543651e-09,0.39,0.02,0.49,miyabi/kokkos-sweep/team_uvm-chunk-sweep/run.32.17.1.log
Kokkos,miyabi,gpu,cpp,kokkos,team/uvm-chunk-sweep,kokkos-uvm,chunk-sweep,"node=miyabi-g(GH200-GPU),kokkos=4.7.02(sm_90)",32,4913,0.006105829,2.352572,9.543651e-09,0.23,0.03,0.38,miyabi/kokkos-sweep/team_uvm-chunk-sweep/run.32.17.2.log
Kokkos,miyabi,gpu,cpp,kokkos,team/uvm-chunk-sweep,kokkos-uvm,chunk-sweep,"node=miyabi-g(GH200-GPU),kokkos=4.7.02(sm_90)",32,4913,0.006175045,2.326202,9.543651e-09,0.17,0.13,0.21,miyabi/kokkos-sweep/team_uvm-chunk-sweep/run.32.17.3.log
Kokkos,miyabi,gpu,cpp,kokkos,team/uvm-chunk-sweep,kokkos-uvm,chunk-sweep,"node=miyabi-g(GH200-GPU),kokkos=4.7.02(sm_90)",32,35937,0.01236593,18.03399,7.210672e-09,0.27,0.18,0.27,miyabi/kokkos-sweep/team_uvm-chunk-sweep/run.32.33.1.log
Kokkos,miyabi,gpu,cpp,kokkos,team/uvm-chunk-sweep,kokkos-uvm,chunk-sweep,"node=miyabi-g(GH200-GPU),kokkos=4.7.02(sm_90)",32,35937,0.01234152,18.06966,7.210672e-09,0.35,0.22,0.30,miyabi/kokkos-sweep/team_uvm-chunk-sweep/run.32.33.2.log
Kokkos,miyabi,gpu,cpp,kokkos,team/uvm-chunk-sweep,kokkos-uvm,chunk-sweep,"node=miyabi-g(GH200-GPU),kokkos=4.7.02(sm_90)",32,35937,0.01240379,17.97895,7.210672e-09,0.36,0.21,0.33,miyabi/kokkos-sweep/team_uvm-chunk-sweep/run.32.33.3.log
Kokkos,miyabi,gpu,cpp,kokkos,team/uvm-chunk-sweep,kokkos-uvm,chunk-sweep,"node=miyabi-g(GH200-GPU),kokkos=4.7.02(sm_90)",32,274625,0.03635881,96.16252,8.292404e-09,1.10,0.77,0.52,miyabi/kokkos-sweep/team_uvm-chunk-sweep/run.32.65.1.log
Kokkos,miyabi,gpu,cpp,kokkos,team/uvm-chunk-sweep,kokkos-uvm,chunk-sweep,"node=miyabi-g(GH200-GPU),kokkos=4.7.02(sm_90)",32,274625,0.03642297,95.99312,8.292404e-09,1.11,1.02,0.26,miyabi/kokkos-sweep/team_uvm-chunk-sweep/run.32.65.2.log
Kokkos,miyabi,gpu,cpp,kokkos,team/uvm-chunk-sweep,kokkos-uvm,chunk-sweep,"node=miyabi-g(GH200-GPU),kokkos=4.7.02(sm_90)",32,274625,0.037004,94.48586,8.292404e-09,1.12,1.02,0.29,miyabi/kokkos-sweep/team_uvm-chunk-sweep/run.32.65.3.log
Kokkos,miyabi,gpu,cpp,kokkos,team/uvm-chunk-sweep,kokkos-uvm,chunk-sweep,"node=miyabi-g(GH200-GPU),kokkos=4.7.02(sm_90)",32,2146689,0.9814038,56.56603,8.738957e-09,7.91,7.82,0.27,miyabi/kokkos-sweep/team_uvm-chunk-sweep/run.32.129.1.log
Kokkos,miyabi,gpu,cpp,kokkos,team/uvm-chunk-sweep,kokkos-uvm,chunk-sweep,"node=miyabi-g(GH200-GPU),kokkos=4.7.02(sm_90)",32,2146689,0.9839451,56.41993,8.738957e-09,7.91,7.32,0.78,miyabi/kokkos-sweep/team_uvm-chunk-sweep/run.32.129.2.log
Kokkos,miyabi,gpu,cpp,kokkos,team/uvm-chunk-sweep,kokkos-uvm,chunk-sweep,"node=miyabi-g(GH200-GPU),kokkos=4.7.02(sm_90)",32,2146689,0.9848615,56.36743,8.738957e-09,8.00,7.92,0.26,miyabi/kokkos-sweep/team_uvm-chunk-sweep/run.32.129.3.log
Kokkos,miyabi,gpu,cpp,kokkos,team/uvm-chunk-sweep,kokkos-uvm,chunk-sweep,"node=miyabi-g(GH200-GPU),kokkos=4.7.02(sm_90)",64,4913,0.006129925,2.343324,9.543651e-09,0.24,0.07,0.34,miyabi/kokkos-sweep/team_uvm-chunk-sweep/run.64.17.1.log
Kokkos,miyabi,gpu,cpp,kokkos,team/uvm-chunk-sweep,kokkos-uvm,chunk-sweep,"node=miyabi-g(GH200-GPU),kokkos=4.7.02(sm_90)",64,4913,0.006116421,2.348498,9.543651e-09,0.16,0.08,0.26,miyabi/kokkos-sweep/team_uvm-chunk-sweep/run.64.17.2.log
Kokkos,miyabi,gpu,cpp,kokkos,team/uvm-chunk-sweep,kokkos-uvm,chunk-sweep,"node=miyabi-g(GH200-GPU),kokkos=4.7.02(sm_90)",64,4913,0.006111525,2.350379,9.543651e-09,0.20,0.07,0.31,miyabi/kokkos-sweep/team_uvm-chunk-sweep/run.64.17.3.log
Kokkos,miyabi,gpu,cpp,kokkos,team/uvm-chunk-sweep,kokkos-uvm,chunk-sweep,"node=miyabi-g(GH200-GPU),kokkos=4.7.02(sm_90)",64,35937,0.01240433,17.97817,7.210672e-09,0.25,0.19,0.25,miyabi/kokkos-sweep/team_uvm-chunk-sweep/run.64.33.1.log
Kokkos,miyabi,gpu,cpp,kokkos,team/uvm-chunk-sweep,kokkos-uvm,chunk-sweep,"node=miyabi-g(GH200-GPU),kokkos=4.7.02(sm_90)",64,35937,0.01236983,18.02831,7.210672e-09,0.26,0.25,0.18,miyabi/kokkos-sweep/team_uvm-chunk-sweep/run.64.33.2.log
Kokkos,miyabi,gpu,cpp,kokkos,team/uvm-chunk-sweep,kokkos-uvm,chunk-sweep,"node=miyabi-g(GH200-GPU),kokkos=4.7.02(sm_90)",64,35937,0.01238446,18.00701,7.210672e-09,0.27,0.23,0.21,miyabi/kokkos-sweep/team_uvm-chunk-sweep/run.64.33.3.log
Kokkos,miyabi,gpu,cpp,kokkos,team/uvm-chunk-sweep,kokkos-uvm,chunk-sweep,"node=miyabi-g(GH200-GPU),kokkos=4.7.02(sm_90)",64,274625,0.03611318,96.81658,8.292404e-09,1.03,1.06,0.15,miyabi/kokkos-sweep/team_uvm-chunk-sweep/run.64.65.1.log
Kokkos,miyabi,gpu,cpp,kokkos,team/uvm-chunk-sweep,kokkos-uvm,chunk-sweep,"node=miyabi-g(GH200-GPU),kokkos=4.7.02(sm_90)",64,274625,0.03662457,95.46473,8.292404e-09,1.11,1.01,0.27,miyabi/kokkos-sweep/team_uvm-chunk-sweep/run.64.65.2.log
Kokkos,miyabi,gpu,cpp,kokkos,team/uvm-chunk-sweep,kokkos-uvm,chunk-sweep,"node=miyabi-g(GH200-GPU),kokkos=4.7.02(sm_90)",64,274625,0.03644237,95.94202,8.292404e-09,1.11,1.05,0.24,miyabi/kokkos-sweep/team_uvm-chunk-sweep/run.64.65.3.log
Kokkos,miyabi,gpu,cpp,kokkos,team/uvm-chunk-sweep,kokkos-uvm,chunk-sweep,"node=miyabi-g(GH200-GPU),kokkos=4.7.02(sm_90)",64,2146689,0.979104,56.69889,8.738957e-09,7.98,7.47,0.70,miyabi/kokkos-sweep/team_uvm-chunk-sweep/run.64.129.1.log
Kokkos,miyabi,gpu,cpp,kokkos,team/uvm-chunk-sweep,kokkos-uvm,chunk-sweep,"node=miyabi-g(GH200-GPU),kokkos=4.7.02(sm_90)",64,2146689,0.986003,56.30217,8.738957e-09,7.91,7.81,0.28,miyabi/kokkos-sweep/team_uvm-chunk-sweep/run.64.129.2.log
Kokkos,miyabi,gpu,cpp,kokkos,team/uvm-chunk-sweep,kokkos-uvm,chunk-sweep,"node=miyabi-g(GH200-GPU),kokkos=4.7.02(sm_90)",64,2146689,0.9871338,56.23768,8.738957e-09,7.97,7.56,0.59,miyabi/kokkos-sweep/team_uvm-chunk-sweep/run.64.129.3.log
non-Kokkos,miyabi,cpu,cpp,openmp-cpu,,cpu-only,baseline,node=miyabi-c(Intel),32,4913,7.838011e-03,1.832659e+00,9.543651e-09,2.866200e-02,0.000000e+00,0.000000e+00,fem/results/miyabi/cpu-Cpp_openmp-cpu.log
non-Kokkos,miyabi,cpu,cpp,openmp-cpu,,cpu-only,baseline,node=miyabi-c(Intel),32,4913,6.914139e-03,2.077540e+00,9.543651e-09,2.254500e-02,0.000000e+00,0.000000e+00,fem/results/miyabi/cpu-Cpp_openmp-cpu.log
non-Kokkos,miyabi,cpu,cpp,openmp-cpu,,cpu-only,baseline,node=miyabi-c(Intel),32,4913,6.603956e-03,2.175121e+00,9.543651e-09,2.069200e-02,0.000000e+00,0.000000e+00,fem/results/miyabi/cpu-Cpp_openmp-cpu.log
non-Kokkos,miyabi,cpu,cpp,openmp-cpu,,cpu-only,baseline,node=miyabi-c(Intel),32,35937,1.693082e-02,1.317167e+01,7.210672e-09,6.226300e-02,0.000000e+00,0.000000e+00,fem/results/miyabi/cpu-Cpp_openmp-cpu.log
non-Kokkos,miyabi,cpu,cpp,openmp-cpu,,cpu-only,baseline,node=miyabi-c(Intel),32,35937,1.560092e-02,1.429448e+01,7.210672e-09,6.203900e-02,0.000000e+00,0.000000e+00,fem/results/miyabi/cpu-Cpp_openmp-cpu.log
non-Kokkos,miyabi,cpu,cpp,openmp-cpu,,cpu-only,baseline,node=miyabi-c(Intel),32,35937,1.581001e-02,1.410543e+01,7.210672e-09,6.134600e-02,0.000000e+00,0.000000e+00,fem/results/miyabi/cpu-Cpp_openmp-cpu.log
non-Kokkos,miyabi,cpu,cpp,openmp-cpu,,cpu-only,baseline,node=miyabi-c(Intel),32,274625,2.645810e-01,1.321469e+01,8.292404e-09,4.725020e-01,0.000000e+00,0.000000e+00,fem/results/miyabi/cpu-Cpp_openmp-cpu.log
non-Kokkos,miyabi,cpu,cpp,openmp-cpu,,cpu-only,baseline,node=miyabi-c(Intel),32,274625,2.726970e-01,1.282139e+01,8.292404e-09,4.821280e-01,0.000000e+00,0.000000e+00,fem/results/miyabi/cpu-Cpp_openmp-cpu.log
non-Kokkos,miyabi,cpu,cpp,openmp-cpu,,cpu-only,baseline,node=miyabi-c(Intel),32,274625,2.679002e-01,1.305096e+01,8.292404e-09,4.774880e-01,0.000000e+00,0.000000e+00,fem/results/miyabi/cpu-Cpp_openmp-cpu.log
non-Kokkos,miyabi,cpu,cpp,openmp-cpu,,cpu-only,baseline,node=miyabi-c(Intel),64,4913,6.305933e-03,2.277919e+00,9.543651e-09,2.378900e-02,0.000000e+00,0.000000e+00,fem/results/miyabi/cpu-Cpp_openmp-cpu.log
non-Kokkos,miyabi,cpu,cpp,openmp-cpu,,cpu-only,baseline,node=miyabi-c(Intel),64,4913,6.289959e-03,2.283704e+00,9.543651e-09,2.623400e-02,0.000000e+00,0.000000e+00,fem/results/miyabi/cpu-Cpp_openmp-cpu.log
non-Kokkos,miyabi,cpu,cpp,openmp-cpu,,cpu-only,baseline,node=miyabi-c(Intel),64,4913,7.497072e-03,1.916002e+00,9.543651e-09,2.260700e-02,0.000000e+00,0.000000e+00,fem/results/miyabi/cpu-Cpp_openmp-cpu.log
non-Kokkos,miyabi,cpu,cpp,openmp-cpu,,cpu-only,baseline,node=miyabi-c(Intel),64,35937,1.796889e-02,1.241073e+01,7.210672e-09,5.700600e-02,0.000000e+00,0.000000e+00,fem/results/miyabi/cpu-Cpp_openmp-cpu.log
non-Kokkos,miyabi,cpu,cpp,openmp-cpu,,cpu-only,baseline,node=miyabi-c(Intel),64,35937,1.518679e-02,1.468428e+01,7.210672e-09,6.187200e-02,0.000000e+00,0.000000e+00,fem/results/miyabi/cpu-Cpp_openmp-cpu.log
non-Kokkos,miyabi,cpu,cpp,openmp-cpu,,cpu-only,baseline,node=miyabi-c(Intel),64,35937,1.519608e-02,1.467530e+01,7.210672e-09,5.336800e-02,0.000000e+00,0.000000e+00,fem/results/miyabi/cpu-Cpp_openmp-cpu.log
non-Kokkos,miyabi,cpu,cpp,openmp-cpu,,cpu-only,baseline,node=miyabi-c(Intel),64,274625,2.725489e-01,1.282836e+01,8.292404e-09,4.800270e-01,0.000000e+00,0.000000e+00,fem/results/miyabi/cpu-Cpp_openmp-cpu.log
non-Kokkos,miyabi,cpu,cpp,openmp-cpu,,cpu-only,baseline,node=miyabi-c(Intel),64,274625,2.679570e-01,1.304819e+01,8.292404e-09,4.735740e-01,0.000000e+00,0.000000e+00,fem/results/miyabi/cpu-Cpp_openmp-cpu.log
non-Kokkos,miyabi,cpu,cpp,openmp-cpu,,cpu-only,baseline,node=miyabi-c(Intel),64,274625,2.656641e-01,1.316081e+01,8.292404e-09,4.689060e-01,0.000000e+00,0.000000e+00,fem/results/miyabi/cpu-Cpp_openmp-cpu.log
non-Kokkos,miyabi,cpu,f90,openmp-cpu,,cpu-only,baseline,node=miyabi-c(Intel),32,4913,7.202864E-03,2.607048E+00,3.919446E-09,3.303099E-02,1.679292E+00,0.000000E+00,fem/results/miyabi/cpu-F_openmp-cpu.log
non-Kokkos,miyabi,cpu,f90,openmp-cpu,,cpu-only,baseline,node=miyabi-c(Intel),32,4913,6.695986E-03,2.804398E+00,3.919446E-09,2.155495E-02,7.340600E-01,0.000000E+00,fem/results/miyabi/cpu-F_openmp-cpu.log
non-Kokkos,miyabi,cpu,f90,openmp-cpu,,cpu-only,baseline,node=miyabi-c(Intel),32,4913,6.475925E-03,2.899696E+00,3.919446E-09,2.951097E-02,1.583755E+00,0.000000E+00,fem/results/miyabi/cpu-F_openmp-cpu.log
non-Kokkos,miyabi,cpu,f90,openmp-cpu,,cpu-only,baseline,node=miyabi-c(Intel),32,35937,1.455903E-02,1.965733E+01,9.508550E-09,5.584097E-02,1.800301E+00,0.000000E+00,fem/results/miyabi/cpu-F_openmp-cpu.log
non-Kokkos,miyabi,cpu,f90,openmp-cpu,,cpu-only,baseline,node=miyabi-c(Intel),32,35937,1.385498E-02,2.065623E+01,9.508550E-09,5.578995E-02,1.719727E+00,0.000000E+00,fem/results/miyabi/cpu-F_openmp-cpu.log
non-Kokkos,miyabi,cpu,f90,openmp-cpu,,cpu-only,baseline,node=miyabi-c(Intel),32,35937,1.560402E-02,1.834089E+01,9.508550E-09,5.790997E-02,1.972671E+00,0.000000E+00,fem/results/miyabi/cpu-F_openmp-cpu.log
non-Kokkos,miyabi,cpu,f90,openmp-cpu,,cpu-only,baseline,node=miyabi-c(Intel),32,274625,2.397480E-01,1.959625E+01,9.672569E-09,4.875140E-01,2.884062E+01,0.000000E+00,fem/results/miyabi/cpu-F_openmp-cpu.log
non-Kokkos,miyabi,cpu,f90,openmp-cpu,,cpu-only,baseline,node=miyabi-c(Intel),32,274625,2.388859E-01,1.966697E+01,9.672569E-09,4.883468E-01,2.863609E+01,0.000000E+00,fem/results/miyabi/cpu-F_openmp-cpu.log
non-Kokkos,miyabi,cpu,f90,openmp-cpu,,cpu-only,baseline,node=miyabi-c(Intel),32,274625,2.392170E-01,1.963974E+01,9.672569E-09,4.926200E-01,2.932688E+01,0.000000E+00,fem/results/miyabi/cpu-F_openmp-cpu.log
non-Kokkos,miyabi,cpu,f90,openmp-cpu,,cpu-only,baseline,node=miyabi-c(Intel),64,4913,6.465912E-03,2.221559E+00,9.543651E-09,3.341389E-02,1.767701E+00,0.000000E+00,fem/results/miyabi/cpu-F_openmp-cpu.log
non-Kokkos,miyabi,cpu,f90,openmp-cpu,,cpu-only,baseline,node=miyabi-c(Intel),64,4913,6.020069E-03,2.386086E+00,9.543651E-09,2.577615E-02,1.160951E+00,0.000000E+00,fem/results/miyabi/cpu-F_openmp-cpu.log
non-Kokkos,miyabi,cpu,f90,openmp-cpu,,cpu-only,baseline,node=miyabi-c(Intel),64,4913,5.719900E-03,2.511303E+00,9.543651E-09,2.109003E-02,6.604160E-01,0.000000E+00,fem/results/miyabi/cpu-F_openmp-cpu.log
non-Kokkos,miyabi,cpu,f90,openmp-cpu,,cpu-only,baseline,node=miyabi-c(Intel),64,35937,1.420999E-02,1.569369E+01,7.210672E-09,5.686498E-02,1.822471E+00,0.000000E+00,fem/results/miyabi/cpu-F_openmp-cpu.log
non-Kokkos,miyabi,cpu,f90,openmp-cpu,,cpu-only,baseline,node=miyabi-c(Intel),64,35937,1.496291E-02,1.490399E+01,7.210672E-09,6.712508E-02,2.853963E+00,0.000000E+00,fem/results/miyabi/cpu-F_openmp-cpu.log
non-Kokkos,miyabi,cpu,f90,openmp-cpu,,cpu-only,baseline,node=miyabi-c(Intel),64,35937,1.487708E-02,1.498998E+01,7.210672E-09,6.647611E-02,2.736452E+00,0.000000E+00,fem/results/miyabi/cpu-F_openmp-cpu.log
non-Kokkos,miyabi,cpu,f90,openmp-cpu,,cpu-only,baseline,node=miyabi-c(Intel),64,274625,2.577171E-01,1.356664E+01,8.292404E-09,5.099511E-01,3.126249E+01,0.000000E+00,fem/results/miyabi/cpu-F_openmp-cpu.log
non-Kokkos,miyabi,cpu,f90,openmp-cpu,,cpu-only,baseline,node=miyabi-c(Intel),64,274625,2.582560E-01,1.353833E+01,8.292404E-09,5.190239E-01,3.187047E+01,0.000000E+00,fem/results/miyabi/cpu-F_openmp-cpu.log
non-Kokkos,miyabi,cpu,f90,openmp-cpu,,cpu-only,baseline,node=miyabi-c(Intel),64,274625,2.579160E-01,1.355618E+01,8.292404E-09,5.144689E-01,3.124763E+01,0.000000E+00,fem/results/miyabi/cpu-F_openmp-cpu.log
